month,Elegibilidad,Vulnerability_Category,Demographics.HH.Head,Demographics.Language,Demographics.Profiles,Demographics.Documentation,Needs_and_Coping.BasicNeeds,Needs_and_Coping.Housing,Needs_and_Coping.Neg.mechanism,Needs_and_Coping.Dependency,OficinaACNUR,NumIntegrantes,dependencyCategory,FemaleHeadedHousehold,CuidadorSolo,HablaEspanol,Analfabeta_si,ScoreCOMAR_PIL,ScoreIntenciones,ScoreDuplicidad,Demographics_Score,NeedsandCoping_Score,Vulnerability_Score,FinalScore,EligibilityTarget
2024-06,No Elegible por Duplicidad,Vulnerabilidad Baja,1.0,2.051104816,1.0,1.0,1.776038647,2.823478261,1.0,1.0,sotap,1,low,,,espanol_uno_mas_adultos,adultos_ninguno_analfabeta,0.0,0,0,6.609317356,17.78726377,2.693171842,24.036863632451063,EXCLUSION
2023-09,Lista de Reserva,Vulnerabilidad Moderada,2.700708215,1.0,1.249197356,1.0,1.0,2.117608696,2.580217391,1.0,foten,1,low,,,espanol_uno_mas_adultos,adultos_ninguno_analfabeta,,0,0,11.93561888,18.94985465,2.884161633,30.65974840868563,EXCLUSION
2023-11,No Elegible,Vulnerabilidad Severa,1.599560907,2.051104816,3.251728045,1.0,1.776038647,2.823478261,2.580217391,1.043888889,pcr_cdmx,3,average,jefatura_femenina,no,espanol_ningun_adulto,adultos_ninguno_analfabeta,,0,0,27.121021,32.85812825,3.724346214,59.79452340158775,EXCLUSION
2023-07,No Elegible,Vulnerabilidad Baja,2.700708215,1.0,1.0,1.0,1.0,1.498900966,1.790108696,1.0,sotap,1,low,,,espanol_uno_mas_adultos,adultos_uno_mas_analfabeta,0.0,0,0,9.472088355,10.02735341,2.561806895,19.481572780265047,EXCLUSION
2023-10,Elegible,Vulnerabilidad Moderada,1.0,1.0,1.0,1.0,1.776038647,2.823478261,1.790108696,1.0,foten,1,low,,,espanol_uno_mas_adultos,adultos_ninguno_analfabeta,,0,0,0.0,26.18890898,2.730928248,25.34612370011462,INCLUSION
2023-11,Elegible,Vulnerabilidad Elevada,1.0,1.525552408,2.578385269,1.0,1.776038647,2.117608696,2.580217391,1.0,sotap,3,average,jefatura_femenina,si,espanol_uno_mas_adultos,adultos_uno_mas_analfabeta,,0,0,13.7168894,27.40879931,3.173270511,40.685069357186286,INCLUSION
2023-10,Elegible,Vulnerabilidad Elevada,1.0,1.0,2.578385269,1.0,1.776038647,2.823478261,1.790108696,1.0,sotap,4,average,jefatura_femenina,si,espanol_uno_mas_adultos,adultos_uno_mas_analfabeta,0.0,0,0,8.975915299,26.18890898,2.998104289,34.61089292935174,INCLUSION
2024-03,No Elegible,Vulnerabilidad Moderada,1.0,1.0,2.578385269,1.564135978,1.0,2.117608696,1.790108696,1.0,sotap,2,complete,jefatura_femenina,si,espanol_uno_mas_adultos,adultos_ninguno_analfabeta,,0,0,14.01324416,14.16503897,2.812460545,28.173398221219387,EXCLUSION
2023-11,No Elegible,Vulnerabilidad Baja,1.0,1.0,1.0,1.0,1.776038647,1.0,1.790108696,1.0,sotap,8,average,jefatura_masculina,no,espanol_uno_mas_adultos,adultos_ninguno_analfabeta,0.0,0,0,0.0,12.01413641,2.33531262,11.62750948618979,EXCLUSION
2023-10,Elegible,Vulnerabilidad Elevada,1.0,1.0,2.578385269,1.0,1.776038647,2.117608696,2.580217391,1.043888889,sotap,4,average,jefatura_femenina,no,espanol_uno_mas_adultos,adultos_ninguno_analfabeta,0.0,0,0,8.975915299,28.09152966,3.051206127,36.45228537324866,INCLUSION
2024-06,No Elegible,Vulnerabilidad Elevada,2.070141643,1.0,1.0,1.0,1.776038647,2.823478261,1.790108696,1.043888889,sotap,4,low,jefatura_masculina,no,espanol_uno_mas_adultos,adultos_ninguno_analfabeta,,0,0,6.702282231,26.85846924,2.949114914,32.912105216863374,EXCLUSION
2023-06,Lista de Reserva,Vulnerabilidad Severa,2.700708215,1.0,3.251728045,1.0,1.776038647,2.117608696,2.580217391,1.043888889,fupal,1,low,,,espanol_uno_mas_adultos,adultos_uno_mas_analfabeta,0.0,0,0,24.2379543,28.09152966,3.505494188,52.20547205133984,EXCLUSION
2024-02,Lista de Reserva,Vulnerabilidad Baja,1.0,1.0,1.0,1.0,1.776038647,2.117608696,1.790108696,1.0,sotap,2,average,jefatura_femenina,si,espanol_uno_mas_adultos,adultos_ninguno_analfabeta,0.0,0,0,0.0,21.88512181,2.610810239,21.18083670503239,EXCLUSION
2024-06,No Elegible,Vulnerabilidad Baja,1.0,1.0,1.0,1.0,1.0,1.0,1.0,1.0,sotap,1,low,,,espanol_uno_mas_adultos,adultos_ninguno_analfabeta,0.0,0,0,0.0,0.0,2.0,0.0,EXCLUSION
2024-04,No Elegible,Vulnerabilidad Moderada,1.0,1.525552408,1.0,1.0,1.776038647,2.117608696,1.790108696,1.043888889,sotap,3,average,jefatura_femenina,no,espanol_uno_mas_adultos,adultos_ninguno_analfabeta,,0,0,3.741369748,22.50821784,2.739565922,25.645651649551347,EXCLUSION
2024-05,No Elegible,Vulnerabilidad Elevada,2.070141643,1.0,1.0,1.0,1.776038647,2.117608696,2.580217391,2.544987923,sotap,1,low,,,espanol_uno_mas_adultos,adultos_ninguno_analfabeta,0.0,0,0,6.702282231,44.04383881,3.428755821,49.5444324087312,EXCLUSION
2023-12,Elegible,Vulnerabilidad Moderada,1.0,2.051104816,3.251728045,1.0,1.0,1.0,1.790108696,1.043888889,sotap,1,low,,,espanol_uno_mas_adultos,adultos_ninguno_analfabeta,-500.0,0,0,20.39367297,6.061858428,2.776221171,26.9167435217761,INCLUSION
2024-05,Lista de Reserva,Vulnerabilidad Baja,2.070141643,1.0,1.0,1.0,1.0,1.498900966,1.0,1.043888889,sotap,1,low,,,espanol_uno_mas_adultos,adultos_ninguno_analfabeta,0.0,0,0,6.702282231,4.243121443,2.317924185,11.024541927318626,EXCLUSION
2023-12,Elegible,Vulnerabilidad Baja,1.0,1.0,1.0,1.0,1.776038647,2.117608696,1.0,1.0,sotap,3,average,jefatura_masculina,no,espanol_uno_mas_adultos,adultos_ninguno_analfabeta,,0,0,0.0,14.06650994,2.392594036,13.61383558362086,INCLUSION
2023-08,Elegible,Vulnerabilidad Moderada,1.0,2.051104816,1.0,1.0,1.776038647,2.117608696,1.790108696,1.0,sotap,1,low,,,espanol_uno_mas_adultos,adultos_ninguno_analfabeta,,0,0,6.609317356,21.88512181,2.807542403,28.002848502865827,INCLUSION
2023-09,Elegible,Vulnerabilidad Baja,1.0,1.0,1.0,1.0,1.0,2.117608696,1.790108696,1.0,sotap,1,low,,,espanol_uno_mas_adultos,adultos_ninguno_analfabeta,0.0,0,0,0.0,14.16503897,2.395343965,13.709193850906429,INCLUSION
2023-08,No Elegible por Intenciones,Vulnerabilidad Baja,1.0,2.051104816,1.0,1.0,1.0,1.498900966,1.0,1.0,fupal,1,low,,,espanol_uno_mas_adultos,adultos_ninguno_analfabeta,,0,0,6.609317356,3.815111519,2.303211315,10.514349213040497,EXCLUSION
2023-10,No Elegible,Vulnerabilidad Severa,2.700708215,2.051104816,2.578385269,1.564135978,1.0,2.117608696,1.0,2.544987923,pcr_cdmx,3,average,jefatura_femenina,no,espanol_ningun_adulto,adultos_ninguno_analfabeta,,0,0,39.44321718,18.76190405,3.697703903,58.87066656783652,EXCLUSION
2023-06,No Elegible,Vulnerabilidad Baja,1.0,1.0,1.0,1.0,1.0,2.117608696,1.790108696,1.0,sotap,1,low,,,espanol_uno_mas_adultos,adultos_ninguno_analfabeta,,0,0,0.0,14.16503897,2.395343965,13.709193850906429,EXCLUSION
2024-02,No Elegible,Vulnerabilidad Baja,2.070141643,1.0,1.0,1.0,1.0,1.0,1.790108696,1.043888889,pcr_cdmx,5,low,jefatura_masculina,no,espanol_uno_mas_adultos,adultos_ninguno_analfabeta,-500.0,0,0,6.702282231,6.061858428,2.368684842,12.78475013740434,EXCLUSION
2023-08,Elegible,Vulnerabilidad Severa,2.700708215,1.0,2.578385269,1.0,1.776038647,2.823478261,2.580217391,1.0,fupal,5,high,jefatura_femenina,si,espanol_uno_mas_adultos,adultos_uno_mas_analfabeta,,-500,0,20.97871872,32.12448674,3.521039349,52.74452349934838,INCLUSION
2023-08,No Elegible,Vulnerabilidad Baja,1.0,1.0,1.0,1.0,1.0,2.117608696,1.790108696,1.0,pcr_cdmx,2,average,jefatura_masculina,si,espanol_uno_mas_adultos,adultos_ninguno_analfabeta,,0,0,0.0,14.16503897,2.395343965,13.709193850906429,EXCLUSION
2024-04,Lista de Reserva,Vulnerabilidad Moderada,1.0,1.0,2.578385269,1.0,1.776038647,2.117608696,1.790108696,1.0,foten,3,average,jefatura_masculina,no,espanol_uno_mas_adultos,adultos_ninguno_analfabeta,-500.0,0,0,8.975915299,21.88512181,2.877986279,30.44560593426951,EXCLUSION
2023-07,No Elegible por Duplicidad,Vulnerabilidad Moderada,2.700708215,1.0,2.578385269,1.0,1.0,1.498900966,1.0,1.0,sotap,1,low,,,espanol_ningun_adulto,adultos_ninguno_analfabeta,0.0,0,0,20.97871872,3.815111519,2.730929228,25.34617228233538,EXCLUSION
2024-02,No Elegible,Vulnerabilidad Baja,1.0,1.0,1.0,1.0,1.0,2.117608696,1.790108696,1.0,sotap,3,low,jefatura_masculina,no,espanol_uno_mas_adultos,adultos_ninguno_analfabeta,0.0,0,0,0.0,14.16503897,2.395343965,13.709193850906429,EXCLUSION
2024-06,No Elegible,Vulnerabilidad Moderada,1.0,1.0,1.0,1.0,1.776038647,2.117608696,2.580217391,1.0,sotap,2,low,jefatura_masculina,no,espanol_uno_mas_adultos,adultos_ninguno_analfabeta,,0,0,0.0,27.40879931,2.764975192,26.526756739404888,EXCLUSION
2024-06,Lista de Reserva,Vulnerabilidad Elevada,2.070141643,1.0,1.0,1.0,1.776038647,1.498900966,2.580217391,2.544987923,sotap,1,low,,,espanol_uno_mas_adultos,adultos_ninguno_analfabeta,,0,0,6.702282231,37.43330939,3.244257006,43.14663643599621,EXCLUSION
2024-03,Elegible,Vulnerabilidad Baja,1.0,1.0,1.0,1.0,1.776038647,1.498900966,1.790108696,1.0,sotap,1,low,,,espanol_uno_mas_adultos,adultos_ninguno_analfabeta,0.0,0,0,0.0,17.10850297,2.477495573,16.55793423592243,INCLUSION
2024-06,No Elegible,Vulnerabilidad Elevada,2.070141643,1.0,1.0,1.0,1.776038647,2.823478261,2.580217391,1.738466184,sotap,2,average,jefatura_masculina,no,espanol_ningun_adulto,adultos_uno_mas_analfabeta,0.0,0,0,6.702282231,42.19960637,3.37728359,47.75954921288284,EXCLUSION
2024-01,No Elegible,Vulnerabilidad Moderada,1.0,2.051104816,1.0,1.0,1.0,2.117608696,2.580217391,1.0,sotap,3,average,jefatura_femenina,si,espanol_uno_mas_adultos,adultos_ninguno_analfabeta,,0,0,6.609317356,18.94985465,2.725619567,25.162041175341784,EXCLUSION
2023-10,No Elegible,Vulnerabilidad Elevada,2.070141643,1.0,1.0,1.0,1.776038647,1.498900966,2.580217391,2.544987923,foten,1,low,,,espanol_uno_mas_adultos,adultos_ninguno_analfabeta,-500.0,0,0,6.702282231,37.43330939,3.244257006,43.14663643599621,EXCLUSION
2023-12,Elegible,Vulnerabilidad Baja,1.0,1.0,1.0,1.0,1.0,2.117608696,1.790108696,1.0,sotap,3,average,jefatura_femenina,no,espanol_uno_mas_adultos,adultos_ninguno_analfabeta,0.0,0,0,0.0,14.16503897,2.395343965,13.709193850906429,INCLUSION
2023-09,Elegible,Vulnerabilidad Severa,2.700708215,1.0,2.578385269,1.0,1.776038647,2.823478261,2.580217391,1.0,fupal,1,low,,,espanol_uno_mas_adultos,adultos_uno_mas_analfabeta,,0,0,20.97871872,32.12448674,3.521039349,52.74452349934838,INCLUSION
2023-09,No Elegible,Vulnerabilidad Severa,2.700708215,1.0,2.578385269,1.0,1.776038647,2.117608696,1.790108696,2.544987923,sotap,4,complete,jefatura_femenina,si,espanol_uno_mas_adultos,adultos_ninguno_analfabeta,0.0,0,0,20.97871872,37.06714366,3.658988111,57.52812077700585,EXCLUSION
2023-08,Elegible,Vulnerabilidad Elevada,1.0,1.0,2.578385269,1.0,1.776038647,2.823478261,2.580217391,1.043888889,sotap,4,average,jefatura_femenina,si,espanol_uno_mas_adultos,adultos_ninguno_analfabeta,,0,0,8.975915299,32.85812825,3.184241129,41.06549005402387,INCLUSION
2024-04,Lista de Reserva,Vulnerabilidad Elevada,2.070141643,1.0,2.578385269,1.0,1.776038647,2.117608696,2.580217391,1.043888889,sotap,3,average,jefatura_masculina,no,espanol_uno_mas_adultos,adultos_ninguno_analfabeta,0.0,0,0,17.46888676,28.09152966,3.304006918,45.2185691488351,EXCLUSION
2024-04,No Elegible,Vulnerabilidad Severa,2.700708215,1.525552408,3.251728045,1.0,1.776038647,2.823478261,2.580217391,1.043888889,sotap,1,low,,,espanol_ningun_adulto,adultos_ninguno_analfabeta,0.0,0,0,30.67858802,32.85812825,3.830240336,63.46657648585837,EXCLUSION
2024-06,No Elegible,Vulnerabilidad Moderada,1.0,1.0,1.0,1.0,1.776038647,2.823478261,1.790108696,1.0,sotap,3,low,jefatura_masculina,no,espanol_uno_mas_adultos,adultos_ninguno_analfabeta,0.0,0,0,0.0,26.18890898,2.730928248,25.34612370011462,EXCLUSION
2023-09,Elegible,Vulnerabilidad Baja,1.0,1.0,1.0,1.0,1.776038647,1.0,2.580217391,1.043888889,sotap,1,low,,,espanol_uno_mas_adultos,adultos_uno_mas_analfabeta,,0,0,0.0,17.15905947,2.478906597,16.60686377719593,INCLUSION
2024-01,No Elegible,Vulnerabilidad Elevada,1.0,1.525552408,2.578385269,1.0,1.776038647,2.117608696,1.790108696,1.0,sotap,2,average,jefatura_masculina,no,espanol_uno_mas_adultos,adultos_ninguno_analfabeta,,0,0,13.7168894,21.88512181,3.019105558,35.33914932281379,EXCLUSION
2023-07,Lista de Reserva,Vulnerabilidad Baja,1.0,1.0,1.0,1.0,1.0,2.117608696,1.0,1.0,sotap,4,average,jefatura_femenina,no,espanol_uno_mas_adultos,adultos_ninguno_analfabeta,,0,0,0.0,7.392265486,2.206316944,7.154374990395034,EXCLUSION
2023-09,Elegible,Vulnerabilidad Elevada,2.070141643,1.0,1.0,1.0,1.776038647,2.823478261,2.580217391,1.043888889,sotap,3,complete,jefatura_femenina,si,espanol_uno_mas_adultos,adultos_ninguno_analfabeta,0.0,0,0,6.702282231,32.85812825,3.116564434,38.71868920026256,INCLUSION
2023-10,No Elegible,Vulnerabilidad Moderada,1.0,1.0,1.0,1.564135978,1.776038647,2.823478261,2.580217391,1.0,fupal,1,low,,,espanol_uno_mas_adultos,adultos_ninguno_analfabeta,,0,0,3.975239986,32.12448674,3.014915798,35.19385581620953,EXCLUSION
2024-04,No Elegible,Vulnerabilidad Severa,2.070141643,1.0,2.578385269,1.0,1.776038647,2.823478261,2.580217391,2.544987923,sotap,2,complete,jefatura_femenina,si,espanol_uno_mas_adultos,adultos_ninguno_analfabeta,,0,0,17.46888676,50.0,3.915468811,66.42200300482355,EXCLUSION
2024-04,Elegible,Vulnerabilidad Elevada,2.070141643,1.525552408,1.0,1.0,1.776038647,2.823478261,1.790108696,1.043888889,fupal,1,low,,,espanol_ningun_adulto,adultos_ninguno_analfabeta,,0,0,11.1900528,26.85846924,3.082697365,37.54429673054436,INCLUSION
2024-06,No Elegible,Vulnerabilidad Moderada,1.0,1.0,1.0,1.0,1.776038647,1.498900966,2.580217391,1.738466184,fupal,1,low,,,espanol_ningun_adulto,adultos_ninguno_analfabeta,0.0,-500,0,0.0,30.77500505,2.858925454,29.78463461248595,EXCLUSION
2023-08,No Elegible,Vulnerabilidad Elevada,2.070141643,1.0,2.578385269,1.0,1.776038647,2.117608696,1.790108696,1.043888889,sotap,1,low,,,espanol_uno_mas_adultos,adultos_ninguno_analfabeta,,0,0,17.46888676,22.50821784,3.148177581,39.81493388651453,EXCLUSION
2024-04,Elegible,Vulnerabilidad Elevada,1.0,1.0,1.0,1.0,1.776038647,2.823478261,2.580217391,1.043888889,sotap,2,average,jefatura_femenina,si,espanol_uno_mas_adultos,adultos_ninguno_analfabeta,,0,0,0.0,32.85812825,2.917065088,31.80072082478675,INCLUSION
2024-04,No Elegible,Vulnerabilidad Elevada,1.0,1.0,2.578385269,1.564135978,1.776038647,2.823478261,1.0,1.0,sotap,3,average,jefatura_femenina,no,espanol_uno_mas_adultos,adultos_uno_mas_analfabeta,0.0,0,0,14.01324416,17.78726377,2.913556258,31.67905620493059,EXCLUSION
2024-03,No Elegible,Vulnerabilidad Moderada,1.0,1.0,1.0,1.0,1.776038647,2.823478261,1.790108696,1.0,sotap,1,low,,,espanol_uno_mas_adultos,adultos_ninguno_analfabeta,0.0,0,0,0.0,26.18890898,2.730928248,25.34612370011462,EXCLUSION
2023-07,Lista de Reserva,Vulnerabilidad Baja,1.0,1.0,1.0,1.0,1.0,1.498900966,1.0,1.0,pcr_cdmx,1,low,,,espanol_uno_mas_adultos,adultos_ninguno_analfabeta,,0,0,0.0,3.815111519,2.10647915,3.692337415207061,EXCLUSION
2023-09,Elegible,Vulnerabilidad Baja,1.0,1.0,1.0,1.0,1.0,2.117608696,1.790108696,1.0,sotap,1,low,,,espanol_uno_mas_adultos,adultos_ninguno_analfabeta,0.0,0,0,0.0,14.16503897,2.395343965,13.709193850906429,INCLUSION
2023-12,Elegible,Vulnerabilidad Elevada,1.0,1.525552408,1.0,1.564135978,1.776038647,2.823478261,1.790108696,1.0,fupal,1,low,,,espanol_uno_mas_adultos,adultos_uno_mas_analfabeta,,0,0,8.159313021,26.18890898,2.973797402,33.768011573443424,INCLUSION
2024-05,Lista de Reserva,Vulnerabilidad Baja,1.0,1.0,3.251728045,1.0,1.776038647,1.0,1.790108696,1.0,sotap,1,low,,,espanol_uno_mas_adultos,adultos_ninguno_analfabeta,0.0,0,0,11.51832969,12.01413641,2.678165869,23.51651054394368,EXCLUSION
2023-08,No Elegible por Duplicidad,Vulnerabilidad Moderada,2.070141643,1.0,1.0,1.0,1.776038647,2.117608696,1.790108696,1.043888889,sotap,1,low,,,espanol_uno_mas_adultos,adultos_ninguno_analfabeta,0.0,0,0,6.702282231,22.50821784,2.827700095,28.70184925716677,EXCLUSION
2024-05,No Elegible,Vulnerabilidad Baja,1.0,1.0,1.0,1.564135978,1.776038647,1.0,2.580217391,1.043888889,sotap,1,low,,,espanol_uno_mas_adultos,adultos_ninguno_analfabeta,,0,0,3.975239986,17.15905947,2.597233124,20.7100309611854,EXCLUSION
2023-07,Elegible,Vulnerabilidad Elevada,1.0,2.051104816,2.578385269,1.0,1.776038647,2.823478261,1.790108696,1.0,foten,1,low,,,espanol_ningun_adulto,adultos_uno_mas_analfabeta,,0,0,17.3510839,26.18890898,3.247398574,43.25558283110052,INCLUSION
2024-03,No Elegible,Vulnerabilidad Moderada,1.0,1.0,1.0,1.0,1.776038647,2.823478261,1.790108696,1.0,sotap,1,low,,,espanol_uno_mas_adultos,adultos_uno_mas_analfabeta,,0,0,0.0,26.18890898,2.730928248,25.34612370011462,EXCLUSION
2024-05,No Elegible,Vulnerabilidad Baja,2.070141643,1.0,1.0,1.0,1.0,1.498900966,1.0,1.043888889,sotap,5,average,jefatura_masculina,no,espanol_uno_mas_adultos,adultos_ninguno_analfabeta,0.0,0,0,6.702282231,4.243121443,2.317924185,11.024541927318626,EXCLUSION
2024-01,Elegible por Proceso Acelerado,Vulnerabilidad Baja,1.0,1.0,2.578385269,1.0,1.776038647,1.0,1.790108696,1.0,sotap,1,low,,,espanol_uno_mas_adultos,adultos_ninguno_analfabeta,,0,0,8.975915299,12.01413641,2.602488661,20.89227871542691,INCLUSION
2024-01,No Elegible,Vulnerabilidad Baja,1.0,1.0,2.578385269,1.0,1.0,1.0,1.790108696,1.043888889,sotap,1,low,,,espanol_ningun_adulto,adultos_ninguno_analfabeta,0.0,0,0,8.975915299,6.061858428,2.436361537,15.13155099116565,EXCLUSION
2024-05,No Elegible por Intenciones,Vulnerabilidad Moderada,1.0,1.0,1.0,1.0,1.776038647,2.117608696,2.580217391,1.043888889,fomon,1,low,,,espanol_uno_mas_adultos,adultos_ninguno_analfabeta,,0,0,0.0,28.09152966,2.784030087,27.18751614401154,EXCLUSION
2024-07,No Elegible,Vulnerabilidad Elevada,1.0,2.051104816,1.0,1.0,1.776038647,2.823478261,2.580217391,1.0,sotap,3,average,jefatura_femenina,si,espanol_uno_mas_adultos,adultos_uno_mas_analfabeta,0.0,0,0,6.609317356,32.12448674,3.093321436,37.9127004300535,EXCLUSION
2023-12,No Elegible,Vulnerabilidad Baja,1.0,1.0,1.0,1.0,1.0,1.0,1.790108696,1.043888889,,1,low,,,espanol_uno_mas_adultos,adultos_uno_mas_analfabeta,0.0,0,0,0.0,6.061858428,2.169185496,5.866781761928531,EXCLUSION
2024-04,No Elegible,Vulnerabilidad Severa,2.700708215,1.0,3.251728045,1.0,1.776038647,2.823478261,1.790108696,2.544987923,sotap,2,average,jefatura_femenina,si,espanol_uno_mas_adultos,adultos_uno_mas_analfabeta,,0,0,24.2379543,42.50305317,3.907717497,66.15321832326453,EXCLUSION
2024-01,No Elegible,Vulnerabilidad Elevada,1.0,1.0,2.578385269,1.0,1.776038647,2.823478261,1.790108696,1.043888889,sotap,3,complete,jefatura_femenina,si,espanol_uno_mas_adultos,adultos_ninguno_analfabeta,,-500,0,8.975915299,26.85846924,3.016791609,35.25890607062468,EXCLUSION
2024-04,No Elegible,Vulnerabilidad Elevada,2.070141643,1.0,1.0,1.0,1.776038647,2.823478261,2.580217391,1.043888889,sotap,2,complete,jefatura_femenina,si,espanol_uno_mas_adultos,adultos_ninguno_analfabeta,0.0,0,0,6.702282231,32.85812825,3.116564434,38.71868920026256,EXCLUSION
2023-06,No Elegible,Vulnerabilidad Baja,1.0,1.0,1.0,1.0,1.0,1.498900966,1.790108696,1.0,sotap,2,low,jefatura_masculina,no,espanol_ningun_adulto,adultos_ninguno_analfabeta,,0,0,0.0,10.02735341,2.279861825,9.70466314991279,EXCLUSION
2023-10,Elegible,Vulnerabilidad Moderada,2.070141643,1.0,1.0,1.0,1.776038647,1.498900966,2.580217391,1.043888889,sotap,2,low,jefatura_masculina,no,espanol_uno_mas_adultos,adultos_ninguno_analfabeta,0.0,0,0,6.702282231,22.80125306,2.835878661,28.985454310751948,INCLUSION
2023-06,No Elegible,Vulnerabilidad Moderada,1.0,1.525552408,2.578385269,1.0,1.776038647,1.498900966,1.790108696,1.0,sotap,1,low,,,espanol_uno_mas_adultos,adultos_ninguno_analfabeta,500.0,0,0,13.7168894,17.10850297,2.885790892,30.71624685370383,EXCLUSION
2023-10,Elegible,Vulnerabilidad Baja,1.0,1.525552408,1.249197356,1.0,1.0,1.0,1.790108696,1.0,sotap,1,low,,,espanol_uno_mas_adultos,adultos_ninguno_analfabeta,-500.0,0,0,5.877094669,5.614422911,2.331634552,11.499970619844198,INCLUSION
2023-11,No Elegible,Vulnerabilidad Moderada,2.700708215,1.0,2.578385269,1.0,1.776038647,1.0,1.0,1.0,futij,3,low,jefatura_femenina,no,espanol_uno_mas_adultos,adultos_ninguno_analfabeta,0.0,0,0,20.97871872,5.532745347,2.778868113,27.008530936116514,EXCLUSION
2023-10,No Elegible,Vulnerabilidad Moderada,1.0,1.0,1.0,1.0,1.776038647,2.823478261,1.790108696,1.043888889,sotap,1,low,,,espanol_uno_mas_adultos,adultos_ninguno_analfabeta,0.0,0,0,0.0,26.85846924,2.749615568,25.99413684138756,EXCLUSION
2024-06,Lista de Reserva,Vulnerabilidad Elevada,2.070141643,1.0,2.578385269,1.0,1.776038647,2.823478261,2.580217391,1.043888889,fupal,4,average,jefatura_femenina,no,espanol_uno_mas_adultos,adultos_uno_mas_analfabeta,,0,0,17.46888676,32.85812825,3.43704192,49.83177382961031,EXCLUSION
2024-01,No Elegible,Vulnerabilidad Baja,1.0,2.051104816,1.0,1.0,1.776038647,1.0,1.790108696,1.0,pcr_cdmx,1,low,,,espanol_uno_mas_adultos,adultos_ninguno_analfabeta,,0,0,6.609317356,12.01413641,2.532044784,18.449521284023227,EXCLUSION
2023-10,Lista de Reserva,Vulnerabilidad Baja,1.0,1.0,1.0,1.0,1.776038647,2.823478261,1.0,1.0,pcr_cdmx,4,average,jefatura_masculina,no,espanol_uno_mas_adultos,adultos_ninguno_analfabeta,0.0,0,0,0.0,17.78726377,2.496439678,17.21485183461763,EXCLUSION
2023-08,No Elegible,Vulnerabilidad Moderada,1.0,1.0,1.0,1.0,1.776038647,2.823478261,2.580217391,1.0,sotap,1,low,,,espanol_ningun_adulto,adultos_ninguno_analfabeta,,0,0,0.0,32.12448674,2.896589272,31.09068863222006,EXCLUSION
2023-11,Lista de Reserva,Vulnerabilidad Moderada,2.070141643,1.0,2.578385269,1.0,1.0,1.498900966,1.790108696,1.043888889,sotap,2,average,jefatura_masculina,no,espanol_uno_mas_adultos,adultos_ninguno_analfabeta,,0,0,17.46888676,10.52243148,2.813656206,28.214862117365684,EXCLUSION
2023-09,No Elegible,Vulnerabilidad Elevada,1.0,1.0,1.0,1.0,1.776038647,2.823478261,2.580217391,1.043888889,fupal,1,low,,,espanol_ningun_adulto,adultos_uno_mas_analfabeta,,0,0,0.0,32.85812825,2.917065088,31.80072082478675,EXCLUSION
2023-07,No Elegible,Vulnerabilidad Baja,1.0,1.0,1.0,1.0,1.776038647,1.0,2.580217391,1.0,sotap,4,low,jefatura_masculina,no,espanol_ningun_adulto,adultos_ninguno_analfabeta,,0,0,0.0,16.59309681,2.46311067,16.059114361557388,EXCLUSION
2024-06,Lista de Reserva,Vulnerabilidad Baja,2.070141643,1.0,1.0,1.0,1.0,1.0,1.790108696,1.043888889,pcr_cdmx,1,low,,,espanol_uno_mas_adultos,adultos_ninguno_analfabeta,0.0,0,0,6.702282231,6.061858428,2.368684842,12.78475013740434,EXCLUSION
2023-08,No Elegible,Vulnerabilidad Baja,1.0,1.0,1.0,1.0,1.0,1.0,1.790108696,1.0,fupal,3,low,jefatura_masculina,si,espanol_uno_mas_adultos,adultos_ninguno_analfabeta,,0,0,0.0,5.614422911,2.156697643,5.433745167301109,EXCLUSION
2024-03,Lista de Reserva,Vulnerabilidad Elevada,1.0,1.0,1.0,1.0,1.776038647,2.823478261,2.580217391,1.043888889,sotap,1,low,,,espanol_uno_mas_adultos,adultos_ninguno_analfabeta,0.0,0,0,0.0,32.85812825,2.917065088,31.80072082478675,EXCLUSION
2023-06,Lista de Reserva,Vulnerabilidad Moderada,1.0,1.0,2.578385269,1.0,1.776038647,1.498900966,1.790108696,1.0,sotap,1,low,,,espanol_uno_mas_adultos,adultos_ninguno_analfabeta,,0,0,8.975915299,17.10850297,2.744671614,25.82270346515955,EXCLUSION
2024-05,No Elegible,Vulnerabilidad Baja,1.0,1.0,1.0,1.0,1.0,1.0,1.790108696,1.043888889,fupal,1,low,,,espanol_uno_mas_adultos,adultos_ninguno_analfabeta,,0,0,0.0,6.061858428,2.169185496,5.866781761928531,EXCLUSION
2023-06,No Elegible,Vulnerabilidad Moderada,1.0,1.0,1.0,1.0,1.776038647,2.117608696,2.580217391,1.043888889,sotap,6,average,jefatura_femenina,no,espanol_uno_mas_adultos,adultos_ninguno_analfabeta,,0,0,0.0,28.09152966,2.784030087,27.18751614401154,EXCLUSION
2023-06,No Elegible,Vulnerabilidad Elevada,1.0,1.0,2.578385269,1.0,1.776038647,2.117608696,2.580217391,1.738466184,sotap,5,high,jefatura_masculina,no,espanol_uno_mas_adultos,adultos_ninguno_analfabeta,0.0,0,0,8.975915299,36.78475459,3.29383264,44.86575363177633,EXCLUSION
2023-08,Elegible,Vulnerabilidad Baja,1.0,1.0,1.0,1.0,1.0,1.0,1.0,1.0,fupal,1,low,,,espanol_uno_mas_adultos,adultos_ninguno_analfabeta,,-500,0,0.0,0.0,2.0,0.0,INCLUSION
2024-05,No Elegible por Intenciones,Vulnerabilidad Baja,1.0,1.0,1.0,1.0,1.776038647,1.0,1.790108696,1.0,pcr_cdmx,1,low,,,espanol_ningun_adulto,adultos_ninguno_analfabeta,,0,0,0.0,12.01413641,2.33531262,11.62750948618979,EXCLUSION
2023-08,Lista de Reserva,Vulnerabilidad Elevada,1.0,1.0,2.578385269,1.0,1.776038647,2.117608696,2.580217391,1.0,fupal,4,average,jefatura_masculina,no,espanol_uno_mas_adultos,adultos_ninguno_analfabeta,0.0,0,0,8.975915299,27.40879931,3.032151233,35.791525968642006,EXCLUSION
2024-01,Lista de Reserva,Vulnerabilidad Baja,1.0,1.0,1.0,1.0,1.0,1.0,1.790108696,1.0,sotap,1,low,,,espanol_uno_mas_adultos,adultos_ninguno_analfabeta,,0,0,0.0,5.614422911,2.156697643,5.433745167301109,EXCLUSION
2023-11,Lista de Reserva,Vulnerabilidad Elevada,1.0,2.051104816,2.578385269,1.0,1.776038647,2.117608696,1.790108696,1.0,sotap,2,complete,jefatura_femenina,si,espanol_uno_mas_adultos,adultos_ninguno_analfabeta,,0,0,17.3510839,21.88512181,3.127280564,39.090295836018285,EXCLUSION
2024-04,No Elegible,Vulnerabilidad Elevada,2.070141643,1.0,1.0,1.0,1.776038647,1.498900966,2.580217391,2.544987923,sotap,2,average,jefatura_femenina,si,espanol_uno_mas_adultos,adultos_uno_mas_analfabeta,,0,0,6.702282231,37.43330939,3.244257006,43.14663643599621,EXCLUSION
2023-09,Lista de Reserva,Vulnerabilidad Moderada,1.0,1.0,1.0,1.0,1.776038647,2.823478261,1.790108696,1.0,sotap,4,average,jefatura_femenina,no,espanol_uno_mas_adultos,adultos_ninguno_analfabeta,0.0,0,0,0.0,26.18890898,2.730928248,25.34612370011462,EXCLUSION
2024-03,No Elegible,Vulnerabilidad Moderada,2.700708215,1.525552408,1.0,1.0,1.776038647,1.0,2.580217391,1.0,sotap,1,low,,,espanol_uno_mas_adultos,adultos_ninguno_analfabeta,,0,0,14.26831886,16.59309681,2.887819773,30.78660199079105,EXCLUSION
2024-02,No Elegible,Vulnerabilidad Moderada,1.0,1.0,1.0,1.0,1.776038647,2.823478261,2.580217391,1.0,foten,1,low,,,espanol_uno_mas_adultos,adultos_ninguno_analfabeta,,0,0,0.0,32.12448674,2.896589272,31.09068863222006,EXCLUSION
2024-06,No Elegible,Vulnerabilidad Elevada,1.0,1.0,2.578385269,1.0,1.0,2.117608696,2.580217391,1.738466184,pcr_cdmx,1,low,,,espanol_uno_mas_adultos,adultos_ninguno_analfabeta,0.0,0,0,8.975915299,27.07165714,3.022741649,35.46523337081478,EXCLUSION
2023-06,Lista de Reserva,Vulnerabilidad Moderada,1.0,1.0,1.0,1.0,1.776038647,2.117608696,2.580217391,1.0,,2,average,jefatura_masculina,si,espanol_ningun_adulto,adultos_uno_mas_analfabeta,,0,0,0.0,27.40879931,2.764975192,26.526756739404888,EXCLUSION
2023-12,No Elegible,Vulnerabilidad Moderada,1.0,1.0,1.0,1.0,1.776038647,2.823478261,1.790108696,1.0,foten,3,average,jefatura_masculina,no,espanol_ningun_adulto,adultos_uno_mas_analfabeta,,0,0,0.0,26.18890898,2.730928248,25.34612370011462,EXCLUSION
2024-04,Lista de Reserva,Vulnerabilidad Elevada,2.070141643,1.0,2.578385269,1.0,1.776038647,1.0,2.580217391,2.544987923,sotap,1,low,,,espanol_uno_mas_adultos,adultos_ninguno_analfabeta,0.0,0,0,17.46888676,30.38303782,3.367962543,47.43633428473814,EXCLUSION
2024-02,Elegible,Vulnerabilidad Moderada,1.0,1.0,1.0,1.0,1.776038647,2.823478261,2.580217391,1.0,sotap,4,average,jefatura_masculina,no,espanol_uno_mas_adultos,adultos_ninguno_analfabeta,,0,0,0.0,32.12448674,2.896589272,31.09068863222006,INCLUSION
2023-06,Lista de Reserva,Vulnerabilidad Baja,1.0,1.0,1.0,1.0,1.0,1.498900966,1.0,1.0,sotap,2,average,jefatura_femenina,no,espanol_uno_mas_adultos,adultos_ninguno_analfabeta,-500.0,0,0,0.0,3.815111519,2.10647915,3.692337415207061,EXCLUSION
2024-03,Elegible,Vulnerabilidad Moderada,1.0,1.525552408,1.0,1.0,1.776038647,2.823478261,2.580217391,1.0,foten,1,low,,,espanol_uno_mas_adultos,adultos_ninguno_analfabeta,,0,0,3.741369748,32.12448674,3.007954444,34.95245940008045,INCLUSION
2023-12,Elegible,Vulnerabilidad Baja,2.700708215,1.0,1.249197356,1.0,1.0,1.0,1.790108696,1.0,sotap,1,low,,,espanol_uno_mas_adultos,adultos_ninguno_analfabeta,0.0,0,0,11.93561888,5.614422911,2.511971873,17.75346419847839,INCLUSION
2023-08,Elegible,Vulnerabilidad Moderada,2.700708215,1.0,2.578385269,1.0,1.0,1.498900966,1.0,1.0,foten,1,low,,,espanol_uno_mas_adultos,adultos_ninguno_analfabeta,,0,0,20.97871872,3.815111519,2.730929228,25.34617228233538,INCLUSION
2023-10,No Elegible,Vulnerabilidad Baja,1.0,1.0,1.0,1.0,1.776038647,1.0,1.790108696,1.0,sotap,2,average,jefatura_femenina,si,espanol_uno_mas_adultos,adultos_ninguno_analfabeta,0.0,0,0,0.0,12.01413641,2.33531262,11.62750948618979,EXCLUSION
2023-10,Lista de Reserva,Vulnerabilidad Baja,1.0,1.0,1.0,1.0,1.0,1.498900966,1.0,1.0,sotap,1,low,,,espanol_uno_mas_adultos,adultos_ninguno_analfabeta,-500.0,0,0,0.0,3.815111519,2.10647915,3.692337415207061,EXCLUSION
2023-10,No Elegible,Vulnerabilidad Elevada,2.700708215,1.0,1.249197356,1.0,1.776038647,2.823478261,2.580217391,1.043888889,sotap,1,low,,,espanol_uno_mas_adultos,adultos_ninguno_analfabeta,0.0,0,0,11.93561888,32.85812825,3.272339318,44.12043985596403,EXCLUSION
2024-05,No Elegible,Vulnerabilidad Baja,1.0,1.0,1.0,1.0,1.776038647,1.498900966,1.790108696,1.0,sotap,2,average,jefatura_femenina,si,espanol_uno_mas_adultos,adultos_ninguno_analfabeta,-500.0,0,0,0.0,17.10850297,2.477495573,16.55793423592243,EXCLUSION
2023-12,Elegible,Vulnerabilidad Moderada,1.0,1.0,1.0,1.0,1.776038647,2.823478261,2.580217391,1.0,sotap,1,low,,,espanol_uno_mas_adultos,adultos_ninguno_analfabeta,0.0,0,0,0.0,32.12448674,2.896589272,31.09068863222006,INCLUSION
2023-08,Lista de Reserva,Vulnerabilidad Baja,1.0,1.0,1.0,1.0,1.776038647,1.498900966,1.790108696,1.0,pcr_cdmx,1,low,,,espanol_uno_mas_adultos,adultos_ninguno_analfabeta,0.0,0,0,0.0,17.10850297,2.477495573,16.55793423592243,EXCLUSION
2024-05,No Elegible,Vulnerabilidad Elevada,2.700708215,1.0,3.251728045,1.0,1.776038647,1.0,1.790108696,2.544987923,sotap,1,low,,,espanol_uno_mas_adultos,adultos_ninguno_analfabeta,,0,0,24.2379543,24.59957006,3.408034155,48.82588720322744,EXCLUSION
2024-05,Lista de Reserva,Vulnerabilidad Moderada,1.0,1.525552408,2.578385269,1.0,1.776038647,1.498900966,1.790108696,1.0,futij,1,low,,,espanol_ningun_adulto,adultos_ninguno_analfabeta,,0,0,13.7168894,17.10850297,2.885790892,30.71624685370383,EXCLUSION
2024-05,Lista de Reserva,Vulnerabilidad Elevada,1.0,2.051104816,2.578385269,1.0,1.776038647,2.823478261,2.580217391,1.0,pcr_cdmx,2,average,jefatura_femenina,si,espanol_ningun_adulto,adultos_ninguno_analfabeta,0.0,0,0,17.3510839,32.12448674,3.413059597,49.00014776320596,EXCLUSION
2024-02,No Elegible,Vulnerabilidad Moderada,1.0,1.0,1.0,1.0,1.776038647,2.117608696,2.580217391,1.0,sotap,1,low,,,espanol_ningun_adulto,adultos_ninguno_analfabeta,0.0,0,0,0.0,27.40879931,2.764975192,26.526756739404888,EXCLUSION
2024-01,Elegible,Vulnerabilidad Baja,2.700708215,1.0,1.0,1.0,1.776038647,1.0,1.790108696,1.0,sotap,3,average,jefatura_masculina,si,espanol_ningun_adulto,adultos_ninguno_analfabeta,0.0,0,0,9.472088355,12.01413641,2.61725769,21.404419116542044,INCLUSION
2024-04,No Elegible,Vulnerabilidad Moderada,1.0,1.0,2.578385269,1.0,1.776038647,1.498900966,2.580217391,1.0,sotap,3,average,jefatura_femenina,no,espanol_ningun_adulto,adultos_ninguno_analfabeta,,0,0,8.975915299,22.17502718,2.886077492,30.726181859557546,EXCLUSION
2023-09,No Elegible,Vulnerabilidad Elevada,1.0,1.525552408,2.578385269,1.0,1.776038647,2.823478261,2.580217391,1.043888889,pcr_cdmx,2,average,jefatura_masculina,si,espanol_uno_mas_adultos,adultos_uno_mas_analfabeta,,0,0,13.7168894,32.85812825,3.325360407,45.95903344256815,EXCLUSION
2024-05,No Elegible,Vulnerabilidad Elevada,2.700708215,1.0,3.251728045,1.0,1.776038647,1.0,2.580217391,1.0,sotap,1,low,,,espanol_uno_mas_adultos,adultos_ninguno_analfabeta,,0,0,24.2379543,16.59309681,3.184574771,41.07707026888569,EXCLUSION
2024-05,No Elegible,Vulnerabilidad Elevada,2.070141643,1.0,1.0,1.0,1.776038647,2.823478261,2.580217391,1.043888889,sotap,3,low,jefatura_masculina,no,espanol_uno_mas_adultos,adultos_ninguno_analfabeta,0.0,0,0,6.702282231,32.85812825,3.116564434,38.71868920026256,EXCLUSION
2023-10,Elegible,Vulnerabilidad Moderada,2.070141643,1.0,1.0,1.0,1.776038647,1.0,1.790108696,2.544987923,sotap,4,average,jefatura_masculina,no,espanol_uno_mas_adultos,adultos_ninguno_analfabeta,,-500,0,6.702282231,24.59957006,2.8860694,30.725899671374957,INCLUSION
2023-07,No Elegible,Vulnerabilidad Elevada,2.070141643,1.0,2.578385269,1.0,1.0,2.117608696,1.790108696,1.043888889,sotap,2,low,jefatura_femenina,no,espanol_uno_mas_adultos,adultos_ninguno_analfabeta,0.0,0,-500,17.46888676,14.70478802,2.930385106,32.26262624155194,EXCLUSION
2024-05,No Elegible,Vulnerabilidad Elevada,1.0,1.0,2.578385269,1.0,1.776038647,2.823478261,2.580217391,1.0,pcr_cdmx,1,low,,,espanol_uno_mas_adultos,adultos_ninguno_analfabeta,0.0,0,0,8.975915299,32.12448674,3.163765312,40.35545786145718,EXCLUSION
2023-07,No Elegible por Intenciones,Vulnerabilidad Baja,2.070141643,1.0,1.0,1.0,1.776038647,1.498900966,1.790108696,1.043888889,pcr_cdmx,1,low,,,espanol_uno_mas_adultos,adultos_ninguno_analfabeta,,0,0,6.702282231,17.68003002,2.692946147,24.029037349402188,EXCLUSION
2023-07,Lista de Reserva,Vulnerabilidad Baja,1.0,2.051104816,1.0,1.0,1.0,1.498900966,1.0,1.043888889,sotap,1,low,,,espanol_uno_mas_adultos,adultos_uno_mas_analfabeta,,0,0,6.609317356,4.243121443,2.315157003,10.928585349676254,EXCLUSION
2024-06,No Elegible,Vulnerabilidad Baja,1.599560907,1.0,2.578385269,1.0,1.0,2.117608696,1.0,1.043888889,pcr_cdmx,1,low,,,espanol_uno_mas_adultos,adultos_ninguno_analfabeta,0.0,0,0,14.28054816,7.858894815,2.644413613,22.346098201295447,EXCLUSION
2024-05,Lista de Reserva,Vulnerabilidad Baja,1.0,1.0,1.0,1.0,1.776038647,1.0,1.0,1.0,fomon,2,average,jefatura_femenina,no,espanol_uno_mas_adultos,adultos_ninguno_analfabeta,,0,0,0.0,5.532745347,2.154418035,5.354696068988193,EXCLUSION
2023-10,Lista de Reserva,Vulnerabilidad Moderada,1.0,1.0,1.0,1.0,1.0,2.117608696,2.580217391,1.738466184,sotap,2,low,jefatura_femenina,no,espanol_uno_mas_adultos,adultos_ninguno_analfabeta,,0,0,0.0,27.07165714,2.755565608,26.20046414157766,EXCLUSION
2023-06,No Elegible,Vulnerabilidad Elevada,1.0,1.0,3.251728045,1.0,1.776038647,2.823478261,2.580217391,1.0,sotap,3,low,jefatura_masculina,si,espanol_uno_mas_adultos,adultos_ninguno_analfabeta,0.0,0,0,11.51832969,32.12448674,3.23944252,42.97968968997395,EXCLUSION
2024-03,Elegible,Vulnerabilidad Moderada,1.0,1.525552408,1.0,1.0,1.776038647,2.117608696,1.790108696,1.0,pcr_cdmx,4,average,jefatura_femenina,no,espanol_ningun_adulto,adultos_ninguno_analfabeta,,0,0,3.741369748,21.88512181,2.722175411,25.04260747289278,INCLUSION
2023-09,No Elegible,Vulnerabilidad Moderada,1.0,1.0,1.0,1.0,1.776038647,2.823478261,1.790108696,1.0,sotap,1,low,,,espanol_ningun_adulto,adultos_uno_mas_analfabeta,,0,0,0.0,26.18890898,2.730928248,25.34612370011462,EXCLUSION
2024-04,Lista de Reserva,Vulnerabilidad Baja,1.0,1.525552408,1.0,1.0,1.776038647,1.498900966,1.790108696,1.0,sotap,1,low,,,espanol_uno_mas_adultos,adultos_ninguno_analfabeta,0.0,0,0,3.741369748,17.10850297,2.588860746,20.41970500378282,EXCLUSION
2024-04,Elegible,Vulnerabilidad Elevada,2.070141643,1.0,1.0,1.0,1.776038647,2.823478261,2.580217391,1.043888889,foten,2,average,jefatura_masculina,si,espanol_uno_mas_adultos,adultos_uno_mas_analfabeta,,0,0,6.702282231,32.85812825,3.116564434,38.71868920026256,INCLUSION
2024-01,Elegible por Proceso Acelerado,Vulnerabilidad Baja,1.0,1.0,1.0,1.0,1.0,1.0,1.0,1.0,sotap,1,low,,,espanol_ningun_adulto,adultos_ninguno_analfabeta,,0,0,0.0,0.0,2.0,0.0,INCLUSION
2024-05,No Elegible,Vulnerabilidad Elevada,2.070141643,1.0,1.0,1.0,1.776038647,2.823478261,1.790108696,1.043888889,sotap,3,low,jefatura_masculina,no,espanol_ningun_adulto,adultos_ninguno_analfabeta,0.0,0,0,6.702282231,26.85846924,2.949114914,32.912105216863374,EXCLUSION
2024-01,Elegible por Proceso Acelerado,Vulnerabilidad Moderada,1.0,1.0,1.0,1.0,1.776038647,2.823478261,1.790108696,1.043888889,sotap,1,low,,,espanol_uno_mas_adultos,adultos_ninguno_analfabeta,0.0,0,0,0.0,26.85846924,2.749615568,25.99413684138756,INCLUSION
2024-02,No Elegible,Vulnerabilidad Moderada,1.0,1.0,1.0,1.0,1.776038647,2.823478261,1.790108696,1.0,sotap,6,average,jefatura_femenina,no,espanol_uno_mas_adultos,adultos_ninguno_analfabeta,0.0,0,0,0.0,26.18890898,2.730928248,25.34612370011462,EXCLUSION
2023-09,No Elegible,Vulnerabilidad Moderada,2.700708215,1.0,2.578385269,1.0,1.0,1.498900966,1.0,1.0,sotap,1,low,,,espanol_uno_mas_adultos,adultos_ninguno_analfabeta,-500.0,0,0,20.97871872,3.815111519,2.730929228,25.34617228233538,EXCLUSION
2023-10,Elegible,Vulnerabilidad Baja,1.0,1.0,1.0,1.0,1.0,1.498900966,1.0,1.0,futij,3,average,jefatura_femenina,no,espanol_uno_mas_adultos,adultos_ninguno_analfabeta,,-500,0,0.0,3.815111519,2.10647915,3.692337415207061,INCLUSION
2024-02,No Elegible,Vulnerabilidad Elevada,1.0,2.051104816,1.0,1.0,1.776038647,2.823478261,1.790108696,1.0,sotap,4,average,jefatura_masculina,no,espanol_uno_mas_adultos,adultos_ninguno_analfabeta,0.0,0,0,6.609317356,26.18890898,2.927660413,32.16813549794806,EXCLUSION
2023-10,Elegible,Vulnerabilidad Baja,1.0,1.0,1.0,1.0,1.0,2.117608696,1.790108696,1.043888889,sotap,1,low,,,espanol_uno_mas_adultos,adultos_ninguno_analfabeta,0.0,0,0,0.0,14.70478802,2.410408275,14.23157323672838,INCLUSION
2024-02,No Elegible,Vulnerabilidad Moderada,1.0,1.0,1.0,1.0,1.776038647,2.823478261,1.790108696,1.0,fupal,1,low,,,espanol_uno_mas_adultos,adultos_ninguno_analfabeta,,0,0,0.0,26.18890898,2.730928248,25.34612370011462,EXCLUSION
2024-02,Elegible,Vulnerabilidad Moderada,1.0,1.525552408,2.578385269,1.0,1.776038647,1.0,1.790108696,1.043888889,sotap,1,low,,,espanol_uno_mas_adultos,adultos_ninguno_analfabeta,0.0,0,0,13.7168894,12.53066404,2.758024142,26.28572735831016,INCLUSION
2024-02,Elegible,Vulnerabilidad Elevada,2.700708215,1.0,2.578385269,1.0,1.776038647,2.117608696,1.790108696,1.043888889,foten,1,low,,,espanol_uno_mas_adultos,adultos_ninguno_analfabeta,,0,0,20.97871872,22.50821784,3.252650827,43.43771574881928,INCLUSION
2023-08,Lista de Reserva,Vulnerabilidad Severa,2.700708215,2.051104816,3.251728045,1.0,1.776038647,2.823478261,1.790108696,1.0,foten,4,average,jefatura_masculina,no,espanol_uno_mas_adultos,adultos_ninguno_analfabeta,,0,0,35.61565687,26.18890898,3.791059708,62.10792802384809,EXCLUSION
2023-11,Lista de Reserva,Vulnerabilidad Baja,1.0,1.0,1.0,1.564135978,1.0,2.117608696,1.790108696,1.043888889,sotap,1,low,,,espanol_uno_mas_adultos,adultos_uno_mas_analfabeta,,0,0,3.975239986,14.70478802,2.528734801,18.334740420717846,EXCLUSION
2024-06,No Elegible,Vulnerabilidad Elevada,1.0,1.525552408,1.0,1.0,1.776038647,2.823478261,2.580217391,1.0,sotap,3,average,jefatura_masculina,no,espanol_uno_mas_adultos,adultos_ninguno_analfabeta,,0,-500,3.741369748,32.12448674,3.007954444,34.95245940008045,EXCLUSION
2024-01,Elegible,Vulnerabilidad Baja,1.0,1.0,1.0,1.0,1.0,1.0,1.790108696,1.0,sotap,1,low,,,espanol_uno_mas_adultos,adultos_ninguno_analfabeta,500.0,0,0,0.0,5.614422911,2.156697643,5.433745167301109,INCLUSION
2023-10,Elegible,Vulnerabilidad Elevada,2.700708215,2.051104816,3.251728045,1.0,1.0,2.117608696,1.790108696,1.0,sotap,1,low,,,espanol_uno_mas_adultos,adultos_ninguno_analfabeta,,0,0,35.61565687,14.16503897,3.455475425,50.4709981746399,INCLUSION
2023-10,No Elegible,Vulnerabilidad Moderada,1.0,1.0,2.578385269,1.0,1.776038647,1.0,2.580217391,1.043888889,sotap,2,low,jefatura_masculina,si,espanol_uno_mas_adultos,adultos_ninguno_analfabeta,0.0,-500,0,8.975915299,17.15905947,2.746082638,25.87163300643305,EXCLUSION
2024-02,Lista de Reserva,Vulnerabilidad Moderada,1.0,1.0,1.0,1.0,1.776038647,2.823478261,1.790108696,1.0,fupal,1,low,,,espanol_uno_mas_adultos,adultos_ninguno_analfabeta,,0,0,0.0,26.18890898,2.730928248,25.34612370011462,EXCLUSION
2024-02,Elegible,Vulnerabilidad Baja,1.0,1.0,1.0,1.0,1.0,1.0,1.0,1.0,sotap,1,low,,,espanol_uno_mas_adultos,adultos_ninguno_analfabeta,,0,0,0.0,0.0,2.0,0.0,INCLUSION
2024-01,Elegible por Proceso Acelerado,Vulnerabilidad Baja,2.700708215,1.0,1.0,1.0,1.0,2.117608696,1.790108696,1.043888889,sotap,4,average,jefatura_femenina,si,espanol_uno_mas_adultos,adultos_ninguno_analfabeta,,0,0,9.472088355,14.70478802,2.692353344,24.00848286708064,INCLUSION
2023-08,Elegible,Vulnerabilidad Elevada,1.0,1.0,1.0,1.0,1.776038647,2.823478261,2.580217391,1.043888889,sotap,3,low,jefatura_masculina,si,espanol_uno_mas_adultos,adultos_ninguno_analfabeta,0.0,0,0,0.0,32.85812825,2.917065088,31.80072082478675,INCLUSION
2024-06,No Elegible,Vulnerabilidad Baja,1.0,1.0,1.0,1.0,1.0,2.117608696,1.790108696,1.0,sotap,1,low,,,espanol_uno_mas_adultos,adultos_ninguno_analfabeta,,0,0,0.0,14.16503897,2.395343965,13.709193850906429,EXCLUSION
2024-02,No Elegible por Duplicidad,Vulnerabilidad Baja,1.0,1.0,1.0,1.0,1.0,2.117608696,1.0,1.0,sotap,1,low,,,espanol_uno_mas_adultos,adultos_ninguno_analfabeta,,0,0,0.0,7.392265486,2.206316944,7.154374990395034,EXCLUSION
2023-10,Lista de Reserva,Vulnerabilidad Elevada,1.0,1.525552408,2.578385269,1.0,1.776038647,2.823478261,1.790108696,1.043888889,sotap,1,low,,,espanol_uno_mas_adultos,adultos_uno_mas_analfabeta,0.0,0,0,13.7168894,26.85846924,3.157910887,40.15244945916896,EXCLUSION
2023-06,Lista de Reserva,Vulnerabilidad Moderada,2.070141643,1.0,1.0,1.0,1.776038647,1.498900966,2.580217391,1.043888889,foten,1,low,,,espanol_uno_mas_adultos,adultos_ninguno_analfabeta,0.0,0,0,6.702282231,22.80125306,2.835878661,28.985454310751948,EXCLUSION
2024-07,No Elegible,Vulnerabilidad Moderada,1.0,2.051104816,1.0,1.0,1.776038647,2.117608696,1.790108696,1.0,sotap,3,low,jefatura_masculina,no,espanol_uno_mas_adultos,adultos_ninguno_analfabeta,,0,0,6.609317356,21.88512181,2.807542403,28.002848502865827,EXCLUSION
2023-07,Lista de Reserva,Vulnerabilidad Baja,1.0,1.0,1.0,1.0,1.776038647,1.0,2.580217391,1.043888889,sotap,1,low,,,espanol_ningun_adulto,adultos_uno_mas_analfabeta,0.0,0,0,0.0,17.15905947,2.478906597,16.60686377719593,EXCLUSION
2024-02,No Elegible,Vulnerabilidad Elevada,2.070141643,1.0,2.578385269,1.0,1.776038647,2.823478261,2.580217391,1.043888889,sotap,1,low,,,espanol_uno_mas_adultos,adultos_ninguno_analfabeta,0.0,0,0,17.46888676,32.85812825,3.43704192,49.83177382961031,EXCLUSION
2024-05,No Elegible,Vulnerabilidad Severa,2.700708215,1.0,3.251728045,1.0,1.776038647,2.117608696,2.580217391,1.043888889,sotap,4,complete,jefatura_femenina,si,espanol_uno_mas_adultos,adultos_ninguno_analfabeta,,0,0,24.2379543,28.09152966,3.505494188,52.20547205133984,EXCLUSION
2024-03,Lista de Reserva,Vulnerabilidad Elevada,1.0,1.0,2.578385269,1.0,1.776038647,2.823478261,2.580217391,1.0,foten,1,low,,,espanol_uno_mas_adultos,adultos_ninguno_analfabeta,0.0,0,0,8.975915299,32.12448674,3.163765312,40.35545786145718,EXCLUSION
2024-04,No Elegible por Duplicidad,Vulnerabilidad Elevada,2.700708215,1.0,3.251728045,1.0,1.776038647,2.117608696,2.580217391,1.0,sotap,1,low,,,espanol_uno_mas_adultos,adultos_ninguno_analfabeta,0.0,0,0,24.2379543,27.40879931,3.486439293,51.54471264673319,EXCLUSION
2023-06,No Elegible,Vulnerabilidad Moderada,1.0,1.0,1.0,1.0,1.776038647,2.823478261,2.580217391,1.0,pcr_cdmx,4,average,jefatura_masculina,no,espanol_uno_mas_adultos,adultos_ninguno_analfabeta,,0,0,0.0,32.12448674,2.896589272,31.09068863222006,EXCLUSION
2024-04,Lista de Reserva,Vulnerabilidad Severa,2.070141643,1.0,2.578385269,1.0,1.776038647,1.498900966,2.580217391,2.544987923,sotap,3,complete,jefatura_femenina,si,espanol_ningun_adulto,adultos_uno_mas_analfabeta,0.0,0,0,17.46888676,37.43330939,3.564734492,54.25972106534397,EXCLUSION
2023-08,No Elegible,Vulnerabilidad Elevada,1.0,1.0,2.578385269,1.0,1.776038647,2.823478261,2.580217391,1.043888889,foten,2,average,jefatura_femenina,si,espanol_uno_mas_adultos,adultos_ninguno_analfabeta,,0,0,8.975915299,32.85812825,3.184241129,41.06549005402387,EXCLUSION
2024-06,No Elegible,Vulnerabilidad Baja,1.0,1.0,1.0,1.0,1.776038647,2.117608696,1.790108696,1.0,futij,1,low,,,espanol_uno_mas_adultos,adultos_ninguno_analfabeta,,-500,0,0.0,21.88512181,2.610810239,21.18083670503239,EXCLUSION
2024-06,No Elegible,Vulnerabilidad Elevada,2.700708215,1.0,1.249197356,1.0,1.776038647,2.117608696,1.790108696,1.043888889,sotap,3,average,jefatura_femenina,si,espanol_uno_mas_adultos,adultos_ninguno_analfabeta,,0,0,11.93561888,22.50821784,2.983474979,34.10359991286824,EXCLUSION
2023-11,Lista de Reserva,Vulnerabilidad Baja,1.0,1.0,1.0,1.0,1.776038647,1.498900966,1.790108696,1.0,pcr_cdmx,1,low,,,espanol_uno_mas_adultos,adultos_ninguno_analfabeta,,0,0,0.0,17.10850297,2.477495573,16.55793423592243,EXCLUSION
2023-09,Elegible,Vulnerabilidad Baja,1.0,1.0,1.0,1.0,1.776038647,1.0,2.580217391,1.043888889,sotap,1,low,,,espanol_uno_mas_adultos,adultos_ninguno_analfabeta,,0,0,0.0,17.15905947,2.478906597,16.60686377719593,INCLUSION
2024-04,Elegible,Vulnerabilidad Elevada,1.0,1.0,2.578385269,1.0,1.776038647,2.117608696,2.580217391,1.043888889,sotap,2,average,jefatura_femenina,si,espanol_ningun_adulto,adultos_uno_mas_analfabeta,,0,0,8.975915299,28.09152966,3.051206127,36.45228537324866,INCLUSION
2023-06,Elegible,Vulnerabilidad Baja,1.0,1.0,1.0,1.0,1.0,1.0,1.790108696,1.0,sotap,1,low,,,espanol_ningun_adulto,adultos_uno_mas_analfabeta,,0,0,0.0,5.614422911,2.156697643,5.433745167301109,INCLUSION
2023-08,No Elegible,Vulnerabilidad Elevada,2.070141643,1.0,1.0,1.0,1.776038647,2.117608696,2.580217391,1.043888889,fupal,2,low,jefatura_masculina,no,espanol_uno_mas_adultos,adultos_ninguno_analfabeta,,0,0,6.702282231,28.09152966,2.983529432,34.10548451948735,EXCLUSION
2024-03,No Elegible,Vulnerabilidad Severa,2.700708215,1.0,2.578385269,1.0,1.776038647,2.823478261,2.580217391,1.0,sotap,2,average,jefatura_masculina,no,espanol_uno_mas_adultos,adultos_ninguno_analfabeta,0.0,0,0,20.97871872,32.12448674,3.521039349,52.74452349934838,EXCLUSION
2023-08,Elegible,Vulnerabilidad Moderada,1.0,1.525552408,1.0,1.0,1.776038647,2.117608696,1.790108696,1.0,sotap,1,low,,,espanol_uno_mas_adultos,adultos_ninguno_analfabeta,,0,0,3.741369748,21.88512181,2.722175411,25.04260747289278,INCLUSION
2024-04,Lista de Reserva,Vulnerabilidad Baja,1.0,1.0,2.578385269,1.0,1.776038647,1.0,1.790108696,1.0,fomon,1,low,,,espanol_uno_mas_adultos,adultos_ninguno_analfabeta,0.0,0,0,8.975915299,12.01413641,2.602488661,20.89227871542691,EXCLUSION
2024-04,No Elegible,Vulnerabilidad Elevada,2.070141643,1.0,3.251728045,1.0,1.0,2.117608696,2.580217391,1.043888889,sotap,4,average,jefatura_femenina,no,espanol_uno_mas_adultos,adultos_ninguno_analfabeta,0.0,0,0,20.51851115,19.54126117,3.156145058,40.09122120160637,EXCLUSION
2024-06,Lista de Reserva,Vulnerabilidad Severa,2.070141643,2.051104816,2.578385269,1.0,1.776038647,2.823478261,2.580217391,2.544987923,sotap,3,complete,jefatura_masculina,si,espanol_ningun_adulto,adultos_uno_mas_analfabeta,0.0,0,0,27.51489601,50.0,4.214497142,76.79130287849782,EXCLUSION
2023-11,Elegible,Vulnerabilidad Baja,1.0,2.051104816,1.249197356,1.0,1.776038647,1.0,1.790108696,1.043888889,sotap,1,low,,,espanol_uno_mas_adultos,adultos_ninguno_analfabeta,0.0,0,0,8.909093135,12.53066404,2.614915843,21.3232114017062,INCLUSION
2023-09,No Elegible,Vulnerabilidad Baja,1.0,1.0,1.0,1.0,1.0,2.117608696,1.0,1.0,pcr_cdmx,1,low,,,espanol_uno_mas_adultos,adultos_ninguno_analfabeta,0.0,0,0,0.0,7.392265486,2.206316944,7.154374990395034,EXCLUSION
2023-12,No Elegible,Vulnerabilidad Elevada,1.0,1.0,2.578385269,1.0,1.776038647,2.823478261,2.580217391,1.043888889,fupal,1,low,,,espanol_uno_mas_adultos,adultos_ninguno_analfabeta,,0,0,8.975915299,32.85812825,3.184241129,41.06549005402387,EXCLUSION
2024-01,Lista de Reserva,Vulnerabilidad Baja,1.0,1.0,2.578385269,1.0,1.776038647,1.0,1.790108696,1.043888889,sotap,1,low,,,espanol_uno_mas_adultos,adultos_ninguno_analfabeta,,0,0,8.975915299,12.53066404,2.616904864,21.39218396976588,EXCLUSION
2024-06,No Elegible,Vulnerabilidad Moderada,1.0,1.0,1.249197356,1.0,1.776038647,2.117608696,2.580217391,1.043888889,sotap,1,low,,,espanol_uno_mas_adultos,adultos_ninguno_analfabeta,0.0,0,0,1.921713018,28.09152966,2.841231571,29.1710718086438,EXCLUSION
2023-07,Lista de Reserva,Vulnerabilidad Elevada,2.700708215,1.0,3.251728045,1.0,1.776038647,2.823478261,1.0,1.0,sotap,3,low,jefatura_masculina,no,espanol_ningun_adulto,adultos_ninguno_analfabeta,0.0,0,0,24.2379543,17.78726377,3.21790378,42.23280774194593,EXCLUSION
2023-12,Elegible,Vulnerabilidad Baja,1.0,1.0,1.0,1.0,1.776038647,1.498900966,1.790108696,1.0,fusal,1,low,,,espanol_uno_mas_adultos,adultos_ninguno_analfabeta,,0,0,0.0,17.10850297,2.477495573,16.55793423592243,INCLUSION
2024-05,No Elegible por Duplicidad,Vulnerabilidad Elevada,2.070141643,1.0,1.0,1.0,1.776038647,2.823478261,2.580217391,1.043888889,sotap,2,complete,jefatura_femenina,si,espanol_uno_mas_adultos,adultos_ninguno_analfabeta,-500.0,0,0,6.702282231,32.85812825,3.116564434,38.71868920026256,EXCLUSION
2024-05,No Elegible,Vulnerabilidad Baja,1.0,1.0,1.0,1.0,1.776038647,1.0,1.790108696,1.0,sotap,1,low,,,espanol_uno_mas_adultos,adultos_uno_mas_analfabeta,,0,0,0.0,12.01413641,2.33531262,11.62750948618979,EXCLUSION
2024-04,No Elegible,Vulnerabilidad Elevada,1.0,1.0,1.0,1.0,1.776038647,2.823478261,2.580217391,1.043888889,foten,1,low,,,espanol_uno_mas_adultos,adultos_ninguno_analfabeta,,0,0,0.0,32.85812825,2.917065088,31.80072082478675,EXCLUSION
2024-01,Elegible,Vulnerabilidad Baja,2.070141643,1.0,1.0,1.564135978,1.0,1.0,1.790108696,1.043888889,sotap,2,low,jefatura_masculina,no,espanol_uno_mas_adultos,adultos_ninguno_analfabeta,,0,0,11.47057999,6.061858428,2.510617433,17.706496486586722,INCLUSION
2023-08,No Elegible,Vulnerabilidad Elevada,1.0,1.0,2.578385269,1.0,1.776038647,2.823478261,1.790108696,1.043888889,sotap,3,average,jefatura_femenina,si,espanol_uno_mas_adultos,adultos_ninguno_analfabeta,-500.0,0,0,8.975915299,26.85846924,3.016791609,35.25890607062468,EXCLUSION
2023-10,No Elegible,Vulnerabilidad Elevada,2.700708215,1.525552408,2.578385269,1.0,1.776038647,2.117608696,1.790108696,1.0,sotap,1,low,,,espanol_uno_mas_adultos,adultos_ninguno_analfabeta,0.0,0,0,27.05638709,21.88512181,3.416167479,49.10792538797568,EXCLUSION
2024-01,No Elegible por Intenciones,Vulnerabilidad Elevada,1.599560907,2.051104816,1.0,1.0,1.776038647,2.117608696,1.790108696,1.0,sotap,1,low,,,espanol_ningun_adulto,adultos_ninguno_analfabeta,0.0,0,0,11.61905914,21.88512181,2.956661789,33.17380878721673,EXCLUSION
2024-01,Elegible,Vulnerabilidad Elevada,1.0,1.0,2.578385269,1.0,1.776038647,2.117608696,1.790108696,1.738466184,sotap,4,average,jefatura_masculina,no,espanol_uno_mas_adultos,adultos_ninguno_analfabeta,0.0,0,0,8.975915299,30.44211729,3.116810651,38.727228742727625,INCLUSION
2023-09,Elegible,Vulnerabilidad Moderada,1.0,1.0,1.0,1.0,1.776038647,1.498900966,2.580217391,1.738466184,sotap,1,low,,,espanol_uno_mas_adultos,adultos_uno_mas_analfabeta,,0,0,0.0,30.77500505,2.858925454,29.78463461248595,INCLUSION
2023-09,Elegible,Vulnerabilidad Baja,1.0,1.0,1.0,1.0,1.776038647,1.498900966,1.0,1.0,sotap,4,low,jefatura_femenina,no,espanol_uno_mas_adultos,adultos_ninguno_analfabeta,0.0,0,0,0.0,9.93697889,2.277339487,9.61719697234091,INCLUSION
2024-02,No Elegible,Vulnerabilidad Elevada,2.070141643,1.0,1.0,1.0,1.776038647,2.823478261,1.790108696,1.043888889,sotap,2,average,jefatura_femenina,si,espanol_uno_mas_adultos,adultos_ninguno_analfabeta,,0,0,6.702282231,26.85846924,2.949114914,32.912105216863374,EXCLUSION
2024-01,Elegible,Vulnerabilidad Baja,1.0,1.0,1.0,1.0,1.0,1.498900966,1.0,1.0,foten,2,average,jefatura_masculina,no,espanol_uno_mas_adultos,adultos_ninguno_analfabeta,0.0,0,0,0.0,3.815111519,2.10647915,3.692337415207061,INCLUSION
2024-05,No Elegible,Vulnerabilidad Moderada,1.0,1.0,1.0,1.0,1.776038647,2.823478261,2.580217391,1.0,fupal,3,low,jefatura_femenina,no,espanol_ningun_adulto,adultos_uno_mas_analfabeta,,0,0,0.0,32.12448674,2.896589272,31.09068863222006,EXCLUSION
2023-10,Lista de Reserva,Vulnerabilidad Baja,1.0,1.0,1.0,1.0,1.0,2.823478261,1.0,1.0,fupal,1,low,,,espanol_uno_mas_adultos,adultos_ninguno_analfabeta,,0,0,0.0,10.61532135,2.296271916,10.27370969363565,EXCLUSION
2024-01,Elegible,Vulnerabilidad Elevada,2.070141643,1.525552408,1.0,1.0,1.776038647,2.117608696,1.790108696,1.043888889,sotap,2,average,jefatura_femenina,si,espanol_uno_mas_adultos,adultos_uno_mas_analfabeta,,0,0,11.1900528,22.50821784,2.961282546,33.33404077084776,INCLUSION
2024-02,No Elegible,Vulnerabilidad Baja,1.0,1.0,1.0,1.0,1.776038647,1.498900966,1.790108696,1.0,sotap,4,average,jefatura_masculina,no,espanol_uno_mas_adultos,adultos_ninguno_analfabeta,,0,0,0.0,17.10850297,2.477495573,16.55793423592243,EXCLUSION
2024-03,No Elegible por Intenciones,Vulnerabilidad Elevada,1.0,2.051104816,1.0,1.0,1.776038647,2.823478261,1.790108696,1.0,fupal,4,average,jefatura_masculina,no,espanol_uno_mas_adultos,adultos_ninguno_analfabeta,,0,0,6.609317356,26.18890898,2.927660413,32.16813549794806,EXCLUSION
2023-12,Lista de Reserva,Vulnerabilidad Elevada,2.070141643,1.0,1.0,1.0,1.776038647,2.117608696,2.580217391,2.544987923,sotap,1,low,,,espanol_uno_mas_adultos,adultos_ninguno_analfabeta,,0,0,6.702282231,44.04383881,3.428755821,49.5444324087312,EXCLUSION
2023-08,No Elegible,Vulnerabilidad Baja,2.070141643,1.0,1.0,1.0,1.0,1.498900966,1.790108696,1.043888889,sotap,1,low,,,espanol_uno_mas_adultos,adultos_ninguno_analfabeta,0.0,0,0,6.702282231,10.52243148,2.49317872,17.10177748801793,EXCLUSION
2023-08,No Elegible,Vulnerabilidad Elevada,2.070141643,1.0,1.0,1.0,1.776038647,2.117608696,2.580217391,1.043888889,sotap,2,complete,jefatura_femenina,si,espanol_uno_mas_adultos,adultos_ninguno_analfabeta,,0,0,6.702282231,28.09152966,2.983529432,34.10548451948735,EXCLUSION
2024-02,Elegible,Vulnerabilidad Moderada,1.0,1.0,2.578385269,1.0,1.776038647,2.117608696,1.790108696,1.043888889,sotap,1,low,,,espanol_uno_mas_adultos,adultos_ninguno_analfabeta,,0,0,8.975915299,22.50821784,2.89537679,31.04865011092808,INCLUSION
2023-12,No Elegible,Vulnerabilidad Elevada,1.0,1.0,2.578385269,1.0,1.776038647,2.823478261,2.580217391,1.043888889,sotap,4,average,jefatura_femenina,no,espanol_uno_mas_adultos,adultos_ninguno_analfabeta,0.0,0,0,8.975915299,32.85812825,3.184241129,41.06549005402387,EXCLUSION
2024-04,No Elegible,Vulnerabilidad Baja,1.0,1.0,1.0,1.0,1.776038647,1.0,1.0,1.0,sotap,1,low,,,espanol_uno_mas_adultos,adultos_ninguno_analfabeta,0.0,0,-500,0.0,5.532745347,2.154418035,5.354696068988193,EXCLUSION
2023-07,No Elegible,Vulnerabilidad Elevada,2.070141643,2.051104816,2.578385269,1.0,1.0,1.0,1.790108696,1.043888889,sotap,2,average,jefatura_femenina,si,espanol_uno_mas_adultos,adultos_ninguno_analfabeta,-500.0,0,0,27.51489601,6.061858428,2.98819066,34.26713464042634,EXCLUSION
2024-04,Elegible,Vulnerabilidad Elevada,1.0,2.051104816,2.578385269,1.0,1.776038647,2.117608696,1.790108696,1.0,sotap,1,low,,,espanol_uno_mas_adultos,adultos_ninguno_analfabeta,,0,0,17.3510839,21.88512181,3.127280564,39.090295836018285,INCLUSION
2024-05,No Elegible,Vulnerabilidad Baja,1.0,1.525552408,1.0,1.0,1.0,2.117608696,1.790108696,1.0,sotap,4,average,jefatura_masculina,no,espanol_uno_mas_adultos,adultos_ninguno_analfabeta,,0,0,3.741369748,14.16503897,2.506709138,17.570964618766816,EXCLUSION
2023-10,Elegible,Vulnerabilidad Elevada,2.700708215,1.0,1.0,1.0,1.776038647,2.823478261,1.790108696,1.0,sotap,3,average,jefatura_femenina,no,espanol_uno_mas_adultos,adultos_ninguno_analfabeta,0.0,0,0,9.472088355,26.18890898,3.012873318,35.123033330466875,INCLUSION
2023-12,Elegible,Vulnerabilidad Elevada,1.0,1.0,2.578385269,1.0,1.776038647,2.823478261,1.790108696,1.0,sotap,2,low,jefatura_masculina,no,espanol_uno_mas_adultos,adultos_ninguno_analfabeta,-500.0,0,0,8.975915299,26.18890898,2.998104289,34.61089292935174,INCLUSION
2023-08,Elegible,Vulnerabilidad Elevada,2.070141643,1.0,1.0,1.0,1.776038647,2.823478261,1.790108696,1.043888889,foten,4,average,jefatura_femenina,si,espanol_uno_mas_adultos,adultos_ninguno_analfabeta,0.0,0,0,6.702282231,26.85846924,2.949114914,32.912105216863374,INCLUSION
2024-04,Lista de Reserva,Vulnerabilidad Moderada,1.0,1.0,1.0,1.0,1.776038647,2.823478261,1.790108696,1.043888889,sotap,1,low,,,espanol_uno_mas_adultos,adultos_ninguno_analfabeta,0.0,0,0,0.0,26.85846924,2.749615568,25.99413684138756,EXCLUSION
2023-08,Elegible,Vulnerabilidad Baja,1.0,1.0,2.578385269,1.0,1.776038647,1.0,1.790108696,1.0,sotap,4,average,jefatura_femenina,no,espanol_uno_mas_adultos,adultos_ninguno_analfabeta,0.0,0,0,8.975915299,12.01413641,2.602488661,20.89227871542691,INCLUSION
2024-04,No Elegible,Vulnerabilidad Moderada,1.0,1.0,2.578385269,1.0,1.776038647,1.0,2.580217391,1.043888889,sotap,3,average,jefatura_femenina,no,espanol_uno_mas_adultos,adultos_ninguno_analfabeta,-500.0,0,0,8.975915299,17.15905947,2.746082638,25.87163300643305,EXCLUSION
2023-11,No Elegible,Vulnerabilidad Elevada,2.700708215,1.0,3.251728045,1.0,1.776038647,2.823478261,1.790108696,1.0,futij,2,low,jefatura_masculina,no,espanol_uno_mas_adultos,adultos_ninguno_analfabeta,0.0,0,0,24.2379543,26.18890898,3.45239235,50.36407960744292,EXCLUSION
2024-05,Lista de Reserva,Vulnerabilidad Baja,1.0,1.0,1.0,1.0,1.0,1.0,1.0,1.0,fupal,1,low,,,espanol_uno_mas_adultos,adultos_ninguno_analfabeta,,0,0,0.0,0.0,2.0,0.0,EXCLUSION
2023-07,Lista de Reserva,Vulnerabilidad Moderada,1.0,1.0,1.0,1.0,1.776038647,2.117608696,2.580217391,1.043888889,sotap,1,low,,,espanol_uno_mas_adultos,adultos_ninguno_analfabeta,0.0,0,0,0.0,28.09152966,2.784030087,27.18751614401154,EXCLUSION
2023-12,Elegible,Vulnerabilidad Baja,1.0,1.0,1.0,1.0,1.0,1.0,1.0,1.0,sotap,4,average,jefatura_femenina,si,espanol_uno_mas_adultos,adultos_ninguno_analfabeta,0.0,-500,0,0.0,0.0,2.0,0.0,INCLUSION
2024-04,No Elegible,Vulnerabilidad Baja,2.070141643,1.525552408,1.0,1.0,1.0,1.0,1.790108696,1.043888889,sotap,1,low,,,espanol_uno_mas_adultos,adultos_uno_mas_analfabeta,,0,0,11.1900528,6.061858428,2.502267294,17.41694165108533,EXCLUSION
2024-04,No Elegible,Vulnerabilidad Elevada,1.0,1.0,3.251728045,1.0,1.776038647,2.823478261,2.580217391,1.043888889,sotap,1,low,,,espanol_uno_mas_adultos,adultos_uno_mas_analfabeta,,0,0,11.51832969,32.85812825,3.259918337,43.68972188254064,EXCLUSION
2023-11,No Elegible,Vulnerabilidad Elevada,2.070141643,1.0,1.0,1.0,1.776038647,2.823478261,2.580217391,1.043888889,foten,1,low,,,espanol_uno_mas_adultos,adultos_uno_mas_analfabeta,,0,0,6.702282231,32.85812825,3.116564434,38.71868920026256,EXCLUSION
2023-11,Elegible,Vulnerabilidad Elevada,1.0,1.0,1.0,1.0,1.776038647,2.823478261,2.580217391,1.043888889,fupal,1,low,,,espanol_uno_mas_adultos,adultos_ninguno_analfabeta,,0,0,0.0,32.85812825,2.917065088,31.80072082478675,INCLUSION
2024-04,No Elegible,Vulnerabilidad Elevada,2.070141643,1.0,1.0,1.0,1.776038647,2.117608696,2.580217391,1.043888889,sotap,2,average,jefatura_femenina,no,espanol_uno_mas_adultos,adultos_ninguno_analfabeta,,0,0,6.702282231,28.09152966,2.983529432,34.10548451948735,EXCLUSION
2024-05,No Elegible,Vulnerabilidad Moderada,1.0,1.0,1.0,1.0,1.776038647,2.823478261,1.790108696,1.0,sotap,1,low,,,espanol_uno_mas_adultos,adultos_ninguno_analfabeta,,0,0,0.0,26.18890898,2.730928248,25.34612370011462,EXCLUSION
2024-01,No Elegible,Vulnerabilidad Severa,2.700708215,1.0,2.578385269,1.0,1.776038647,2.823478261,2.580217391,1.0,foten,5,high,jefatura_femenina,si,espanol_uno_mas_adultos,adultos_ninguno_analfabeta,,0,0,20.97871872,32.12448674,3.521039349,52.74452349934838,EXCLUSION
2024-05,No Elegible por Intenciones,Vulnerabilidad Elevada,1.0,1.525552408,2.578385269,1.0,1.776038647,2.823478261,1.790108696,1.0,sotap,2,average,jefatura_femenina,si,espanol_uno_mas_adultos,adultos_uno_mas_analfabeta,,0,0,13.7168894,26.18890898,3.139223567,39.50443631789602,EXCLUSION
2024-01,Elegible,Vulnerabilidad Baja,1.0,1.0,1.0,1.0,1.776038647,2.823478261,1.0,1.0,fupal,1,low,,,espanol_uno_mas_adultos,adultos_uno_mas_analfabeta,0.0,0,0,0.0,17.78726377,2.496439678,17.21485183461763,INCLUSION
2024-02,No Elegible,Vulnerabilidad Baja,1.0,1.0,1.0,1.0,1.0,1.0,1.0,1.043888889,sotap,3,low,jefatura_masculina,no,espanol_uno_mas_adultos,adultos_ninguno_analfabeta,0.0,0,0,0.0,0.386821499,2.010796126,0.374373196340681,EXCLUSION
2024-01,Elegible por Proceso Acelerado,Vulnerabilidad Baja,1.0,2.051104816,1.0,1.0,1.776038647,2.117608696,1.0,1.0,sotap,1,low,,,espanol_uno_mas_adultos,adultos_ninguno_analfabeta,,0,0,6.609317356,14.06650994,2.5893262,20.43584738145429,INCLUSION
2023-12,Elegible,Vulnerabilidad Baja,1.0,1.0,1.0,1.0,1.776038647,2.117608696,1.790108696,1.0,sotap,2,average,jefatura_femenina,si,espanol_uno_mas_adultos,adultos_ninguno_analfabeta,0.0,0,0,0.0,21.88512181,2.610810239,21.18083670503239,INCLUSION
2024-04,Elegible,Vulnerabilidad Elevada,2.700708215,1.0,3.251728045,1.0,1.776038647,2.823478261,1.790108696,1.043888889,sotap,3,low,jefatura_masculina,no,espanol_uno_mas_adultos,adultos_ninguno_analfabeta,0.0,0,0,24.2379543,26.85846924,3.471079669,51.01209274871586,INCLUSION
2023-11,No Elegible,Vulnerabilidad Elevada,2.700708215,1.525552408,1.249197356,1.0,1.776038647,2.823478261,1.790108696,1.0,fupal,5,low,jefatura_femenina,no,espanol_uno_mas_adultos,adultos_ninguno_analfabeta,,0,0,17.00620089,26.18890898,3.237132827,42.89960114095571,EXCLUSION
2024-01,No Elegible,Vulnerabilidad Baja,1.0,2.051104816,1.0,1.0,1.776038647,1.0,2.580217391,1.0,sotap,3,low,jefatura_masculina,no,espanol_uno_mas_adultos,adultos_ninguno_analfabeta,0.0,0,0,6.609317356,16.59309681,2.659842834,22.881126159390824,EXCLUSION
2023-08,No Elegible,Vulnerabilidad Elevada,1.0,1.0,1.249197356,1.564135978,1.776038647,2.823478261,1.790108696,1.043888889,foten,4,average,jefatura_femenina,si,espanol_uno_mas_adultos,adultos_ninguno_analfabeta,0.0,0,0,6.124342631,26.85846924,2.931912031,32.31556694259577,EXCLUSION
2024-02,No Elegible,Vulnerabilidad Moderada,2.700708215,1.0,1.0,1.0,1.776038647,2.823478261,1.0,1.0,sotap,1,low,,,espanol_uno_mas_adultos,adultos_ninguno_analfabeta,,0,0,9.472088355,17.78726377,2.778384748,26.991761464969883,EXCLUSION
2024-03,No Elegible,Vulnerabilidad Elevada,1.0,2.051104816,2.578385269,1.0,1.776038647,2.823478261,2.580217391,1.043888889,pcr_cdmx,3,average,jefatura_femenina,si,espanol_ningun_adulto,adultos_ninguno_analfabeta,0.0,0,0,17.3510839,32.85812825,3.433535414,49.710179955772645,EXCLUSION
2023-12,Elegible,Vulnerabilidad Elevada,2.070141643,1.0,1.0,1.0,1.776038647,1.0,2.580217391,2.544987923,sotap,5,high,jefatura_femenina,no,espanol_uno_mas_adultos,adultos_ninguno_analfabeta,-500.0,0,0,6.702282231,30.38303782,3.047485057,36.32324965539039,INCLUSION
2023-08,Elegible,Vulnerabilidad Elevada,2.700708215,1.0,3.251728045,1.0,1.776038647,2.117608696,2.580217391,1.0,sotap,6,high,jefatura_masculina,no,espanol_uno_mas_adultos,adultos_ninguno_analfabeta,0.0,0,0,24.2379543,27.40879931,3.486439293,51.54471264673319,INCLUSION
2023-07,No Elegible,Vulnerabilidad Baja,1.0,2.051104816,1.0,1.0,1.0,1.0,1.0,1.0,pcr_cdmx,1,low,,,espanol_ningun_adulto,adultos_ninguno_analfabeta,,0,0,6.609317356,0.0,2.196732164,6.8220117978334365,EXCLUSION
2023-07,No Elegible,Vulnerabilidad Moderada,1.0,1.525552408,1.0,1.0,1.776038647,2.117608696,1.790108696,1.0,sotap,1,low,,,espanol_uno_mas_adultos,adultos_ninguno_analfabeta,0.0,0,0,3.741369748,21.88512181,2.722175411,25.04260747289278,EXCLUSION
2024-06,Lista de Reserva,Vulnerabilidad Elevada,2.070141643,1.0,2.578385269,1.0,1.776038647,1.0,2.580217391,2.544987923,sotap,3,average,jefatura_femenina,si,espanol_uno_mas_adultos,adultos_ninguno_analfabeta,0.0,0,0,17.46888676,30.38303782,3.367962543,47.43633428473814,EXCLUSION
2024-05,No Elegible,Vulnerabilidad Baja,1.0,1.0,1.0,1.0,1.0,1.498900966,1.790108696,1.0,sotap,1,low,,,espanol_uno_mas_adultos,adultos_ninguno_analfabeta,0.0,0,0,0.0,10.02735341,2.279861825,9.70466314991279,EXCLUSION
2023-11,No Elegible,Vulnerabilidad Elevada,2.700708215,1.0,2.578385269,1.0,1.776038647,2.117608696,2.580217391,1.0,sotap,4,average,jefatura_femenina,no,espanol_uno_mas_adultos,adultos_ninguno_analfabeta,,0,0,20.97871872,27.40879931,3.389425269,48.18059160653321,EXCLUSION
2023-09,No Elegible,Vulnerabilidad Baja,1.0,1.0,1.0,1.0,1.0,2.117608696,1.790108696,1.0,sotap,4,average,jefatura_masculina,no,espanol_uno_mas_adultos,adultos_ninguno_analfabeta,0.0,0,0,0.0,14.16503897,2.395343965,13.709193850906429,EXCLUSION
2023-07,Lista de Reserva,Vulnerabilidad Moderada,1.0,1.0,1.0,1.0,1.776038647,2.823478261,2.580217391,1.0,pcr_cdmx,1,low,,,espanol_ningun_adulto,adultos_ninguno_analfabeta,0.0,0,0,0.0,32.12448674,2.896589272,31.09068863222006,EXCLUSION
2024-04,Elegible,Vulnerabilidad Baja,2.070141643,1.0,1.0,1.0,1.776038647,1.498900966,1.790108696,1.043888889,sotap,1,low,,,espanol_uno_mas_adultos,adultos_ninguno_analfabeta,,0,0,6.702282231,17.68003002,2.692946147,24.029037349402188,INCLUSION
2023-10,Lista de Reserva,Vulnerabilidad Moderada,1.0,1.0,1.0,1.0,1.776038647,2.823478261,1.790108696,1.0,sotap,1,low,,,espanol_uno_mas_adultos,adultos_ninguno_analfabeta,,0,0,0.0,26.18890898,2.730928248,25.34612370011462,EXCLUSION
2023-12,Elegible,Vulnerabilidad Moderada,1.0,2.051104816,2.578385269,1.0,1.776038647,1.0,1.790108696,1.0,fupal,1,low,,,espanol_uno_mas_adultos,adultos_ninguno_analfabeta,0.0,0,0,17.3510839,12.01413641,2.851782945,29.536968617175688,INCLUSION
2023-06,No Elegible,Vulnerabilidad Baja,1.0,1.0,1.0,1.0,1.776038647,2.117608696,1.790108696,1.0,sotap,1,low,,,espanol_uno_mas_adultos,adultos_ninguno_analfabeta,,0,0,0.0,21.88512181,2.610810239,21.18083670503239,EXCLUSION
2024-04,No Elegible por Intenciones,Vulnerabilidad Baja,2.700708215,1.0,2.578385269,1.0,1.0,1.0,1.0,1.0,fomon,2,low,jefatura_femenina,no,espanol_uno_mas_adultos,adultos_ninguno_analfabeta,0.0,0,0,20.97871872,0.0,2.624450078,21.65383486712832,EXCLUSION
2024-04,No Elegible,Vulnerabilidad Moderada,1.0,1.525552408,1.0,1.0,1.776038647,2.823478261,1.790108696,1.0,sotap,1,low,,,espanol_uno_mas_adultos,adultos_ninguno_analfabeta,,0,0,3.741369748,26.18890898,2.842293421,29.20789446797501,EXCLUSION
2024-03,Elegible,Vulnerabilidad Elevada,1.0,1.0,1.0,1.0,1.776038647,2.823478261,2.580217391,1.043888889,futij,2,complete,jefatura_femenina,no,espanol_uno_mas_adultos,adultos_ninguno_analfabeta,0.0,0,0,0.0,32.85812825,2.917065088,31.80072082478675,INCLUSION
2023-10,Elegible,Vulnerabilidad Baja,1.0,1.0,1.0,1.0,1.776038647,2.117608696,1.790108696,1.0,sotap,1,low,,,espanol_uno_mas_adultos,adultos_uno_mas_analfabeta,0.0,0,0,0.0,21.88512181,2.610810239,21.18083670503239,INCLUSION
2024-02,No Elegible,Vulnerabilidad Baja,1.0,1.525552408,2.578385269,1.0,1.0,1.498900966,1.0,1.0,sotap,6,average,jefatura_femenina,no,espanol_uno_mas_adultos,adultos_ninguno_analfabeta,,0,0,13.7168894,3.815111519,2.51477447,17.85065003298846,EXCLUSION
2024-01,Lista de Reserva,Vulnerabilidad Moderada,2.700708215,1.0,3.251728045,1.0,1.0,1.0,1.790108696,1.0,fupal,1,low,,,espanol_uno_mas_adultos,adultos_ninguno_analfabeta,,0,0,24.2379543,5.614422911,2.878161744,30.45170107462941,EXCLUSION
2023-12,Elegible,Vulnerabilidad Elevada,1.0,1.0,2.578385269,1.0,1.776038647,2.823478261,2.580217391,1.043888889,sotap,1,low,,,espanol_ningun_adulto,adultos_uno_mas_analfabeta,,0,0,8.975915299,32.85812825,3.184241129,41.06549005402387,INCLUSION
2023-11,No Elegible,Vulnerabilidad Baja,2.070141643,1.0,1.0,1.0,1.0,2.117608696,1.0,1.043888889,futij,1,low,,,espanol_uno_mas_adultos,adultos_ninguno_analfabeta,,-500,0,6.702282231,7.858894815,2.418839839,14.523956096434295,EXCLUSION
2023-10,Elegible,Vulnerabilidad Elevada,1.0,1.0,2.578385269,1.0,1.776038647,2.117608696,2.580217391,1.043888889,sotap,1,low,,,espanol_uno_mas_adultos,adultos_ninguno_analfabeta,-500.0,0,0,8.975915299,28.09152966,3.051206127,36.45228537324866,INCLUSION
2023-11,No Elegible por Intenciones,Vulnerabilidad Elevada,2.070141643,2.051104816,1.0,1.0,1.776038647,2.823478261,1.790108696,1.043888889,futij,1,low,,,espanol_uno_mas_adultos,adultos_ninguno_analfabeta,-500.0,0,0,14.63015408,26.85846924,3.185095016,41.09510390983604,EXCLUSION
2023-09,Elegible,Vulnerabilidad Elevada,2.070141643,1.0,3.251728045,1.0,1.0,1.498900966,1.790108696,1.043888889,sotap,1,low,,,espanol_ningun_adulto,adultos_uno_mas_analfabeta,0.0,0,0,20.51851115,10.52243148,2.904430968,31.362626469860267,INCLUSION
2023-11,Lista de Reserva,Vulnerabilidad Moderada,1.0,1.525552408,1.0,1.0,1.776038647,2.117608696,1.790108696,1.0,sotap,1,low,,,espanol_ningun_adulto,adultos_ninguno_analfabeta,,0,0,3.741369748,21.88512181,2.722175411,25.04260747289278,EXCLUSION
2023-12,Elegible,Vulnerabilidad Elevada,1.0,1.0,2.578385269,1.0,1.776038647,2.823478261,2.580217391,1.043888889,sotap,3,average,jefatura_femenina,si,espanol_uno_mas_adultos,adultos_ninguno_analfabeta,0.0,-500,0,8.975915299,32.85812825,3.184241129,41.06549005402387,INCLUSION
2023-08,Elegible,Vulnerabilidad Baja,2.700708215,1.0,1.249197356,1.0,1.776038647,1.0,1.790108696,1.0,fupal,1,low,,,espanol_uno_mas_adultos,adultos_ninguno_analfabeta,,0,0,11.93561888,12.01413641,2.69058685,23.947228517367076,INCLUSION
2024-04,No Elegible por Intenciones,Vulnerabilidad Baja,1.0,1.525552408,1.0,1.0,1.0,1.498900966,1.0,1.0,sotap,3,low,jefatura_masculina,no,espanol_uno_mas_adultos,adultos_ninguno_analfabeta,0.0,0,0,3.741369748,3.815111519,2.217844323,7.554108183067449,EXCLUSION
2024-03,No Elegible,Vulnerabilidad Elevada,1.0,1.0,2.578385269,1.0,1.776038647,2.823478261,1.790108696,1.0,sotap,5,high,jefatura_femenina,no,espanol_uno_mas_adultos,adultos_ninguno_analfabeta,0.0,0,0,8.975915299,26.18890898,2.998104289,34.61089292935174,EXCLUSION
2024-01,Elegible,Vulnerabilidad Moderada,1.0,1.0,2.578385269,1.0,1.776038647,2.117608696,1.790108696,1.0,sotap,3,average,jefatura_masculina,no,espanol_uno_mas_adultos,adultos_ninguno_analfabeta,0.0,0,0,8.975915299,21.88512181,2.877986279,30.44560593426951,INCLUSION
2023-08,Lista de Reserva,Vulnerabilidad Baja,1.0,1.525552408,1.0,1.0,1.776038647,1.498900966,1.790108696,1.0,fupal,2,low,jefatura_masculina,no,espanol_uno_mas_adultos,adultos_ninguno_analfabeta,,-500,0,3.741369748,17.10850297,2.588860746,20.41970500378282,EXCLUSION
2023-08,Elegible,Vulnerabilidad Elevada,1.0,2.051104816,1.0,1.0,1.776038647,2.823478261,1.790108696,1.0,sotap,2,low,jefatura_masculina,no,espanol_uno_mas_adultos,adultos_ninguno_analfabeta,,0,0,6.609317356,26.18890898,2.927660413,32.16813549794806,INCLUSION
2023-08,Lista de Reserva,Vulnerabilidad Baja,1.0,1.0,1.0,1.0,1.0,2.117608696,1.790108696,1.0,sotap,4,average,jefatura_masculina,no,espanol_uno_mas_adultos,adultos_ninguno_analfabeta,,0,-500,0.0,14.16503897,2.395343965,13.709193850906429,EXCLUSION
2024-02,Elegible,Vulnerabilidad Moderada,1.0,1.0,1.0,1.0,1.776038647,2.823478261,2.580217391,1.0,foten,1,low,,,espanol_uno_mas_adultos,adultos_ninguno_analfabeta,0.0,0,0,0.0,32.12448674,2.896589272,31.09068863222006,INCLUSION
2023-11,No Elegible,Vulnerabilidad Elevada,2.070141643,1.0,1.0,1.0,1.776038647,2.117608696,2.580217391,1.043888889,sotap,3,complete,jefatura_femenina,si,espanol_uno_mas_adultos,adultos_ninguno_analfabeta,,0,0,6.702282231,28.09152966,2.983529432,34.10548451948735,EXCLUSION
2024-01,No Elegible,Vulnerabilidad Moderada,1.0,1.0,1.0,1.0,1.776038647,2.823478261,1.790108696,1.0,fupal,1,low,,,espanol_uno_mas_adultos,adultos_ninguno_analfabeta,,0,0,0.0,26.18890898,2.730928248,25.34612370011462,EXCLUSION
2024-03,Lista de Reserva,Vulnerabilidad Baja,1.0,1.0,1.0,1.0,1.776038647,1.0,1.790108696,1.0,sotap,4,low,jefatura_femenina,no,espanol_uno_mas_adultos,adultos_ninguno_analfabeta,-500.0,0,0,0.0,12.01413641,2.33531262,11.62750948618979,EXCLUSION
2024-06,No Elegible,Vulnerabilidad Elevada,2.700708215,1.0,3.251728045,1.0,1.776038647,2.823478261,1.790108696,1.0,foten,2,average,jefatura_femenina,si,espanol_uno_mas_adultos,adultos_ninguno_analfabeta,,0,0,24.2379543,26.18890898,3.45239235,50.36407960744292,EXCLUSION
2024-03,Elegible,Vulnerabilidad Elevada,1.0,1.0,2.578385269,1.0,1.776038647,2.823478261,2.580217391,1.043888889,fupal,3,average,jefatura_femenina,si,espanol_uno_mas_adultos,adultos_ninguno_analfabeta,0.0,0,0,8.975915299,32.85812825,3.184241129,41.06549005402387,INCLUSION
2024-01,No Elegible,Vulnerabilidad Moderada,2.070141643,1.0,2.578385269,1.0,1.0,1.498900966,1.790108696,1.043888889,foten,3,low,jefatura_masculina,no,espanol_uno_mas_adultos,adultos_ninguno_analfabeta,0.0,0,0,17.46888676,10.52243148,2.813656206,28.214862117365684,EXCLUSION
2023-06,No Elegible,Vulnerabilidad Elevada,1.0,2.051104816,2.578385269,1.0,1.776038647,2.823478261,1.790108696,1.0,foten,1,low,,,espanol_uno_mas_adultos,adultos_ninguno_analfabeta,0.0,0,0,17.3510839,26.18890898,3.247398574,43.25558283110052,EXCLUSION
2024-04,Elegible,Vulnerabilidad Baja,1.0,1.0,1.0,1.0,1.0,1.498900966,1.0,1.0,sotap,1,low,,,espanol_uno_mas_adultos,adultos_ninguno_analfabeta,0.0,0,0,0.0,3.815111519,2.10647915,3.692337415207061,INCLUSION
2024-01,Elegible,Vulnerabilidad Moderada,2.070141643,1.0,1.0,1.0,1.776038647,2.117608696,1.790108696,1.043888889,sotap,4,low,jefatura_masculina,no,espanol_uno_mas_adultos,adultos_ninguno_analfabeta,0.0,0,-500,6.702282231,22.50821784,2.827700095,28.70184925716677,INCLUSION
2024-06,No Elegible,Vulnerabilidad Moderada,1.0,1.525552408,1.0,1.0,1.776038647,2.823478261,1.790108696,1.0,foten,1,low,,,espanol_uno_mas_adultos,adultos_ninguno_analfabeta,,0,0,3.741369748,26.18890898,2.842293421,29.20789446797501,EXCLUSION
2024-06,No Elegible,Vulnerabilidad Baja,1.0,1.0,1.0,1.0,1.0,2.117608696,1.790108696,1.0,fupal,1,low,,,espanol_uno_mas_adultos,adultos_ninguno_analfabeta,0.0,0,0,0.0,14.16503897,2.395343965,13.709193850906429,EXCLUSION
2024-01,No Elegible por Duplicidad,Vulnerabilidad Baja,1.0,1.0,1.0,1.0,1.0,1.0,1.0,1.0,fupal,1,low,,,espanol_uno_mas_adultos,adultos_ninguno_analfabeta,-500.0,0,0,0.0,0.0,2.0,0.0,EXCLUSION
2023-06,No Elegible,Vulnerabilidad Elevada,1.0,2.051104816,1.249197356,1.0,1.776038647,2.823478261,2.580217391,1.043888889,sotap,2,complete,jefatura_femenina,si,espanol_uno_mas_adultos,adultos_ninguno_analfabeta,,0,0,8.909093135,32.85812825,3.182252108,40.99651748596419,EXCLUSION
2024-03,Elegible,Vulnerabilidad Baja,1.0,1.0,1.0,1.0,1.776038647,2.117608696,1.790108696,1.0,sotap,1,low,,,espanol_uno_mas_adultos,adultos_ninguno_analfabeta,-500.0,0,0,0.0,21.88512181,2.610810239,21.18083670503239,INCLUSION
2023-10,Lista de Reserva,Vulnerabilidad Severa,2.070141643,1.0,1.0,1.0,1.776038647,2.823478261,2.580217391,2.544987923,sotap,4,average,jefatura_femenina,no,espanol_uno_mas_adultos,adultos_ninguno_analfabeta,0.0,0,0,6.702282231,50.0,3.594991325,55.308918375475805,EXCLUSION
2023-08,Lista de Reserva,Vulnerabilidad Moderada,1.0,1.0,1.0,1.0,1.776038647,2.823478261,1.790108696,1.0,fupal,1,low,,,espanol_uno_mas_adultos,adultos_uno_mas_analfabeta,-500.0,0,0,0.0,26.18890898,2.730928248,25.34612370011462,EXCLUSION
2023-10,Lista de Reserva,Vulnerabilidad Baja,1.0,1.0,1.0,1.0,1.776038647,1.498900966,1.790108696,1.0,sotap,1,low,,,espanol_uno_mas_adultos,adultos_ninguno_analfabeta,,0,0,0.0,17.10850297,2.477495573,16.55793423592243,EXCLUSION
2024-01,Elegible,Vulnerabilidad Elevada,1.0,1.0,1.249197356,1.0,1.776038647,2.117608696,2.580217391,1.738466184,sotap,2,low,jefatura_femenina,no,espanol_ningun_adulto,adultos_ninguno_analfabeta,0.0,0,0,1.921713018,36.78475459,3.083858084,37.58454006717147,INCLUSION
2024-05,No Elegible,Vulnerabilidad Moderada,1.0,1.0,2.578385269,1.0,1.776038647,2.117608696,1.790108696,1.0,sotap,1,low,,,espanol_uno_mas_adultos,adultos_ninguno_analfabeta,,0,0,8.975915299,21.88512181,2.877986279,30.44560593426951,EXCLUSION
2024-06,Lista de Reserva,Vulnerabilidad Moderada,1.0,1.0,1.0,1.0,1.776038647,2.823478261,2.580217391,1.0,foten,2,average,jefatura_masculina,no,espanol_uno_mas_adultos,adultos_ninguno_analfabeta,,0,0,0.0,32.12448674,2.896589272,31.09068863222006,EXCLUSION
2023-09,No Elegible,Vulnerabilidad Moderada,2.070141643,1.0,1.249197356,1.0,1.776038647,1.498900966,1.790108696,1.043888889,sotap,2,average,jefatura_masculina,si,espanol_uno_mas_adultos,adultos_ninguno_analfabeta,-500.0,0,0,9.00737574,17.68003002,2.76155929,26.40831107261532,EXCLUSION
2023-10,Elegible,Vulnerabilidad Baja,1.0,1.0,1.0,1.0,1.0,1.0,1.0,1.0,futij,1,low,,,espanol_uno_mas_adultos,adultos_ninguno_analfabeta,,-500,0,0.0,0.0,2.0,0.0,INCLUSION
2024-04,No Elegible,Vulnerabilidad Baja,1.0,1.525552408,1.0,1.0,1.776038647,1.498900966,1.790108696,1.0,sotap,4,average,jefatura_masculina,no,espanol_ningun_adulto,adultos_ninguno_analfabeta,,0,0,3.741369748,17.10850297,2.588860746,20.41970500378282,EXCLUSION
2024-01,No Elegible,Vulnerabilidad Baja,1.0,1.0,1.0,1.0,1.776038647,1.498900966,1.790108696,1.0,sotap,3,low,jefatura_femenina,no,espanol_uno_mas_adultos,adultos_ninguno_analfabeta,,0,0,0.0,17.10850297,2.477495573,16.55793423592243,EXCLUSION
2024-01,No Elegible,Vulnerabilidad Elevada,2.070141643,1.0,3.251728045,1.0,1.776038647,2.117608696,1.790108696,1.043888889,sotap,3,average,jefatura_femenina,si,espanol_uno_mas_adultos,adultos_uno_mas_analfabeta,500.0,0,0,20.51851115,22.50821784,3.238952342,42.96269823900911,EXCLUSION
2023-12,No Elegible,Vulnerabilidad Elevada,1.0,1.0,3.251728045,1.0,1.776038647,2.823478261,2.580217391,1.0,foten,3,low,jefatura_masculina,si,espanol_uno_mas_adultos,adultos_ninguno_analfabeta,-500.0,0,0,11.51832969,32.12448674,3.23944252,42.97968968997395,EXCLUSION
2024-04,No Elegible,Vulnerabilidad Elevada,2.700708215,1.0,2.578385269,1.0,1.776038647,2.823478261,1.790108696,1.0,sotap,1,low,,,espanol_uno_mas_adultos,adultos_ninguno_analfabeta,0.0,0,0,20.97871872,26.18890898,3.355378326,46.99995856724294,EXCLUSION
2023-12,No Elegible,Vulnerabilidad Elevada,1.0,1.0,3.251728045,1.0,1.776038647,2.823478261,1.790108696,1.043888889,sotap,2,average,jefatura_femenina,si,espanol_uno_mas_adultos,adultos_ninguno_analfabeta,0.0,0,0,11.51832969,26.85846924,3.092468817,37.88313789914145,EXCLUSION
2024-06,No Elegible,Vulnerabilidad Baja,1.0,1.0,3.251728045,1.0,1.0,1.498900966,1.0,1.043888889,sotap,2,average,jefatura_masculina,no,espanol_uno_mas_adultos,adultos_ninguno_analfabeta,,0,0,11.51832969,4.243121443,2.461278087,15.995574609596703,EXCLUSION
2024-02,No Elegible,Vulnerabilidad Moderada,2.700708215,1.0,1.0,1.0,1.776038647,2.117608696,1.790108696,1.0,pcr_cdmx,1,low,,,espanol_uno_mas_adultos,adultos_ninguno_analfabeta,,0,0,9.472088355,21.88512181,2.892755308,30.95774633538465,EXCLUSION
2024-06,No Elegible por Duplicidad,Vulnerabilidad Elevada,1.599560907,1.0,2.578385269,1.0,1.776038647,2.823478261,2.580217391,1.043888889,sotap,1,low,,,espanol_uno_mas_adultos,adultos_ninguno_analfabeta,0.0,0,0,14.28054816,32.85812825,3.342138208,46.54083130512371,EXCLUSION
2023-10,No Elegible,Vulnerabilidad Baja,1.0,2.051104816,1.0,1.0,1.776038647,2.823478261,1.0,1.0,fupal,1,low,,,espanol_uno_mas_adultos,adultos_ninguno_analfabeta,,-500,0,6.609317356,17.78726377,2.693171842,24.036863632451063,EXCLUSION
2024-04,No Elegible,Vulnerabilidad Baja,1.0,1.0,1.0,1.0,1.776038647,1.498900966,1.790108696,1.0,fupal,2,low,jefatura_masculina,no,espanol_uno_mas_adultos,adultos_ninguno_analfabeta,,-500,0,0.0,17.10850297,2.477495573,16.55793423592243,EXCLUSION
2023-07,No Elegible,Vulnerabilidad Elevada,1.0,2.051104816,1.0,1.0,1.776038647,2.823478261,1.790108696,1.043888889,sotap,4,average,jefatura_femenina,si,espanol_uno_mas_adultos,adultos_ninguno_analfabeta,,0,0,6.609317356,26.85846924,2.946347732,32.816148639221,EXCLUSION
2024-01,No Elegible,Vulnerabilidad Baja,1.0,1.0,1.0,1.0,1.776038647,1.498900966,1.790108696,1.043888889,sotap,1,low,,,espanol_uno_mas_adultos,adultos_ninguno_analfabeta,0.0,0,0,0.0,17.68003002,2.493446802,17.11106897392638,EXCLUSION
2023-11,Elegible,Vulnerabilidad Elevada,1.0,1.0,3.251728045,1.0,1.776038647,2.823478261,1.790108696,1.0,foten,1,low,,,espanol_ningun_adulto,adultos_uno_mas_analfabeta,,0,0,11.51832969,26.18890898,3.073781497,37.23512475786851,INCLUSION
2024-05,Elegible,Vulnerabilidad Baja,2.070141643,1.0,1.0,1.0,1.776038647,1.498900966,1.790108696,1.0,sotap,4,average,jefatura_femenina,si,espanol_uno_mas_adultos,adultos_ninguno_analfabeta,0.0,0,0,6.702282231,17.10850297,2.676994919,23.47590261139824,INCLUSION
2024-05,No Elegible,Vulnerabilidad Severa,1.0,2.051104816,2.578385269,1.0,1.776038647,2.823478261,2.580217391,1.738466184,sotap,2,complete,jefatura_femenina,si,espanol_ningun_adulto,adultos_uno_mas_analfabeta,0.0,0,0,17.3510839,42.19960637,3.69425457,58.75103996839293,EXCLUSION
2023-08,No Elegible,Vulnerabilidad Elevada,1.0,1.0,1.0,1.0,1.776038647,2.823478261,2.580217391,1.043888889,foten,3,low,jefatura_femenina,no,espanol_uno_mas_adultos,adultos_ninguno_analfabeta,-500.0,0,0,0.0,32.85812825,2.917065088,31.80072082478675,EXCLUSION
2023-07,Lista de Reserva,Vulnerabilidad Severa,2.700708215,1.0,2.578385269,1.0,1.776038647,2.823478261,2.580217391,1.0,sotap,2,average,jefatura_masculina,no,espanol_uno_mas_adultos,adultos_ninguno_analfabeta,,0,0,20.97871872,32.12448674,3.521039349,52.74452349934838,EXCLUSION
2023-09,No Elegible,Vulnerabilidad Moderada,1.0,1.0,1.0,1.0,1.776038647,2.823478261,2.580217391,1.0,sotap,2,low,jefatura_masculina,no,espanol_uno_mas_adultos,adultos_ninguno_analfabeta,,-500,0,0.0,32.12448674,2.896589272,31.09068863222006,EXCLUSION
2023-08,No Elegible por Intenciones,Vulnerabilidad Baja,1.0,1.0,1.0,1.0,1.776038647,1.498900966,1.790108696,1.0,sotap,1,low,,,espanol_uno_mas_adultos,adultos_ninguno_analfabeta,0.0,0,0,0.0,17.10850297,2.477495573,16.55793423592243,EXCLUSION
2024-04,No Elegible,Vulnerabilidad Elevada,1.0,1.0,2.578385269,1.0,1.776038647,2.823478261,2.580217391,1.043888889,fupal,2,average,jefatura_femenina,si,espanol_uno_mas_adultos,adultos_ninguno_analfabeta,,0,0,8.975915299,32.85812825,3.184241129,41.06549005402387,EXCLUSION
2024-01,Elegible,Vulnerabilidad Severa,2.070141643,2.051104816,1.0,1.0,1.776038647,2.823478261,1.790108696,2.544987923,sotap,2,average,jefatura_femenina,si,espanol_uno_mas_adultos,adultos_ninguno_analfabeta,,0,0,14.63015408,42.50305317,3.621732844,56.23622948438472,INCLUSION
2023-09,No Elegible por Intenciones,Vulnerabilidad Severa,2.700708215,1.0,3.251728045,1.0,1.776038647,2.117608696,2.580217391,2.544987923,sotap,2,average,jefatura_masculina,no,espanol_uno_mas_adultos,adultos_ninguno_analfabeta,0.0,0,0,24.2379543,44.04383881,3.950720577,67.64441994058369,EXCLUSION
2023-07,No Elegible,Vulnerabilidad Baja,1.0,1.0,1.0,1.0,1.0,1.0,1.790108696,1.043888889,foten,4,average,jefatura_masculina,no,espanol_ningun_adulto,adultos_uno_mas_analfabeta,,0,0,0.0,6.061858428,2.169185496,5.866781761928531,EXCLUSION
2024-06,Lista de Reserva,Vulnerabilidad Moderada,2.700708215,1.0,2.578385269,1.0,1.0,1.0,1.790108696,1.0,sotap,5,high,jefatura_masculina,no,espanol_uno_mas_adultos,adultos_ninguno_analfabeta,0.0,0,0,20.97871872,5.614422911,2.78114772,27.08758003442943,EXCLUSION
2024-06,No Elegible,Vulnerabilidad Moderada,1.0,1.0,1.0,1.0,1.776038647,2.117608696,2.580217391,1.0,fupal,2,average,jefatura_femenina,no,espanol_uno_mas_adultos,adultos_ninguno_analfabeta,,0,0,0.0,27.40879931,2.764975192,26.526756739404888,EXCLUSION
2023-10,Lista de Reserva,Vulnerabilidad Baja,1.0,1.0,1.0,1.0,1.0,1.498900966,1.0,1.0,sotap,2,low,jefatura_masculina,no,espanol_uno_mas_adultos,adultos_ninguno_analfabeta,0.0,0,0,0.0,3.815111519,2.10647915,3.692337415207061,EXCLUSION
2024-02,Lista de Reserva,Vulnerabilidad Baja,1.0,1.0,1.0,1.0,1.0,2.823478261,1.0,1.0,sotap,1,low,,,espanol_uno_mas_adultos,adultos_ninguno_analfabeta,0.0,0,0,0.0,10.61532135,2.296271916,10.27370969363565,EXCLUSION
2023-08,Lista de Reserva,Vulnerabilidad Moderada,2.070141643,1.0,1.0,1.0,1.776038647,1.498900966,2.580217391,1.043888889,sotap,3,average,jefatura_femenina,si,espanol_uno_mas_adultos,adultos_ninguno_analfabeta,,0,0,6.702282231,22.80125306,2.835878661,28.985454310751948,EXCLUSION
2024-02,Elegible,Vulnerabilidad Baja,1.0,1.0,1.0,1.0,1.0,1.0,1.790108696,1.0,fusal,1,low,,,espanol_ningun_adulto,adultos_ninguno_analfabeta,,0,0,0.0,5.614422911,2.156697643,5.433745167301109,INCLUSION
2023-08,Elegible,Vulnerabilidad Baja,2.700708215,1.0,1.0,1.0,1.0,1.0,1.0,1.0,foten,1,low,,,espanol_uno_mas_adultos,adultos_ninguno_analfabeta,,0,0,9.472088355,0.0,2.28194507,9.776909630352256,INCLUSION
2023-12,Elegible,Vulnerabilidad Baja,1.0,1.0,1.0,1.0,1.0,1.498900966,1.0,1.0,pcr_cdmx,3,average,jefatura_femenina,no,espanol_uno_mas_adultos,adultos_ninguno_analfabeta,0.0,0,0,0.0,3.815111519,2.10647915,3.692337415207061,INCLUSION
2024-07,No Elegible,Vulnerabilidad Baja,1.0,1.0,1.0,1.0,1.0,1.0,1.0,1.0,sotap,1,low,,,espanol_uno_mas_adultos,adultos_ninguno_analfabeta,0.0,0,0,0.0,0.0,2.0,0.0,EXCLUSION
2023-08,No Elegible,Vulnerabilidad Elevada,2.070141643,1.0,1.0,1.0,1.776038647,1.0,2.580217391,2.544987923,sotap,1,low,,,espanol_ningun_adulto,adultos_ninguno_analfabeta,0.0,0,-500,6.702282231,30.38303782,3.047485057,36.32324965539039,EXCLUSION
2024-01,Lista de Reserva,Vulnerabilidad Elevada,1.0,1.0,2.578385269,1.0,1.776038647,2.117608696,2.580217391,1.0,sotap,3,average,jefatura_femenina,si,espanol_uno_mas_adultos,adultos_ninguno_analfabeta,,0,0,8.975915299,27.40879931,3.032151233,35.791525968642006,EXCLUSION
2024-01,Elegible,Vulnerabilidad Baja,2.700708215,1.0,1.249197356,1.564135978,1.0,1.0,1.790108696,1.043888889,fomon,1,low,,,espanol_uno_mas_adultos,adultos_ninguno_analfabeta,0.0,0,0,17.32315919,6.061858428,2.684824618,23.74741753782192,INCLUSION
2024-02,No Elegible,Vulnerabilidad Elevada,2.070141643,1.0,2.578385269,1.0,1.0,1.498900966,2.580217391,2.544987923,sotap,1,low,,,espanol_uno_mas_adultos,adultos_ninguno_analfabeta,0.0,0,0,17.46888676,27.63345952,3.291222254,44.77524016401044,EXCLUSION
2023-08,Elegible,Vulnerabilidad Moderada,1.0,1.0,3.251728045,1.0,1.776038647,1.498900966,1.790108696,1.0,foten,1,low,,,espanol_uno_mas_adultos,adultos_ninguno_analfabeta,0.0,0,0,11.51832969,17.10850297,2.820348822,28.44693529367632,INCLUSION
2024-05,Lista de Reserva,Vulnerabilidad Elevada,2.070141643,1.0,2.578385269,1.0,1.776038647,2.823478261,2.580217391,1.043888889,fupal,1,low,,,espanol_ningun_adulto,adultos_uno_mas_analfabeta,,0,0,17.46888676,32.85812825,3.43704192,49.83177382961031,EXCLUSION
2023-12,No Elegible,Vulnerabilidad Baja,2.070141643,1.0,1.0,1.0,1.776038647,1.0,2.580217391,1.043888889,fupal,1,low,,,espanol_uno_mas_adultos,adultos_ninguno_analfabeta,-500.0,0,0,6.702282231,17.15905947,2.678405943,23.524832152671745,EXCLUSION
2023-07,No Elegible,Vulnerabilidad Baja,1.0,1.0,1.0,1.0,1.0,1.498900966,1.790108696,1.0,pcr_cdmx,1,low,,,espanol_uno_mas_adultos,adultos_ninguno_analfabeta,,0,0,0.0,10.02735341,2.279861825,9.70466314991279,EXCLUSION
2023-07,No Elegible,Vulnerabilidad Baja,1.0,1.525552408,1.0,1.0,1.0,2.117608696,1.790108696,1.0,sotap,1,low,,,espanol_uno_mas_adultos,adultos_ninguno_analfabeta,0.0,0,0,3.741369748,14.16503897,2.506709138,17.570964618766816,EXCLUSION
2024-04,No Elegible,Vulnerabilidad Severa,2.700708215,2.051104816,2.578385269,1.0,1.776038647,2.117608696,2.580217391,1.0,sotap,2,average,jefatura_femenina,si,espanol_uno_mas_adultos,adultos_uno_mas_analfabeta,0.0,0,0,31.71522481,27.40879931,3.709006849,59.2626091990155,EXCLUSION
2023-08,No Elegible por Duplicidad,Vulnerabilidad Elevada,1.0,1.0,3.251728045,1.0,1.776038647,1.498900966,2.580217391,1.043888889,sotap,1,low,,,espanol_uno_mas_adultos,adultos_ninguno_analfabeta,0.0,0,-500,11.51832969,22.80125306,2.979232564,33.956486993030026,EXCLUSION
2024-06,Lista de Reserva,Vulnerabilidad Baja,1.0,1.0,1.0,1.0,1.0,1.0,1.0,1.0,sotap,1,low,,,espanol_uno_mas_adultos,adultos_ninguno_analfabeta,,0,0,0.0,0.0,2.0,0.0,EXCLUSION
2024-04,No Elegible,Vulnerabilidad Baja,2.700708215,1.0,1.0,1.0,1.0,1.0,1.790108696,1.0,fupal,1,low,,,espanol_uno_mas_adultos,adultos_ninguno_analfabeta,0.0,0,0,9.472088355,5.614422911,2.438642712,15.210654797653364,EXCLUSION
2024-03,No Elegible,Vulnerabilidad Severa,2.700708215,1.525552408,3.251728045,1.0,1.776038647,2.823478261,1.790108696,1.0,sotap,4,average,jefatura_femenina,si,espanol_ningun_adulto,adultos_ninguno_analfabeta,-500.0,0,0,30.67858802,26.18890898,3.644103496,57.01197936118624,EXCLUSION
2023-07,No Elegible,Vulnerabilidad Elevada,2.070141643,1.0,1.0,1.0,1.776038647,1.498900966,2.580217391,2.544987923,pcr_cdmx,2,average,jefatura_masculina,no,espanol_uno_mas_adultos,adultos_ninguno_analfabeta,-500.0,0,0,6.702282231,37.43330939,3.244257006,43.14663643599621,EXCLUSION
2024-05,No Elegible,Vulnerabilidad Baja,1.0,1.0,2.578385269,1.0,1.0,1.498900966,1.0,1.0,fupal,1,low,,,espanol_uno_mas_adultos,adultos_uno_mas_analfabeta,0.0,0,0,8.975915299,3.815111519,2.373655191,12.95710664444418,EXCLUSION
2024-01,Lista de Reserva,Vulnerabilidad Baja,1.0,1.0,1.0,1.0,1.0,1.498900966,1.0,1.0,sotap,1,low,,,espanol_uno_mas_adultos,adultos_ninguno_analfabeta,,0,0,0.0,3.815111519,2.10647915,3.692337415207061,EXCLUSION
2024-02,No Elegible,Vulnerabilidad Baja,1.0,1.0,1.0,1.0,1.0,1.0,1.790108696,1.0,fomon,1,low,,,espanol_uno_mas_adultos,adultos_ninguno_analfabeta,0.0,0,0,0.0,5.614422911,2.156697643,5.433745167301109,EXCLUSION
2023-06,No Elegible,Vulnerabilidad Baja,1.0,2.051104816,1.0,1.0,1.776038647,1.498900966,1.790108696,1.0,sotap,3,low,jefatura_masculina,si,espanol_uno_mas_adultos,adultos_ninguno_analfabeta,,0,0,6.609317356,17.10850297,2.674227738,23.379946033755868,EXCLUSION
2024-03,Elegible,Vulnerabilidad Severa,1.0,2.051104816,2.578385269,1.0,1.776038647,2.823478261,2.580217391,1.738466184,sotap,3,average,jefatura_femenina,si,espanol_uno_mas_adultos,adultos_ninguno_analfabeta,0.0,0,0,17.3510839,42.19960637,3.69425457,58.75103996839293,INCLUSION
2024-04,No Elegible,Vulnerabilidad Baja,1.0,1.0,1.0,1.0,1.0,1.0,1.790108696,1.0,sotap,1,low,,,espanol_ningun_adulto,adultos_ninguno_analfabeta,,0,0,0.0,5.614422911,2.156697643,5.433745167301109,EXCLUSION
2024-04,No Elegible,Vulnerabilidad Baja,1.0,1.0,1.0,1.0,1.0,2.117608696,1.790108696,1.0,sotap,1,low,,,espanol_uno_mas_adultos,adultos_ninguno_analfabeta,,0,0,0.0,14.16503897,2.395343965,13.709193850906429,EXCLUSION
2024-06,No Elegible,Vulnerabilidad Elevada,1.0,2.051104816,2.578385269,1.0,1.776038647,1.0,2.580217391,1.738466184,sotap,3,average,jefatura_femenina,si,espanol_uno_mas_adultos,adultos_ninguno_analfabeta,,0,0,17.3510839,24.36547812,3.196506911,41.49083179960618,EXCLUSION
2023-11,Lista de Reserva,Vulnerabilidad Baja,2.700708215,1.0,1.249197356,1.0,1.0,1.0,1.0,1.0,pcr_cdmx,5,average,jefatura_masculina,no,espanol_uno_mas_adultos,adultos_ninguno_analfabeta,0.0,0,0,11.93561888,0.0,2.35527423,12.31971903117728,EXCLUSION
2024-05,Lista de Reserva,Vulnerabilidad Elevada,2.070141643,1.0,2.578385269,1.0,1.776038647,2.117608696,2.580217391,1.043888889,foten,4,average,jefatura_femenina,no,espanol_uno_mas_adultos,adultos_ninguno_analfabeta,,0,0,17.46888676,28.09152966,3.304006918,45.2185691488351,EXCLUSION
2024-07,No Elegible,Vulnerabilidad Baja,1.0,1.0,1.0,1.0,1.776038647,1.0,1.790108696,1.0,fusal,1,low,,,espanol_ningun_adulto,adultos_ninguno_analfabeta,,0,0,0.0,12.01413641,2.33531262,11.62750948618979,EXCLUSION
2023-09,Elegible,Vulnerabilidad Moderada,1.0,1.0,2.578385269,1.0,1.776038647,2.117608696,1.790108696,1.0,,2,average,jefatura_masculina,si,espanol_ningun_adulto,adultos_uno_mas_analfabeta,,0,0,8.975915299,21.88512181,2.877986279,30.44560593426951,INCLUSION
2023-06,No Elegible,Vulnerabilidad Baja,1.0,1.0,1.0,1.0,1.0,1.0,1.790108696,1.0,fupal,1,low,,,espanol_uno_mas_adultos,adultos_ninguno_analfabeta,,0,0,0.0,5.614422911,2.156697643,5.433745167301109,EXCLUSION
2024-01,Lista de Reserva,Vulnerabilidad Elevada,2.070141643,1.0,2.578385269,1.0,1.776038647,2.117608696,2.580217391,1.043888889,sotap,1,low,,,espanol_ningun_adulto,adultos_uno_mas_analfabeta,0.0,0,0,17.46888676,28.09152966,3.304006918,45.2185691488351,EXCLUSION
2024-02,No Elegible,Vulnerabilidad Baja,1.0,1.525552408,1.0,1.0,1.776038647,1.0,1.0,1.0,sotap,1,low,,,espanol_uno_mas_adultos,adultos_ninguno_analfabeta,,0,0,3.741369748,5.532745347,2.265783208,9.21646683684858,EXCLUSION
2024-07,Lista de Reserva,Vulnerabilidad Elevada,2.700708215,1.0,3.251728045,1.0,1.776038647,2.117608696,2.580217391,1.0,sotap,2,average,jefatura_femenina,si,espanol_uno_mas_adultos,adultos_ninguno_analfabeta,,0,0,24.2379543,27.40879931,3.486439293,51.54471264673319,EXCLUSION
2023-08,Elegible,Vulnerabilidad Elevada,2.070141643,1.0,2.578385269,1.0,1.776038647,1.0,2.580217391,2.544987923,sotap,2,low,jefatura_femenina,no,espanol_uno_mas_adultos,adultos_uno_mas_analfabeta,-500.0,0,0,17.46888676,30.38303782,3.367962543,47.43633428473814,INCLUSION
2023-08,Elegible,Vulnerabilidad Moderada,1.0,1.0,1.0,1.0,1.776038647,2.823478261,1.790108696,1.0,sotap,1,low,,,espanol_uno_mas_adultos,adultos_ninguno_analfabeta,0.0,0,0,0.0,26.18890898,2.730928248,25.34612370011462,INCLUSION
2023-09,Lista de Reserva,Vulnerabilidad Baja,1.0,1.0,1.0,1.564135978,1.0,2.117608696,1.0,1.0,sotap,1,low,,,espanol_uno_mas_adultos,adultos_ninguno_analfabeta,,0,0,3.975239986,7.392265486,2.32464347,11.2575421743845,EXCLUSION
2023-07,Lista de Reserva,Vulnerabilidad Elevada,2.700708215,2.051104816,2.578385269,1.0,1.0,1.0,1.0,1.0,fupal,2,average,jefatura_masculina,si,espanol_uno_mas_adultos,adultos_uno_mas_analfabeta,,0,0,31.71522481,0.0,2.944031657,32.73585245961061,EXCLUSION
2024-05,No Elegible,Vulnerabilidad Baja,1.0,1.0,2.578385269,1.0,1.0,1.498900966,1.0,1.0,sotap,7,high,jefatura_masculina,no,espanol_uno_mas_adultos,adultos_ninguno_analfabeta,,0,0,8.975915299,3.815111519,2.373655191,12.95710664444418,EXCLUSION
2024-01,Elegible,Vulnerabilidad Baja,1.0,1.525552408,1.0,1.0,1.776038647,1.498900966,1.0,1.0,sotap,2,low,jefatura_masculina,no,espanol_uno_mas_adultos,adultos_ninguno_analfabeta,,0,-500,3.741369748,9.93697889,2.388704659,13.478967740201298,INCLUSION
2024-03,Elegible,Vulnerabilidad Baja,2.700708215,1.0,1.0,1.0,1.776038647,1.0,1.790108696,1.0,sotap,1,low,,,espanol_uno_mas_adultos,adultos_ninguno_analfabeta,0.0,0,0,9.472088355,12.01413641,2.61725769,21.404419116542044,INCLUSION
2023-12,No Elegible,Vulnerabilidad Baja,1.0,1.0,1.0,1.0,1.776038647,1.498900966,1.790108696,1.0,fomon,1,low,,,espanol_uno_mas_adultos,adultos_ninguno_analfabeta,,0,0,0.0,17.10850297,2.477495573,16.55793423592243,EXCLUSION
2024-01,Elegible,Vulnerabilidad Baja,1.0,1.0,1.0,1.0,1.776038647,1.498900966,1.790108696,1.0,pcr_cdmx,3,low,jefatura_masculina,no,espanol_ningun_adulto,adultos_uno_mas_analfabeta,,0,0,0.0,17.10850297,2.477495573,16.55793423592243,INCLUSION
2023-11,Lista de Reserva,Vulnerabilidad Severa,2.700708215,2.051104816,3.251728045,1.0,1.776038647,2.823478261,1.790108696,1.0,futij,2,complete,jefatura_femenina,si,espanol_uno_mas_adultos,adultos_ninguno_analfabeta,0.0,0,0,35.61565687,26.18890898,3.791059708,62.10792802384809,EXCLUSION
2023-07,No Elegible,Vulnerabilidad Elevada,1.0,1.525552408,2.578385269,1.0,1.776038647,1.498900966,1.790108696,1.043888889,sotap,3,low,jefatura_femenina,no,espanol_uno_mas_adultos,adultos_uno_mas_analfabeta,,0,-500,13.7168894,17.68003002,2.901742121,31.269381591707777,EXCLUSION
2024-03,Elegible,Vulnerabilidad Elevada,1.0,1.0,3.251728045,1.0,1.776038647,2.823478261,1.790108696,1.0,fupal,4,average,jefatura_masculina,no,espanol_uno_mas_adultos,adultos_ninguno_analfabeta,-500.0,0,0,11.51832969,26.18890898,3.073781497,37.23512475786851,INCLUSION
2024-01,No Elegible,Vulnerabilidad Baja,2.070141643,1.0,1.0,1.0,1.776038647,1.498900966,1.790108696,1.043888889,pcr_cdmx,1,low,,,espanol_uno_mas_adultos,adultos_ninguno_analfabeta,0.0,0,0,6.702282231,17.68003002,2.692946147,24.029037349402188,EXCLUSION
2023-08,No Elegible,Vulnerabilidad Moderada,1.0,1.525552408,1.0,1.0,1.776038647,2.117608696,2.580217391,1.043888889,sotap,1,low,,,espanol_uno_mas_adultos,adultos_ninguno_analfabeta,0.0,0,0,3.741369748,28.09152966,2.895395259,31.049286911871928,EXCLUSION
2024-03,Elegible,Vulnerabilidad Elevada,2.700708215,2.051104816,2.578385269,1.0,1.0,1.0,1.0,1.0,sotap,2,complete,jefatura_femenina,si,espanol_uno_mas_adultos,adultos_ninguno_analfabeta,,0,0,31.71522481,0.0,2.944031657,32.73585245961061,INCLUSION
2023-08,Elegible,Vulnerabilidad Baja,1.0,1.525552408,1.0,1.0,1.0,2.117608696,1.0,1.0,futij,1,low,,,espanol_uno_mas_adultos,adultos_ninguno_analfabeta,,0,0,3.741369748,7.392265486,2.317682116,11.016145758255425,INCLUSION
2024-02,Elegible,Vulnerabilidad Elevada,1.0,1.525552408,1.0,1.564135978,1.776038647,2.823478261,2.580217391,1.0,fupal,3,low,jefatura_masculina,no,espanol_uno_mas_adultos,adultos_ninguno_analfabeta,,0,-500,8.159313021,32.12448674,3.139458425,39.512576505548864,INCLUSION
2024-06,No Elegible,Vulnerabilidad Elevada,2.700708215,1.0,2.578385269,1.0,1.776038647,1.498900966,1.790108696,2.544987923,fupal,1,low,,,espanol_uno_mas_adultos,adultos_ninguno_analfabeta,,0,0,20.97871872,31.0340229,3.490604678,51.689151876183416,EXCLUSION
2024-06,No Elegible,Vulnerabilidad Moderada,1.0,1.0,1.0,1.0,1.776038647,2.823478261,1.790108696,1.0,sotap,1,low,,,espanol_uno_mas_adultos,adultos_ninguno_analfabeta,,0,0,0.0,26.18890898,2.730928248,25.34612370011462,EXCLUSION
2023-10,No Elegible,Vulnerabilidad Baja,1.0,1.0,2.578385269,1.0,1.0,1.498900966,1.0,1.0,sotap,2,low,jefatura_femenina,no,espanol_uno_mas_adultos,adultos_ninguno_analfabeta,,0,0,8.975915299,3.815111519,2.373655191,12.95710664444418,EXCLUSION
2023-09,Lista de Reserva,Vulnerabilidad Baja,1.0,1.0,1.0,1.0,1.776038647,1.498900966,2.580217391,1.0,sotap,4,average,jefatura_masculina,no,espanol_uno_mas_adultos,adultos_ninguno_analfabeta,,0,0,0.0,22.17502718,2.618901451,21.46141263032042,EXCLUSION
2024-07,Lista de Reserva,Vulnerabilidad Baja,1.0,1.525552408,1.0,1.0,1.776038647,1.0,1.0,1.0,sotap,1,low,,,espanol_uno_mas_adultos,adultos_ninguno_analfabeta,,0,0,3.741369748,5.532745347,2.265783208,9.21646683684858,EXCLUSION
2024-06,No Elegible,Vulnerabilidad Baja,1.0,1.0,1.0,1.0,1.776038647,1.498900966,1.790108696,1.0,fupal,1,low,,,espanol_uno_mas_adultos,adultos_ninguno_analfabeta,,0,0,0.0,17.10850297,2.477495573,16.55793423592243,EXCLUSION
2023-08,Lista de Reserva,Vulnerabilidad Moderada,2.700708215,1.0,2.578385269,1.0,1.0,2.117608696,1.0,1.0,pcr_cdmx,2,average,jefatura_femenina,si,espanol_ningun_adulto,adultos_ninguno_analfabeta,,0,0,20.97871872,7.392265486,2.830767021,28.808209857523355,EXCLUSION
2023-09,No Elegible,Vulnerabilidad Elevada,2.700708215,2.051104816,1.249197356,1.0,1.776038647,1.0,1.790108696,1.0,sotap,4,average,jefatura_masculina,no,espanol_uno_mas_adultos,adultos_ninguno_analfabeta,,0,0,20.89305637,12.01413641,2.957212882,33.19292530323276,EXCLUSION
2024-02,No Elegible,Vulnerabilidad Baja,1.0,1.0,2.578385269,1.0,1.0,1.498900966,1.0,1.0,fupal,1,low,,,espanol_uno_mas_adultos,adultos_ninguno_analfabeta,0.0,0,0,8.975915299,3.815111519,2.373655191,12.95710664444418,EXCLUSION
2024-02,Elegible,Vulnerabilidad Baja,1.0,1.0,2.578385269,1.0,1.0,1.498900966,1.790108696,1.043888889,pcr_cdmx,1,low,,,espanol_uno_mas_adultos,adultos_ninguno_analfabeta,0.0,0,0,8.975915299,10.52243148,2.560855415,19.44857834177924,INCLUSION
2024-01,Lista de Reserva,Vulnerabilidad Baja,2.700708215,1.0,1.249197356,1.0,1.0,1.0,1.790108696,1.0,fomon,2,average,jefatura_femenina,si,espanol_uno_mas_adultos,adultos_ninguno_analfabeta,0.0,0,0,11.93561888,5.614422911,2.511971873,17.75346419847839,EXCLUSION
2024-05,Lista de Reserva,Vulnerabilidad Elevada,1.0,1.0,3.251728045,1.0,1.776038647,2.823478261,1.790108696,1.738466184,sotap,5,high,jefatura_femenina,no,espanol_uno_mas_adultos,adultos_ninguno_analfabeta,,0,0,11.51832969,35.38399904,3.330414986,46.13430762464765,EXCLUSION
2024-05,Elegible,Vulnerabilidad Baja,1.0,1.0,1.0,1.0,1.776038647,1.498900966,1.790108696,1.0,sotap,1,low,,,espanol_uno_mas_adultos,adultos_ninguno_analfabeta,0.0,0,0,0.0,17.10850297,2.477495573,16.55793423592243,INCLUSION
2024-04,Lista de Reserva,Vulnerabilidad Baja,1.0,1.0,2.578385269,1.0,1.776038647,1.0,1.790108696,1.043888889,sotap,3,average,jefatura_masculina,no,espanol_uno_mas_adultos,adultos_ninguno_analfabeta,0.0,0,0,8.975915299,12.53066404,2.616904864,21.39218396976588,EXCLUSION
2024-02,No Elegible,Vulnerabilidad Baja,1.0,1.0,1.0,1.0,1.0,1.498900966,1.0,1.0,sotap,3,low,jefatura_masculina,no,espanol_uno_mas_adultos,adultos_ninguno_analfabeta,0.0,0,0,0.0,3.815111519,2.10647915,3.692337415207061,EXCLUSION
2024-05,No Elegible,Vulnerabilidad Moderada,1.0,1.0,1.0,1.0,1.776038647,2.823478261,1.790108696,1.0,sotap,1,low,,,espanol_uno_mas_adultos,adultos_ninguno_analfabeta,,0,0,0.0,26.18890898,2.730928248,25.34612370011462,EXCLUSION
2023-10,Lista de Reserva,Vulnerabilidad Baja,1.0,1.0,1.0,1.0,1.0,1.0,1.0,1.0,sotap,2,average,jefatura_femenina,si,espanol_uno_mas_adultos,adultos_ninguno_analfabeta,-500.0,0,0,0.0,0.0,2.0,0.0,EXCLUSION
2023-09,No Elegible,Vulnerabilidad Elevada,1.0,1.0,2.578385269,1.0,1.776038647,2.117608696,2.580217391,1.043888889,sotap,1,low,,,espanol_uno_mas_adultos,adultos_uno_mas_analfabeta,0.0,0,0,8.975915299,28.09152966,3.051206127,36.45228537324866,EXCLUSION
2023-12,Lista de Reserva,Vulnerabilidad Baja,2.700708215,1.0,1.0,1.0,1.776038647,1.0,1.790108696,1.0,fupal,1,low,,,espanol_uno_mas_adultos,adultos_ninguno_analfabeta,,0,0,9.472088355,12.01413641,2.61725769,21.404419116542044,EXCLUSION
2024-02,Elegible,Vulnerabilidad Elevada,2.700708215,1.0,1.249197356,1.0,1.776038647,2.823478261,1.790108696,1.043888889,foten,4,low,jefatura_masculina,no,espanol_uno_mas_adultos,adultos_ninguno_analfabeta,,0,0,11.93561888,26.85846924,3.104889798,38.31385587256485,INCLUSION
2023-10,Elegible,Vulnerabilidad Severa,2.070141643,2.051104816,2.578385269,1.0,1.776038647,2.823478261,2.580217391,2.544987923,sotap,3,complete,jefatura_masculina,no,espanol_uno_mas_adultos,adultos_uno_mas_analfabeta,0.0,0,0,27.51489601,50.0,4.214497142,76.79130287849782,INCLUSION
2023-09,Lista de Reserva,Vulnerabilidad Severa,2.700708215,1.0,1.249197356,1.0,1.776038647,2.117608696,2.580217391,2.544987923,,3,low,jefatura_femenina,si,espanol_uno_mas_adultos,adultos_ninguno_analfabeta,0.0,0,0,11.93561888,44.04383881,3.584530706,54.94618306443267,EXCLUSION
2024-02,Elegible,Vulnerabilidad Moderada,1.0,1.0,2.578385269,1.564135978,1.776038647,1.0,1.790108696,1.0,foten,1,low,,,espanol_uno_mas_adultos,adultos_ninguno_analfabeta,0.0,0,0,14.01324416,12.01413641,2.7524292,26.09171385650275,INCLUSION
2023-08,No Elegible,Vulnerabilidad Baja,1.0,1.0,1.0,1.0,1.776038647,1.498900966,1.790108696,1.0,sotap,1,low,,,espanol_uno_mas_adultos,adultos_ninguno_analfabeta,,0,0,0.0,17.10850297,2.477495573,16.55793423592243,EXCLUSION
2024-05,No Elegible,Vulnerabilidad Baja,1.0,1.0,1.249197356,1.0,1.776038647,1.0,2.580217391,1.0,sotap,3,average,jefatura_femenina,no,espanol_uno_mas_adultos,adultos_ninguno_analfabeta,0.0,0,0,1.921713018,16.59309681,2.520312154,18.042670026189647,EXCLUSION
2023-12,Elegible,Vulnerabilidad Baja,1.0,1.0,1.0,1.0,1.0,1.0,1.0,1.0,fomon,1,low,,,espanol_uno_mas_adultos,adultos_ninguno_analfabeta,0.0,0,0,0.0,0.0,2.0,0.0,INCLUSION
2024-03,No Elegible,Vulnerabilidad Baja,2.070141643,1.0,1.0,1.0,1.776038647,1.0,1.790108696,1.0,fomon,2,average,jefatura_femenina,si,espanol_uno_mas_adultos,adultos_ninguno_analfabeta,,0,0,6.702282231,12.01413641,2.534811966,18.545477861665603,EXCLUSION
2024-01,No Elegible por Duplicidad,Vulnerabilidad Baja,1.0,1.0,1.0,1.0,1.776038647,1.0,1.0,1.0,pcr_cdmx,1,low,,,espanol_uno_mas_adultos,adultos_ninguno_analfabeta,0.0,0,0,0.0,5.532745347,2.154418035,5.354696068988193,EXCLUSION
2024-05,Elegible,Vulnerabilidad Elevada,2.070141643,1.0,1.0,1.0,1.776038647,2.823478261,1.790108696,1.043888889,sotap,3,average,jefatura_femenina,no,espanol_uno_mas_adultos,adultos_ninguno_analfabeta,,0,0,6.702282231,26.85846924,2.949114914,32.912105216863374,INCLUSION
2023-06,No Elegible,Vulnerabilidad Elevada,2.070141643,1.0,2.578385269,1.0,1.776038647,2.823478261,2.580217391,1.043888889,sotap,3,average,jefatura_masculina,no,espanol_uno_mas_adultos,adultos_ninguno_analfabeta,0.0,0,0,17.46888676,32.85812825,3.43704192,49.83177382961031,EXCLUSION
2024-01,No Elegible,Vulnerabilidad Baja,1.0,1.0,1.0,1.0,1.776038647,1.498900966,2.580217391,1.0,sotap,4,average,jefatura_masculina,no,espanol_uno_mas_adultos,adultos_ninguno_analfabeta,0.0,0,0,0.0,22.17502718,2.618901451,21.46141263032042,EXCLUSION
2023-10,Lista de Reserva,Vulnerabilidad Elevada,2.070141643,1.0,1.0,1.564135978,1.776038647,1.498900966,2.580217391,1.0,sotap,2,average,jefatura_femenina,si,espanol_uno_mas_adultos,adultos_ninguno_analfabeta,0.0,0,0,11.47057999,22.17502718,2.960333388,33.30112735497861,EXCLUSION
2024-05,No Elegible,Vulnerabilidad Moderada,1.0,1.0,1.0,1.0,1.776038647,2.823478261,1.790108696,1.0,sotap,1,low,,,espanol_uno_mas_adultos,adultos_ninguno_analfabeta,0.0,0,0,0.0,26.18890898,2.730928248,25.34612370011462,EXCLUSION
2024-02,No Elegible,Vulnerabilidad Severa,2.070141643,1.0,1.0,1.0,1.776038647,2.823478261,2.580217391,2.544987923,fupal,3,average,jefatura_masculina,no,espanol_ningun_adulto,adultos_ninguno_analfabeta,,0,0,6.702282231,50.0,3.594991325,55.308918375475805,EXCLUSION
2024-01,Elegible,Vulnerabilidad Elevada,2.070141643,1.0,2.578385269,1.0,1.776038647,1.0,2.580217391,2.544987923,sotap,2,average,jefatura_femenina,si,espanol_ningun_adulto,adultos_ninguno_analfabeta,,0,0,17.46888676,30.38303782,3.367962543,47.43633428473814,INCLUSION
2023-09,Lista de Reserva,Vulnerabilidad Elevada,1.0,2.051104816,1.0,1.0,1.776038647,2.823478261,1.790108696,1.0,sotap,1,low,,,espanol_uno_mas_adultos,adultos_ninguno_analfabeta,0.0,0,0,6.609317356,26.18890898,2.927660413,32.16813549794806,EXCLUSION
2024-02,No Elegible,Vulnerabilidad Baja,2.700708215,1.0,1.0,1.0,1.0,1.498900966,1.0,1.0,fupal,1,low,,,espanol_uno_mas_adultos,adultos_ninguno_analfabeta,,0,0,9.472088355,3.815111519,2.38842422,13.469247045559316,EXCLUSION
2024-01,Elegible,Vulnerabilidad Elevada,2.700708215,1.0,3.251728045,1.564135978,1.0,1.498900966,2.580217391,1.0,foten,1,low,,,espanol_ningun_adulto,adultos_uno_mas_analfabeta,,0,0,31.08118723,14.41616583,3.327511845,46.0336501136734,INCLUSION
2023-12,Lista de Reserva,Vulnerabilidad Elevada,2.700708215,1.0,1.249197356,1.0,1.0,2.117608696,1.790108696,1.738466184,sotap,2,average,jefatura_femenina,si,espanol_uno_mas_adultos,adultos_ninguno_analfabeta,,0,0,11.93561888,21.57742793,2.957496782,33.20276375296195,EXCLUSION
2024-01,No Elegible,Vulnerabilidad Baja,1.0,1.0,1.0,1.0,1.776038647,2.117608696,1.790108696,1.0,pcr_cdmx,1,low,,,espanol_ningun_adulto,adultos_ninguno_analfabeta,,0,0,0.0,21.88512181,2.610810239,21.18083670503239,EXCLUSION
2023-12,No Elegible,Vulnerabilidad Moderada,1.0,1.0,1.0,1.0,1.776038647,2.823478261,1.790108696,1.0,sotap,2,average,jefatura_femenina,no,espanol_uno_mas_adultos,adultos_ninguno_analfabeta,0.0,0,0,0.0,26.18890898,2.730928248,25.34612370011462,EXCLUSION
2024-04,No Elegible,Vulnerabilidad Elevada,2.070141643,1.0,1.0,1.564135978,1.776038647,2.117608696,2.580217391,1.043888889,sotap,2,complete,jefatura_femenina,si,espanol_uno_mas_adultos,adultos_ninguno_analfabeta,,0,0,11.47057999,28.09152966,3.125462023,39.02723086866973,EXCLUSION
2023-08,Elegible,Vulnerabilidad Moderada,1.0,1.0,1.0,1.0,1.776038647,2.823478261,2.580217391,1.0,sotap,7,average,jefatura_masculina,no,espanol_ningun_adulto,adultos_ninguno_analfabeta,,0,0,0.0,32.12448674,2.896589272,31.09068863222006,INCLUSION
2023-11,No Elegible,Vulnerabilidad Baja,1.0,1.0,1.0,1.0,1.776038647,2.117608696,1.790108696,1.0,sotap,1,low,,,espanol_uno_mas_adultos,adultos_ninguno_analfabeta,,0,0,0.0,21.88512181,2.610810239,21.18083670503239,EXCLUSION
2023-07,Lista de Reserva,Vulnerabilidad Baja,1.0,1.0,1.0,1.0,1.0,1.0,1.790108696,1.0,sotap,3,average,jefatura_femenina,si,espanol_uno_mas_adultos,adultos_ninguno_analfabeta,0.0,0,0,0.0,5.614422911,2.156697643,5.433745167301109,EXCLUSION
2024-01,Elegible,Vulnerabilidad Baja,1.0,1.0,1.0,1.0,1.0,1.0,1.0,1.0,sotap,1,low,,,espanol_uno_mas_adultos,adultos_ninguno_analfabeta,0.0,0,0,0.0,0.0,2.0,0.0,INCLUSION
2024-03,No Elegible,Vulnerabilidad Elevada,1.0,1.0,2.578385269,1.0,1.776038647,2.823478261,2.580217391,1.0,sotap,1,low,,,espanol_uno_mas_adultos,adultos_ninguno_analfabeta,0.0,0,0,8.975915299,32.12448674,3.163765312,40.35545786145718,EXCLUSION
2024-05,Lista de Reserva,Vulnerabilidad Moderada,1.0,1.0,2.578385269,1.0,1.776038647,1.498900966,1.790108696,1.0,sotap,3,complete,jefatura_femenina,si,espanol_uno_mas_adultos,adultos_ninguno_analfabeta,,0,0,8.975915299,17.10850297,2.744671614,25.82270346515955,EXCLUSION
2024-04,No Elegible,Vulnerabilidad Elevada,1.0,2.051104816,1.0,1.0,1.776038647,2.823478261,2.580217391,1.0,foten,1,low,,,espanol_uno_mas_adultos,adultos_ninguno_analfabeta,,0,0,6.609317356,32.12448674,3.093321436,37.9127004300535,EXCLUSION
2024-05,No Elegible,Vulnerabilidad Elevada,1.0,2.051104816,1.0,1.0,1.776038647,2.823478261,2.580217391,1.0,sotap,2,average,jefatura_masculina,si,espanol_uno_mas_adultos,adultos_uno_mas_analfabeta,0.0,0,0,6.609317356,32.12448674,3.093321436,37.9127004300535,EXCLUSION
2023-07,No Elegible,Vulnerabilidad Elevada,1.0,2.051104816,1.0,1.0,1.776038647,2.823478261,2.580217391,1.0,sotap,6,high,jefatura_femenina,no,espanol_uno_mas_adultos,adultos_ninguno_analfabeta,0.0,0,0,6.609317356,32.12448674,3.093321436,37.9127004300535,EXCLUSION
2024-01,Lista de Reserva,Vulnerabilidad Baja,2.700708215,1.0,1.249197356,1.0,1.776038647,1.498900966,1.0,1.0,sotap,1,low,,,espanol_uno_mas_adultos,adultos_ninguno_analfabeta,0.0,0,0,11.93561888,9.93697889,2.632613717,21.936916003518192,EXCLUSION
2024-02,Elegible,Vulnerabilidad Severa,2.700708215,1.0,3.251728045,1.0,1.776038647,2.823478261,2.580217391,1.0,fupal,2,average,jefatura_femenina,si,espanol_ningun_adulto,adultos_uno_mas_analfabeta,,0,0,24.2379543,32.12448674,3.618053373,56.108644539548365,INCLUSION
2023-10,Lista de Reserva,Vulnerabilidad Elevada,2.700708215,1.0,2.578385269,1.0,1.776038647,2.823478261,1.790108696,1.0,sotap,1,low,,,espanol_uno_mas_adultos,adultos_ninguno_analfabeta,-500.0,0,0,20.97871872,26.18890898,3.355378326,46.99995856724294,EXCLUSION
2024-01,Elegible por Proceso Acelerado,Vulnerabilidad Moderada,2.700708215,1.0,2.578385269,1.0,1.0,1.498900966,1.0,1.0,sotap,1,low,,,espanol_uno_mas_adultos,adultos_ninguno_analfabeta,,0,0,20.97871872,3.815111519,2.730929228,25.34617228233538,INCLUSION
2023-08,No Elegible,Vulnerabilidad Elevada,1.0,1.525552408,2.578385269,1.0,1.776038647,2.117608696,1.790108696,1.0,futij,3,average,jefatura_femenina,si,espanol_uno_mas_adultos,adultos_ninguno_analfabeta,,0,0,13.7168894,21.88512181,3.019105558,35.33914932281379,EXCLUSION
2024-05,No Elegible,Vulnerabilidad Elevada,1.0,1.525552408,2.578385269,1.0,1.776038647,2.823478261,1.790108696,1.0,sotap,3,average,jefatura_masculina,no,espanol_uno_mas_adultos,adultos_ninguno_analfabeta,,0,0,13.7168894,26.18890898,3.139223567,39.50443631789602,EXCLUSION
2023-09,No Elegible,Vulnerabilidad Severa,2.700708215,1.0,3.251728045,1.0,1.776038647,1.0,2.580217391,2.544987923,futij,2,complete,jefatura_femenina,si,espanol_ningun_adulto,adultos_ninguno_analfabeta,,0,0,24.2379543,30.38303782,3.569449813,54.42323718724288,EXCLUSION
2024-01,Elegible,Vulnerabilidad Moderada,1.0,1.0,2.578385269,1.0,1.776038647,2.823478261,1.0,1.0,sotap,1,low,,,espanol_uno_mas_adultos,adultos_uno_mas_analfabeta,,0,0,8.975915299,17.78726377,2.763615719,26.47962106385475,INCLUSION
2024-01,No Elegible,Vulnerabilidad Baja,1.599560907,1.0,1.0,1.0,1.776038647,1.498900966,1.790108696,1.0,pcr_cdmx,4,low,jefatura_masculina,no,espanol_uno_mas_adultos,adultos_ninguno_analfabeta,0.0,0,0,4.186184624,17.10850297,2.602101053,20.87883446730737,EXCLUSION
2024-07,No Elegible,Vulnerabilidad Severa,2.700708215,1.525552408,3.251728045,1.0,1.776038647,2.823478261,1.790108696,1.0,sotap,1,low,,,espanol_uno_mas_adultos,adultos_uno_mas_analfabeta,0.0,0,0,30.67858802,26.18890898,3.644103496,57.01197936118624,EXCLUSION
2024-03,Lista de Reserva,Vulnerabilidad Moderada,1.0,1.0,2.578385269,1.0,1.0,2.117608696,2.580217391,1.043888889,sotap,2,low,jefatura_masculina,no,espanol_uno_mas_adultos,adultos_ninguno_analfabeta,0.0,0,0,8.975915299,19.54126117,2.812569505,28.177173073525346,EXCLUSION
2024-05,No Elegible,Vulnerabilidad Baja,1.0,1.0,1.0,1.0,1.0,1.0,1.790108696,1.0,sotap,2,average,jefatura_femenina,si,espanol_uno_mas_adultos,adultos_ninguno_analfabeta,0.0,0,0,0.0,5.614422911,2.156697643,5.433745167301109,EXCLUSION
2024-01,Lista de Reserva,Vulnerabilidad Elevada,1.0,1.0,2.578385269,1.0,1.776038647,2.117608696,2.580217391,1.043888889,foten,5,high,jefatura_masculina,no,espanol_uno_mas_adultos,adultos_ninguno_analfabeta,,0,0,8.975915299,28.09152966,3.051206127,36.45228537324866,EXCLUSION
2023-08,No Elegible,Vulnerabilidad Moderada,2.070141643,1.0,3.251728045,1.0,1.0,1.498900966,1.790108696,1.0,sotap,1,low,,,espanol_ningun_adulto,adultos_ninguno_analfabeta,-500.0,0,0,20.51851115,10.02735341,2.890613418,30.88348050723094,EXCLUSION
2024-05,No Elegible,Vulnerabilidad Baja,1.0,1.0,1.0,1.0,1.776038647,1.498900966,2.580217391,1.043888889,sotap,1,low,,,espanol_uno_mas_adultos,adultos_ninguno_analfabeta,0.0,0,0,0.0,22.80125306,2.636379315,22.06748593527614,EXCLUSION
2024-04,Lista de Reserva,Vulnerabilidad Baja,2.070141643,1.0,1.0,1.0,1.776038647,1.0,2.580217391,1.043888889,pcr_cdmx,2,average,jefatura_masculina,no,espanol_uno_mas_adultos,adultos_ninguno_analfabeta,0.0,0,0,6.702282231,17.15905947,2.678405943,23.524832152671745,EXCLUSION
2024-02,Elegible,Vulnerabilidad Baja,1.599560907,1.0,1.0,1.0,1.0,2.823478261,1.790108696,1.043888889,sotap,5,average,jefatura_masculina,no,espanol_uno_mas_adultos,adultos_ninguno_analfabeta,0.0,0,0,4.186184624,18.47313819,2.640187803,22.199554361292552,INCLUSION
2024-01,Lista de Reserva,Vulnerabilidad Baja,1.0,1.0,1.0,1.0,1.776038647,2.117608696,1.790108696,1.0,sotap,5,average,jefatura_masculina,no,espanol_uno_mas_adultos,adultos_ninguno_analfabeta,,0,0,0.0,21.88512181,2.610810239,21.18083670503239,EXCLUSION
2024-03,Elegible,Vulnerabilidad Baja,2.700708215,1.525552408,1.0,1.0,1.0,1.498900966,1.0,1.0,sotap,1,low,,,espanol_uno_mas_adultos,adultos_ninguno_analfabeta,,-500,0,14.26831886,3.815111519,2.531188254,18.41982504444072,INCLUSION
2023-11,Lista de Reserva,Vulnerabilidad Baja,1.0,1.0,1.0,1.0,1.776038647,2.117608696,1.790108696,1.043888889,sotap,1,low,,,espanol_uno_mas_adultos,adultos_ninguno_analfabeta,-500.0,0,0,0.0,22.50821784,2.628200749,21.78388088169096,EXCLUSION
2024-04,No Elegible,Vulnerabilidad Severa,2.700708215,1.0,3.251728045,1.0,1.776038647,2.117608696,2.580217391,2.544987923,fupal,2,average,jefatura_femenina,si,espanol_ningun_adulto,adultos_uno_mas_analfabeta,,0,0,24.2379543,44.04383881,3.950720577,67.64441994058369,EXCLUSION
2024-06,No Elegible,Vulnerabilidad Baja,1.0,1.0,1.0,1.0,1.0,1.0,1.0,1.0,sotap,1,low,,,espanol_uno_mas_adultos,adultos_ninguno_analfabeta,0.0,0,0,0.0,0.0,2.0,0.0,EXCLUSION
2023-11,Lista de Reserva,Vulnerabilidad Moderada,1.0,1.0,2.578385269,1.0,1.776038647,1.498900966,1.790108696,1.043888889,sotap,2,low,jefatura_femenina,no,espanol_uno_mas_adultos,adultos_ninguno_analfabeta,,0,0,8.975915299,17.68003002,2.760622842,26.375838203163497,EXCLUSION
2024-04,Lista de Reserva,Vulnerabilidad Elevada,1.0,1.525552408,2.578385269,1.0,1.776038647,2.823478261,1.0,1.0,sotap,1,low,,,espanol_uno_mas_adultos,adultos_uno_mas_analfabeta,0.0,0,0,13.7168894,17.78726377,2.904734997,31.37316445239903,EXCLUSION
2024-05,Elegible,Vulnerabilidad Baja,1.0,2.051104816,1.0,1.0,1.0,1.0,1.0,1.0,sotap,4,average,jefatura_masculina,no,espanol_uno_mas_adultos,adultos_ninguno_analfabeta,,0,0,6.609317356,0.0,2.196732164,6.8220117978334365,INCLUSION
2023-07,Lista de Reserva,Vulnerabilidad Baja,1.0,1.0,2.578385269,1.0,1.0,1.0,1.0,1.0,sotap,1,low,,,espanol_ningun_adulto,adultos_ninguno_analfabeta,,0,0,8.975915299,0.0,2.267176041,9.26476922923712,EXCLUSION
2024-01,No Elegible,Vulnerabilidad Moderada,1.0,1.0,1.0,1.0,1.776038647,2.823478261,1.790108696,1.0,sotap,1,low,,,espanol_uno_mas_adultos,adultos_ninguno_analfabeta,0.0,0,0,0.0,26.18890898,2.730928248,25.34612370011462,EXCLUSION
2024-02,Elegible,Vulnerabilidad Moderada,1.0,1.0,1.0,1.0,1.776038647,2.823478261,2.580217391,1.0,sotap,4,average,jefatura_femenina,si,espanol_uno_mas_adultos,adultos_ninguno_analfabeta,0.0,0,0,0.0,32.12448674,2.896589272,31.09068863222006,INCLUSION
2023-08,No Elegible,Vulnerabilidad Baja,1.0,1.0,1.0,1.0,1.0,2.117608696,2.580217391,1.0,sotap,1,low,,,espanol_uno_mas_adultos,adultos_ninguno_analfabeta,0.0,0,0,0.0,18.94985465,2.528887403,18.340029377508348,EXCLUSION
2023-09,No Elegible,Vulnerabilidad Moderada,1.0,1.0,1.0,1.0,1.776038647,2.823478261,1.790108696,1.0,sotap,1,low,,,espanol_ningun_adulto,adultos_ninguno_analfabeta,0.0,0,0,0.0,26.18890898,2.730928248,25.34612370011462,EXCLUSION
2023-12,Lista de Reserva,Vulnerabilidad Baja,1.0,1.0,1.0,1.0,1.0,1.0,2.580217391,1.043888889,fupal,1,low,,,espanol_uno_mas_adultos,adultos_ninguno_analfabeta,,0,0,0.0,10.07114734,2.281084107,9.74704774745146,EXCLUSION
2024-01,No Elegible,Vulnerabilidad Baja,1.0,1.0,1.0,1.564135978,1.776038647,1.498900966,1.790108696,1.0,fupal,1,low,,,espanol_uno_mas_adultos,adultos_ninguno_analfabeta,0.0,0,0,3.975239986,17.10850297,2.5958221,20.661101419911898,EXCLUSION
2023-08,Lista de Reserva,Vulnerabilidad Baja,2.070141643,1.0,1.249197356,1.0,1.0,1.0,1.0,1.043888889,sotap,1,low,,,espanol_uno_mas_adultos,adultos_ninguno_analfabeta,-500.0,0,0,9.00737574,0.386821499,2.278908614,9.67161529502962,EXCLUSION
2024-04,No Elegible por Duplicidad,Vulnerabilidad Elevada,2.700708215,1.0,1.0,1.0,1.776038647,2.823478261,2.580217391,1.0,foten,4,average,jefatura_femenina,si,espanol_uno_mas_adultos,adultos_ninguno_analfabeta,,0,0,9.472088355,32.12448674,3.178534341,40.86759826257232,EXCLUSION
2023-11,Lista de Reserva,Vulnerabilidad Baja,1.0,1.0,1.0,1.0,1.776038647,1.0,1.790108696,1.0,sotap,2,average,jefatura_femenina,si,espanol_uno_mas_adultos,adultos_ninguno_analfabeta,,0,0,0.0,12.01413641,2.33531262,11.62750948618979,EXCLUSION
2024-02,No Elegible,Vulnerabilidad Baja,1.0,1.0,1.0,1.0,1.0,1.498900966,1.0,1.0,sotap,1,low,,,espanol_uno_mas_adultos,adultos_ninguno_analfabeta,,0,0,0.0,3.815111519,2.10647915,3.692337415207061,EXCLUSION
2024-02,Elegible,Vulnerabilidad Baja,2.070141643,1.0,1.0,1.0,1.776038647,1.0,1.790108696,1.043888889,pcr_cdmx,1,low,,,espanol_uno_mas_adultos,adultos_ninguno_analfabeta,0.0,0,0,6.702282231,12.53066404,2.549228169,19.04538311600457,INCLUSION
2024-05,Lista de Reserva,Vulnerabilidad Elevada,1.0,1.525552408,2.578385269,1.0,1.776038647,2.823478261,2.580217391,1.0,sotap,3,average,jefatura_masculina,no,espanol_uno_mas_adultos,adultos_ninguno_analfabeta,0.0,0,0,13.7168894,32.12448674,3.304884591,45.24900125000146,EXCLUSION
2024-03,Elegible,Vulnerabilidad Moderada,1.0,1.0,3.251728045,1.0,1.776038647,2.823478261,1.0,1.0,sotap,1,low,,,espanol_uno_mas_adultos,adultos_ninguno_analfabeta,,0,0,11.51832969,17.78726377,2.839292927,29.10385289237152,INCLUSION
2024-02,No Elegible,Vulnerabilidad Baja,1.0,1.0,1.0,1.0,1.0,1.498900966,1.790108696,1.043888889,sotap,5,average,jefatura_masculina,no,espanol_uno_mas_adultos,adultos_ninguno_analfabeta,,0,0,0.0,10.52243148,2.293679375,10.18380911254212,EXCLUSION
2024-05,No Elegible,Vulnerabilidad Baja,1.599560907,1.0,1.0,1.0,1.0,2.823478261,1.790108696,1.043888889,sotap,3,average,jefatura_femenina,si,espanol_uno_mas_adultos,adultos_ninguno_analfabeta,0.0,0,0,4.186184624,18.47313819,2.640187803,22.199554361292552,EXCLUSION
2024-07,Lista de Reserva,Vulnerabilidad Elevada,1.0,1.0,2.578385269,1.0,1.776038647,2.117608696,2.580217391,1.043888889,sotap,5,high,jefatura_femenina,no,espanol_uno_mas_adultos,adultos_ninguno_analfabeta,,0,0,8.975915299,28.09152966,3.051206127,36.45228537324866,EXCLUSION
2023-07,Lista de Reserva,Vulnerabilidad Moderada,1.0,1.0,1.0,1.0,1.776038647,2.823478261,2.580217391,1.0,fupal,1,low,,,espanol_uno_mas_adultos,adultos_ninguno_analfabeta,,0,0,0.0,32.12448674,2.896589272,31.09068863222006,EXCLUSION
2024-02,No Elegible,Vulnerabilidad Moderada,1.0,1.0,1.0,1.0,1.776038647,2.823478261,1.790108696,1.043888889,futij,1,low,,,espanol_uno_mas_adultos,adultos_uno_mas_analfabeta,,0,0,0.0,26.85846924,2.749615568,25.99413684138756,EXCLUSION
2023-07,Elegible,Vulnerabilidad Baja,1.0,1.0,3.251728045,1.0,1.776038647,1.0,1.790108696,1.043888889,sotap,1,low,,,espanol_ningun_adulto,adultos_ninguno_analfabeta,,0,0,11.51832969,12.53066404,2.692582072,24.01641579828265,INCLUSION
2023-11,No Elegible,Vulnerabilidad Moderada,2.700708215,1.0,1.0,1.0,1.776038647,1.0,2.580217391,1.0,sotap,2,complete,jefatura_femenina,si,espanol_uno_mas_adultos,adultos_ninguno_analfabeta,0.0,0,0,9.472088355,16.59309681,2.74505574,25.83602399190964,EXCLUSION
2023-09,No Elegible por Intenciones,Vulnerabilidad Baja,2.070141643,1.0,1.0,1.0,1.0,1.498900966,2.580217391,1.043888889,fupal,1,low,,,espanol_uno_mas_adultos,adultos_ninguno_analfabeta,,0,0,6.702282231,14.95862607,2.6169922,21.39521089991714,EXCLUSION
2023-08,Elegible,Vulnerabilidad Baja,1.0,1.0,1.0,1.0,1.776038647,2.117608696,1.790108696,1.0,sotap,1,low,,,espanol_uno_mas_adultos,adultos_ninguno_analfabeta,,0,0,0.0,21.88512181,2.610810239,21.18083670503239,INCLUSION
2024-01,No Elegible,Vulnerabilidad Baja,1.0,1.0,1.0,1.0,1.776038647,1.0,1.790108696,1.0,sotap,1,low,,,espanol_uno_mas_adultos,adultos_ninguno_analfabeta,,0,0,0.0,12.01413641,2.33531262,11.62750948618979,EXCLUSION
2023-08,Lista de Reserva,Vulnerabilidad Moderada,1.0,1.0,1.0,1.0,1.776038647,2.823478261,1.790108696,1.0,sotap,1,low,,,espanol_uno_mas_adultos,adultos_ninguno_analfabeta,,0,0,0.0,26.18890898,2.730928248,25.34612370011462,EXCLUSION
2024-03,No Elegible,Vulnerabilidad Baja,1.0,1.0,1.0,1.0,1.0,1.0,1.790108696,1.0,sotap,3,low,jefatura_masculina,no,espanol_uno_mas_adultos,adultos_ninguno_analfabeta,0.0,0,0,0.0,5.614422911,2.156697643,5.433745167301109,EXCLUSION
2023-10,Elegible,Vulnerabilidad Severa,2.700708215,1.525552408,3.251728045,1.0,1.776038647,2.823478261,1.790108696,1.0,fupal,2,average,jefatura_femenina,si,espanol_ningun_adulto,adultos_uno_mas_analfabeta,,0,0,30.67858802,26.18890898,3.644103496,57.01197936118624,INCLUSION
2024-06,No Elegible,Vulnerabilidad Baja,1.0,1.0,1.0,1.0,1.776038647,1.498900966,1.0,1.0,sotap,1,low,,,espanol_uno_mas_adultos,adultos_ninguno_analfabeta,0.0,0,0,0.0,9.93697889,2.277339487,9.61719697234091,EXCLUSION
2023-07,No Elegible,Vulnerabilidad Elevada,1.0,1.0,1.0,1.564135978,1.776038647,2.823478261,2.580217391,1.043888889,sotap,1,low,,,espanol_uno_mas_adultos,adultos_ninguno_analfabeta,0.0,0,0,3.975239986,32.85812825,3.035391615,35.90388800877622,EXCLUSION
2024-02,No Elegible,Vulnerabilidad Elevada,2.700708215,1.0,1.0,1.0,1.776038647,2.823478261,1.790108696,1.0,sotap,5,average,jefatura_masculina,no,espanol_uno_mas_adultos,adultos_uno_mas_analfabeta,,-500,0,9.472088355,26.18890898,3.012873318,35.123033330466875,EXCLUSION
2024-06,Lista de Reserva,Vulnerabilidad Baja,1.0,1.0,1.0,1.0,1.0,1.0,1.0,1.0,sotap,1,low,,,espanol_uno_mas_adultos,adultos_ninguno_analfabeta,,0,0,0.0,0.0,2.0,0.0,EXCLUSION
2024-04,No Elegible,Vulnerabilidad Moderada,1.0,2.051104816,1.0,1.0,1.776038647,2.117608696,1.790108696,1.0,foten,1,low,,,espanol_uno_mas_adultos,adultos_ninguno_analfabeta,,0,0,6.609317356,21.88512181,2.807542403,28.002848502865827,EXCLUSION
2024-01,No Elegible por Duplicidad,Vulnerabilidad Elevada,2.070141643,1.0,1.0,1.0,1.776038647,2.823478261,1.790108696,1.043888889,fupal,5,high,jefatura_masculina,no,espanol_ningun_adulto,adultos_ninguno_analfabeta,,0,0,6.702282231,26.85846924,2.949114914,32.912105216863374,EXCLUSION
2023-12,No Elegible,Vulnerabilidad Baja,2.070141643,1.0,1.0,1.0,1.0,1.0,1.0,1.043888889,pcr_cdmx,1,low,,,espanol_uno_mas_adultos,adultos_ninguno_analfabeta,,0,0,6.702282231,0.386821499,2.210295472,7.2923415718164915,EXCLUSION
2023-06,Lista de Reserva,Vulnerabilidad Baja,1.0,1.0,1.0,1.0,1.0,1.0,1.0,1.0,sotap,2,average,jefatura_femenina,si,espanol_uno_mas_adultos,adultos_ninguno_analfabeta,,0,0,0.0,0.0,2.0,0.0,EXCLUSION
2024-04,Lista de Reserva,Vulnerabilidad Elevada,2.070141643,2.051104816,1.0,1.0,1.776038647,2.823478261,1.790108696,1.043888889,sotap,1,low,,,espanol_uno_mas_adultos,adultos_uno_mas_analfabeta,,0,0,14.63015408,26.85846924,3.185095016,41.09510390983604,EXCLUSION
2023-10,Lista de Reserva,Vulnerabilidad Elevada,2.070141643,2.051104816,1.0,1.0,1.776038647,2.823478261,2.580217391,1.043888889,sotap,4,average,jefatura_masculina,no,espanol_uno_mas_adultos,adultos_ninguno_analfabeta,-500.0,0,0,14.63015408,32.85812825,3.352544536,46.901687893235234,EXCLUSION
2023-10,Lista de Reserva,Vulnerabilidad Elevada,1.0,2.051104816,1.0,1.0,1.776038647,2.823478261,2.580217391,1.0,,4,average,jefatura_masculina,no,espanol_uno_mas_adultos,adultos_ninguno_analfabeta,,0,0,6.609317356,32.12448674,3.093321436,37.9127004300535,EXCLUSION
2024-07,No Elegible,Vulnerabilidad Severa,2.700708215,2.051104816,3.251728045,1.0,1.776038647,2.823478261,1.790108696,1.0,sotap,1,low,,,espanol_ningun_adulto,adultos_uno_mas_analfabeta,0.0,0,0,35.61565687,26.18890898,3.791059708,62.10792802384809,EXCLUSION
2024-05,No Elegible,Vulnerabilidad Baja,1.0,1.0,1.0,1.0,1.0,1.0,1.0,1.0,sotap,1,low,,,espanol_uno_mas_adultos,adultos_ninguno_analfabeta,,-500,0,0.0,0.0,2.0,0.0,EXCLUSION
2023-10,Lista de Reserva,Vulnerabilidad Moderada,2.700708215,1.0,1.0,1.0,1.776038647,2.117608696,1.790108696,1.0,sotap,4,average,jefatura_masculina,no,espanol_uno_mas_adultos,adultos_ninguno_analfabeta,-500.0,0,0,9.472088355,21.88512181,2.892755308,30.95774633538465,EXCLUSION
2024-01,Lista de Reserva,Vulnerabilidad Moderada,1.0,1.0,1.0,1.0,1.776038647,2.823478261,1.790108696,1.0,sotap,4,low,jefatura_femenina,no,espanol_ningun_adulto,adultos_uno_mas_analfabeta,0.0,0,0,0.0,26.18890898,2.730928248,25.34612370011462,EXCLUSION
2024-02,No Elegible,Vulnerabilidad Elevada,1.0,1.0,3.251728045,1.0,1.776038647,2.117608696,2.580217391,1.043888889,sotap,1,low,,,espanol_ningun_adulto,adultos_uno_mas_analfabeta,0.0,0,0,11.51832969,28.09152966,3.126883335,39.07651720176543,EXCLUSION
2024-06,No Elegible,Vulnerabilidad Elevada,1.0,1.525552408,2.578385269,1.0,1.776038647,2.823478261,1.790108696,1.0,sotap,1,low,,,espanol_uno_mas_adultos,adultos_ninguno_analfabeta,,0,0,13.7168894,26.18890898,3.139223567,39.50443631789602,EXCLUSION
2023-08,No Elegible por Intenciones,Vulnerabilidad Baja,1.0,1.0,1.0,1.0,1.0,1.498900966,1.790108696,1.0,sotap,1,low,,,espanol_uno_mas_adultos,adultos_uno_mas_analfabeta,,0,0,0.0,10.02735341,2.279861825,9.70466314991279,EXCLUSION
2024-04,No Elegible por Duplicidad,Vulnerabilidad Moderada,1.0,1.0,1.0,1.0,1.776038647,2.823478261,1.790108696,1.0,fupal,1,low,,,espanol_uno_mas_adultos,adultos_uno_mas_analfabeta,-500.0,0,0,0.0,26.18890898,2.730928248,25.34612370011462,EXCLUSION
2023-07,Lista de Reserva,Vulnerabilidad Baja,1.0,1.0,1.0,1.0,1.776038647,2.117608696,1.790108696,1.0,sotap,5,average,jefatura_masculina,no,espanol_uno_mas_adultos,adultos_ninguno_analfabeta,,0,0,0.0,21.88512181,2.610810239,21.18083670503239,EXCLUSION
2023-07,Lista de Reserva,Vulnerabilidad Baja,1.0,1.0,1.249197356,1.0,1.0,1.498900966,1.790108696,1.043888889,sotap,1,low,,,espanol_uno_mas_adultos,adultos_ninguno_analfabeta,,0,0,1.921713018,10.52243148,2.350880859,12.167364777174376,EXCLUSION
2024-05,No Elegible,Vulnerabilidad Elevada,2.070141643,1.0,3.251728045,1.0,1.776038647,2.117608696,2.580217391,1.043888889,sotap,1,low,,,espanol_uno_mas_adultos,adultos_ninguno_analfabeta,0.0,0,0,20.51851115,28.09152966,3.39478168,48.36633350132969,EXCLUSION
2024-03,Elegible,Vulnerabilidad Baja,2.700708215,1.525552408,1.0,1.0,1.0,1.498900966,1.0,1.0,sotap,1,low,,,espanol_uno_mas_adultos,adultos_ninguno_analfabeta,,0,0,14.26831886,3.815111519,2.531188254,18.41982504444072,INCLUSION
2024-04,Lista de Reserva,Vulnerabilidad Baja,1.0,1.0,1.0,1.0,1.0,1.0,1.0,1.0,pcr_cdmx,4,low,jefatura_masculina,no,espanol_uno_mas_adultos,adultos_ninguno_analfabeta,0.0,0,0,0.0,0.0,2.0,0.0,EXCLUSION
2023-08,No Elegible,Vulnerabilidad Severa,2.700708215,1.0,3.251728045,1.0,1.776038647,2.117608696,2.580217391,1.043888889,sotap,4,complete,jefatura_femenina,si,espanol_ningun_adulto,adultos_uno_mas_analfabeta,,0,0,24.2379543,28.09152966,3.505494188,52.20547205133984,EXCLUSION
2024-05,No Elegible,Vulnerabilidad Baja,2.700708215,1.0,1.0,1.0,1.0,1.498900966,1.790108696,1.0,sotap,1,low,,,espanol_uno_mas_adultos,adultos_ninguno_analfabeta,,0,0,9.472088355,10.02735341,2.561806895,19.481572780265047,EXCLUSION
2024-04,No Elegible,Vulnerabilidad Baja,1.0,1.0,1.0,1.0,1.776038647,1.498900966,1.790108696,1.0,pcr_cdmx,1,low,,,espanol_uno_mas_adultos,adultos_ninguno_analfabeta,0.0,0,0,0.0,17.10850297,2.477495573,16.55793423592243,EXCLUSION
2023-08,No Elegible,Vulnerabilidad Baja,1.0,1.0,1.0,1.0,1.0,1.0,1.0,1.0,sotap,1,low,,,espanol_uno_mas_adultos,adultos_ninguno_analfabeta,-500.0,0,0,0.0,0.0,2.0,0.0,EXCLUSION
2023-07,No Elegible,Vulnerabilidad Elevada,2.070141643,1.0,2.578385269,1.0,1.776038647,2.823478261,2.580217391,1.043888889,sotap,2,average,jefatura_femenina,si,espanol_uno_mas_adultos,adultos_uno_mas_analfabeta,0.0,0,-500,17.46888676,32.85812825,3.43704192,49.83177382961031,EXCLUSION
2024-02,Elegible,Vulnerabilidad Baja,1.0,1.0,1.0,1.0,1.0,2.117608696,1.790108696,1.0,foten,1,low,,,espanol_uno_mas_adultos,adultos_ninguno_analfabeta,,0,0,0.0,14.16503897,2.395343965,13.709193850906429,INCLUSION
2023-08,No Elegible,Vulnerabilidad Elevada,2.700708215,1.0,3.251728045,1.0,1.0,2.117608696,2.580217391,1.738466184,fupal,1,low,,,espanol_ningun_adulto,adultos_uno_mas_analfabeta,,0,0,24.2379543,27.07165714,3.477029709,51.21842004890596,EXCLUSION
2023-10,Lista de Reserva,Vulnerabilidad Elevada,1.0,1.525552408,1.0,1.0,1.776038647,2.823478261,2.580217391,1.0,sotap,1,low,,,espanol_uno_mas_adultos,adultos_ninguno_analfabeta,,0,0,3.741369748,32.12448674,3.007954444,34.95245940008045,EXCLUSION
2024-01,Elegible,Vulnerabilidad Severa,2.700708215,1.0,2.578385269,1.0,1.776038647,2.823478261,2.580217391,1.738466184,fupal,1,low,,,espanol_uno_mas_adultos,adultos_ninguno_analfabeta,0.0,0,0,20.97871872,42.19960637,3.802234322,62.49541570453535,INCLUSION
2023-07,No Elegible,Vulnerabilidad Baja,2.070141643,1.0,1.0,1.0,1.0,1.0,1.790108696,1.043888889,sotap,4,average,jefatura_masculina,no,espanol_uno_mas_adultos,adultos_ninguno_analfabeta,,0,-500,6.702282231,6.061858428,2.368684842,12.78475013740434,EXCLUSION
2024-04,No Elegible,Vulnerabilidad Baja,1.0,1.0,1.0,1.564135978,1.0,1.0,1.790108696,1.0,pcr_cdmx,4,low,jefatura_femenina,si,espanol_uno_mas_adultos,adultos_ninguno_analfabeta,0.0,0,0,3.975239986,5.614422911,2.275024169,9.536912351290574,EXCLUSION
2023-08,Elegible,Vulnerabilidad Elevada,1.0,1.0,1.0,1.0,1.776038647,2.117608696,2.580217391,1.738466184,sotap,4,average,jefatura_femenina,no,espanol_uno_mas_adultos,adultos_uno_mas_analfabeta,,0,0,0.0,36.78475459,3.0266566,35.60098440253921,INCLUSION
2024-06,No Elegible,Vulnerabilidad Baja,1.0,1.0,2.578385269,1.0,1.776038647,1.0,1.790108696,1.0,sotap,2,average,jefatura_femenina,si,espanol_uno_mas_adultos,adultos_ninguno_analfabeta,0.0,0,-500,8.975915299,12.01413641,2.602488661,20.89227871542691,EXCLUSION
2024-06,No Elegible,Vulnerabilidad Baja,1.0,1.0,1.0,1.0,1.776038647,1.0,2.580217391,1.043888889,sotap,3,low,jefatura_masculina,no,espanol_uno_mas_adultos,adultos_ninguno_analfabeta,-500.0,0,0,0.0,17.15905947,2.478906597,16.60686377719593,EXCLUSION
2023-12,No Elegible,Vulnerabilidad Elevada,1.599560907,1.0,1.0,1.0,1.776038647,2.117608696,2.580217391,1.043888889,sotap,1,low,,,espanol_uno_mas_adultos,adultos_ninguno_analfabeta,-500.0,0,0,4.186184624,28.09152966,2.908635566,31.50841637539648,EXCLUSION
2024-06,Lista de Reserva,Vulnerabilidad Baja,1.0,2.051104816,1.0,1.0,1.776038647,2.117608696,1.0,1.0,fomon,1,low,,,espanol_uno_mas_adultos,adultos_ninguno_analfabeta,0.0,0,0,6.609317356,14.06650994,2.5893262,20.43584738145429,EXCLUSION
2024-01,No Elegible,Vulnerabilidad Baja,1.0,1.0,1.0,1.0,1.776038647,1.0,1.790108696,1.0,sotap,5,average,jefatura_masculina,no,espanol_uno_mas_adultos,adultos_ninguno_analfabeta,0.0,0,0,0.0,12.01413641,2.33531262,11.62750948618979,EXCLUSION
2023-06,No Elegible,Vulnerabilidad Elevada,2.070141643,1.0,1.0,1.0,1.776038647,2.823478261,1.790108696,1.043888889,sotap,1,low,,,espanol_ningun_adulto,adultos_uno_mas_analfabeta,,0,0,6.702282231,26.85846924,2.949114914,32.912105216863374,EXCLUSION
2023-11,Elegible,Vulnerabilidad Baja,1.0,1.0,1.0,1.0,1.776038647,1.0,2.580217391,1.043888889,sotap,1,low,,,espanol_uno_mas_adultos,adultos_uno_mas_analfabeta,,0,0,0.0,17.15905947,2.478906597,16.60686377719593,INCLUSION
2024-06,Lista de Reserva,Vulnerabilidad Baja,1.0,1.0,1.0,1.0,1.0,1.498900966,1.0,1.0,sotap,1,low,,,espanol_uno_mas_adultos,adultos_ninguno_analfabeta,0.0,0,0,0.0,3.815111519,2.10647915,3.692337415207061,EXCLUSION
2024-06,No Elegible por Intenciones,Vulnerabilidad Moderada,2.070141643,1.0,1.0,1.0,1.0,2.117608696,2.580217391,1.043888889,sotap,6,average,jefatura_masculina,no,espanol_uno_mas_adultos,adultos_ninguno_analfabeta,,0,0,6.702282231,19.54126117,2.74489281,25.83037221976404,EXCLUSION
2024-05,Lista de Reserva,Vulnerabilidad Elevada,2.070141643,1.0,2.578385269,1.0,1.776038647,2.823478261,2.580217391,1.043888889,sotap,3,average,jefatura_masculina,no,espanol_uno_mas_adultos,adultos_ninguno_analfabeta,,0,0,17.46888676,32.85812825,3.43704192,49.83177382961031,EXCLUSION
2024-01,No Elegible por Duplicidad,Vulnerabilidad Baja,1.0,1.0,1.0,1.0,1.776038647,1.0,1.790108696,1.0,pcr_cdmx,3,low,jefatura_masculina,no,espanol_uno_mas_adultos,adultos_ninguno_analfabeta,0.0,0,0,0.0,12.01413641,2.33531262,11.62750948618979,EXCLUSION
2023-09,No Elegible,Vulnerabilidad Baja,1.0,1.0,1.0,1.0,1.776038647,1.498900966,1.0,1.0,futij,1,low,,,espanol_uno_mas_adultos,adultos_ninguno_analfabeta,,0,0,0.0,9.93697889,2.277339487,9.61719697234091,EXCLUSION
2024-03,Elegible,Vulnerabilidad Elevada,2.070141643,1.0,2.578385269,1.0,1.776038647,2.823478261,2.580217391,1.043888889,sotap,2,low,jefatura_masculina,no,espanol_uno_mas_adultos,adultos_ninguno_analfabeta,-500.0,0,0,17.46888676,32.85812825,3.43704192,49.83177382961031,INCLUSION
2023-07,Lista de Reserva,Vulnerabilidad Elevada,2.700708215,1.0,1.0,1.0,1.776038647,2.823478261,1.790108696,1.0,sotap,2,complete,jefatura_femenina,si,espanol_uno_mas_adultos,adultos_ninguno_analfabeta,0.0,0,-500,9.472088355,26.18890898,3.012873318,35.123033330466875,EXCLUSION
2024-05,No Elegible,Vulnerabilidad Elevada,1.0,1.0,2.578385269,1.0,1.776038647,2.823478261,2.580217391,1.0,sotap,5,high,jefatura_femenina,no,espanol_uno_mas_adultos,adultos_ninguno_analfabeta,,-500,0,8.975915299,32.12448674,3.163765312,40.35545786145718,EXCLUSION
2023-11,Elegible,Vulnerabilidad Moderada,1.0,1.0,2.578385269,1.0,1.776038647,2.117608696,1.790108696,1.0,fupal,1,low,,,espanol_uno_mas_adultos,adultos_ninguno_analfabeta,,0,0,8.975915299,21.88512181,2.877986279,30.44560593426951,INCLUSION
2024-02,No Elegible por Intenciones,Vulnerabilidad Moderada,1.0,1.0,2.578385269,1.0,1.776038647,1.498900966,1.790108696,1.0,foten,1,low,,,espanol_uno_mas_adultos,adultos_ninguno_analfabeta,,0,0,8.975915299,17.10850297,2.744671614,25.82270346515955,EXCLUSION
2024-02,No Elegible,Vulnerabilidad Elevada,1.0,2.051104816,1.0,1.0,1.776038647,2.823478261,1.790108696,1.0,sotap,2,low,jefatura_masculina,no,espanol_uno_mas_adultos,adultos_ninguno_analfabeta,0.0,0,0,6.609317356,26.18890898,2.927660413,32.16813549794806,EXCLUSION
2024-04,Lista de Reserva,Vulnerabilidad Baja,1.0,1.0,2.578385269,1.0,1.0,1.0,1.790108696,1.043888889,sotap,2,average,jefatura_femenina,si,espanol_uno_mas_adultos,adultos_ninguno_analfabeta,,0,0,8.975915299,6.061858428,2.436361537,15.13155099116565,EXCLUSION
2024-06,No Elegible,Vulnerabilidad Elevada,2.700708215,1.0,3.251728045,1.0,1.776038647,2.117608696,2.580217391,1.0,sotap,1,low,,,espanol_ningun_adulto,adultos_ninguno_analfabeta,,0,0,24.2379543,27.40879931,3.486439293,51.54471264673319,EXCLUSION
2024-04,Elegible,Vulnerabilidad Baja,1.0,1.0,1.0,1.0,1.0,1.0,1.0,1.0,fupal,1,low,,,espanol_ningun_adulto,adultos_ninguno_analfabeta,,0,0,0.0,0.0,2.0,0.0,INCLUSION
2024-05,No Elegible,Vulnerabilidad Baja,1.0,1.0,1.0,1.0,1.776038647,2.117608696,1.0,1.0,sotap,2,low,jefatura_femenina,no,espanol_uno_mas_adultos,adultos_ninguno_analfabeta,0.0,0,0,0.0,14.06650994,2.392594036,13.61383558362086,EXCLUSION
2023-08,No Elegible por Intenciones,Vulnerabilidad Baja,1.0,1.0,1.0,1.0,1.776038647,2.117608696,1.790108696,1.0,sotap,2,low,jefatura_femenina,no,espanol_uno_mas_adultos,adultos_ninguno_analfabeta,0.0,0,0,0.0,21.88512181,2.610810239,21.18083670503239,EXCLUSION
2023-08,Lista de Reserva,Vulnerabilidad Baja,1.0,2.051104816,1.0,1.0,1.0,1.498900966,1.0,1.0,sotap,1,low,,,espanol_uno_mas_adultos,adultos_ninguno_analfabeta,,0,0,6.609317356,3.815111519,2.303211315,10.514349213040497,EXCLUSION
2023-11,Elegible,Vulnerabilidad Moderada,1.0,1.0,2.578385269,1.0,1.776038647,1.498900966,2.580217391,1.043888889,foten,1,low,,,espanol_uno_mas_adultos,adultos_ninguno_analfabeta,,0,0,8.975915299,22.80125306,2.903555356,31.332255164513256,INCLUSION
2024-02,No Elegible,Vulnerabilidad Elevada,1.0,1.525552408,2.578385269,1.0,1.776038647,2.117608696,2.580217391,1.043888889,foten,2,average,jefatura_femenina,si,espanol_uno_mas_adultos,adultos_ninguno_analfabeta,,0,0,13.7168894,28.09152966,3.192325406,41.34582876179294,EXCLUSION
2024-01,Elegible,Vulnerabilidad Elevada,1.0,1.525552408,2.578385269,1.0,1.776038647,2.823478261,2.580217391,1.0,futij,3,low,jefatura_masculina,no,espanol_uno_mas_adultos,adultos_ninguno_analfabeta,0.0,0,0,13.7168894,32.12448674,3.304884591,45.24900125000146,INCLUSION
2024-02,Elegible,Vulnerabilidad Baja,2.700708215,1.0,1.0,1.0,1.776038647,1.0,1.0,1.0,sotap,4,average,jefatura_masculina,no,espanol_ningun_adulto,adultos_uno_mas_analfabeta,,0,0,9.472088355,5.532745347,2.436363105,15.131605699340447,INCLUSION
2023-09,No Elegible,Vulnerabilidad Baja,1.0,1.0,1.0,1.0,1.0,2.117608696,1.790108696,1.0,pcr_cdmx,3,average,jefatura_femenina,no,espanol_uno_mas_adultos,adultos_ninguno_analfabeta,0.0,0,0,0.0,14.16503897,2.395343965,13.709193850906429,EXCLUSION
2024-05,Elegible,Vulnerabilidad Baja,1.0,1.0,2.578385269,1.0,1.0,1.0,1.0,1.043888889,sotap,1,low,,,espanol_uno_mas_adultos,adultos_ninguno_analfabeta,,0,-500,8.975915299,0.386821499,2.277972167,9.6391424255778,INCLUSION
2024-03,No Elegible,Vulnerabilidad Moderada,1.0,1.525552408,1.0,1.0,1.776038647,2.823478261,2.580217391,1.0,foten,1,low,,,espanol_uno_mas_adultos,adultos_ninguno_analfabeta,,0,0,3.741369748,32.12448674,3.007954444,34.95245940008045,EXCLUSION
2023-10,No Elegible,Vulnerabilidad Baja,1.0,1.0,1.0,1.0,1.0,1.0,1.0,1.0,fupal,1,low,,,espanol_uno_mas_adultos,adultos_ninguno_analfabeta,0.0,0,0,0.0,0.0,2.0,0.0,EXCLUSION
2023-08,No Elegible,Vulnerabilidad Baja,1.599560907,1.525552408,1.0,1.0,1.776038647,1.498900966,1.0,1.043888889,sotap,1,low,,,espanol_uno_mas_adultos,adultos_ninguno_analfabeta,-500.0,-500,0,8.393749546,10.43108127,2.540977168,18.75926744378996,EXCLUSION
2023-12,Lista de Reserva,Vulnerabilidad Baja,1.0,1.0,1.0,1.0,1.0,1.0,1.0,1.0,sotap,1,low,,,espanol_uno_mas_adultos,adultos_ninguno_analfabeta,0.0,0,0,0.0,0.0,2.0,0.0,EXCLUSION
2023-10,Elegible,Vulnerabilidad Baja,1.0,1.0,1.0,1.0,1.0,2.117608696,1.790108696,1.0,sotap,1,low,,,espanol_uno_mas_adultos,adultos_ninguno_analfabeta,,0,0,0.0,14.16503897,2.395343965,13.709193850906429,INCLUSION
2024-04,No Elegible,Vulnerabilidad Moderada,1.0,1.0,1.0,1.0,1.776038647,2.823478261,1.790108696,1.0,sotap,1,low,,,espanol_uno_mas_adultos,adultos_ninguno_analfabeta,0.0,0,0,0.0,26.18890898,2.730928248,25.34612370011462,EXCLUSION
2024-05,No Elegible,Vulnerabilidad Moderada,1.0,1.0,2.578385269,1.0,1.776038647,2.117608696,1.790108696,1.0,sotap,1,low,,,espanol_uno_mas_adultos,adultos_uno_mas_analfabeta,,0,0,8.975915299,21.88512181,2.877986279,30.44560593426951,EXCLUSION
2023-10,Lista de Reserva,Vulnerabilidad Baja,1.0,1.0,2.578385269,1.0,1.0,1.0,1.0,1.0,pcr_cdmx,1,low,,,espanol_uno_mas_adultos,adultos_ninguno_analfabeta,0.0,0,0,8.975915299,0.0,2.267176041,9.26476922923712,EXCLUSION
2023-11,No Elegible,Vulnerabilidad Moderada,2.700708215,1.0,2.578385269,1.0,1.0,1.0,1.790108696,1.043888889,sotap,1,low,,,espanol_uno_mas_adultos,adultos_ninguno_analfabeta,0.0,0,0,20.97871872,6.061858428,2.793635574,27.520616629056853,EXCLUSION
2024-01,Elegible,Vulnerabilidad Baja,1.0,1.0,1.0,1.0,1.776038647,2.117608696,1.790108696,1.0,pcr_cdmx,2,low,jefatura_femenina,no,espanol_uno_mas_adultos,adultos_ninguno_analfabeta,0.0,0,0,0.0,21.88512181,2.610810239,21.18083670503239,INCLUSION
2024-03,Elegible,Vulnerabilidad Elevada,1.0,1.0,2.578385269,1.0,1.776038647,2.117608696,2.580217391,1.738466184,sotap,2,complete,jefatura_femenina,si,espanol_uno_mas_adultos,adultos_ninguno_analfabeta,0.0,0,0,8.975915299,36.78475459,3.29383264,44.86575363177633,INCLUSION
2024-02,No Elegible,Vulnerabilidad Elevada,1.0,1.0,2.578385269,1.0,1.776038647,2.117608696,2.580217391,1.738466184,sotap,4,average,jefatura_masculina,no,espanol_ningun_adulto,adultos_ninguno_analfabeta,,0,0,8.975915299,36.78475459,3.29383264,44.86575363177633,EXCLUSION
2024-02,Lista de Reserva,Vulnerabilidad Baja,1.0,1.0,2.578385269,1.0,1.0,1.498900966,1.0,1.0,sotap,1,low,,,espanol_ningun_adulto,adultos_ninguno_analfabeta,,0,0,8.975915299,3.815111519,2.373655191,12.95710664444418,EXCLUSION
2023-12,Elegible,Vulnerabilidad Baja,1.0,1.0,1.0,1.0,1.0,1.498900966,1.790108696,1.0,sotap,4,average,jefatura_femenina,si,espanol_uno_mas_adultos,adultos_ninguno_analfabeta,0.0,0,-500,0.0,10.02735341,2.279861825,9.70466314991279,INCLUSION
2024-02,Elegible,Vulnerabilidad Moderada,1.0,1.0,1.0,1.0,1.776038647,2.823478261,1.790108696,1.0,sotap,4,average,jefatura_masculina,no,espanol_uno_mas_adultos,adultos_ninguno_analfabeta,0.0,0,0,0.0,26.18890898,2.730928248,25.34612370011462,INCLUSION
2024-05,No Elegible,Vulnerabilidad Moderada,1.0,1.525552408,1.0,1.0,1.776038647,2.117608696,1.790108696,1.043888889,foten,1,low,,,espanol_uno_mas_adultos,adultos_ninguno_analfabeta,0.0,0,0,3.741369748,22.50821784,2.739565922,25.645651649551347,EXCLUSION
2024-07,No Elegible,Vulnerabilidad Moderada,1.0,1.0,2.578385269,1.0,1.776038647,2.823478261,1.790108696,1.0,foten,2,average,jefatura_femenina,si,espanol_uno_mas_adultos,adultos_ninguno_analfabeta,,0,0,8.975915299,26.18890898,2.998104289,34.61089292935174,EXCLUSION
2023-12,No Elegible,Vulnerabilidad Baja,1.0,1.0,2.578385269,1.0,1.0,1.0,1.0,1.0,sotap,1,low,,,espanol_ningun_adulto,adultos_ninguno_analfabeta,,0,0,8.975915299,0.0,2.267176041,9.26476922923712,EXCLUSION
2024-04,No Elegible,Vulnerabilidad Baja,1.0,1.0,2.578385269,1.0,1.776038647,1.498900966,1.0,1.0,fupal,1,low,,,espanol_uno_mas_adultos,adultos_ninguno_analfabeta,0.0,0,0,8.975915299,9.93697889,2.544515527,18.88196620157803,EXCLUSION
2024-05,No Elegible,Vulnerabilidad Baja,1.0,1.0,1.0,1.0,1.0,2.117608696,1.0,1.0,sotap,1,low,,,espanol_uno_mas_adultos,adultos_ninguno_analfabeta,,0,0,0.0,7.392265486,2.206316944,7.154374990395034,EXCLUSION
2024-02,Elegible,Vulnerabilidad Elevada,1.599560907,1.0,2.578385269,1.0,1.776038647,2.823478261,2.580217391,1.043888889,sotap,3,low,jefatura_masculina,no,espanol_ningun_adulto,adultos_ninguno_analfabeta,0.0,0,0,14.28054816,32.85812825,3.342138208,46.54083130512371,INCLUSION
2023-10,No Elegible,Vulnerabilidad Moderada,1.0,1.0,1.0,1.0,1.776038647,2.823478261,1.790108696,1.0,sotap,3,average,jefatura_masculina,no,espanol_uno_mas_adultos,adultos_ninguno_analfabeta,,0,0,0.0,26.18890898,2.730928248,25.34612370011462,EXCLUSION
2023-06,No Elegible,Vulnerabilidad Baja,1.0,1.0,1.0,1.0,1.776038647,2.117608696,1.790108696,1.0,sotap,2,average,jefatura_femenina,si,espanol_uno_mas_adultos,adultos_ninguno_analfabeta,0.0,0,0,0.0,21.88512181,2.610810239,21.18083670503239,EXCLUSION
2024-04,Lista de Reserva,Vulnerabilidad Elevada,2.700708215,1.525552408,2.578385269,1.0,1.0,2.117608696,1.790108696,1.043888889,pcr_cdmx,4,average,jefatura_masculina,no,espanol_uno_mas_adultos,adultos_ninguno_analfabeta,0.0,0,0,27.05638709,14.70478802,3.215765515,42.15866191967167,EXCLUSION
2023-07,Lista de Reserva,Vulnerabilidad Elevada,1.0,1.0,1.0,1.0,1.776038647,2.823478261,2.580217391,1.043888889,sotap,4,average,jefatura_femenina,si,espanol_uno_mas_adultos,adultos_ninguno_analfabeta,0.0,0,0,0.0,32.85812825,2.917065088,31.80072082478675,EXCLUSION
2023-12,Lista de Reserva,Vulnerabilidad Baja,1.0,1.0,1.0,1.0,1.776038647,1.0,1.790108696,1.0,fupal,1,low,,,espanol_uno_mas_adultos,adultos_ninguno_analfabeta,,0,0,0.0,12.01413641,2.33531262,11.62750948618979,EXCLUSION
2024-07,No Elegible,Vulnerabilidad Elevada,2.070141643,1.0,1.0,1.0,1.776038647,2.117608696,2.580217391,1.043888889,sotap,2,average,jefatura_femenina,si,espanol_uno_mas_adultos,adultos_ninguno_analfabeta,-500.0,0,0,6.702282231,28.09152966,2.983529432,34.10548451948735,EXCLUSION
2024-01,Elegible,Vulnerabilidad Elevada,2.070141643,1.0,2.578385269,1.0,1.776038647,2.117608696,1.790108696,1.043888889,sotap,8,average,jefatura_masculina,no,espanol_uno_mas_adultos,adultos_ninguno_analfabeta,,0,0,17.46888676,22.50821784,3.148177581,39.81493388651453,INCLUSION
2023-12,No Elegible,Vulnerabilidad Moderada,1.0,2.051104816,2.578385269,1.0,1.776038647,1.0,1.790108696,1.0,sotap,2,average,jefatura_masculina,no,espanol_uno_mas_adultos,adultos_uno_mas_analfabeta,0.0,0,0,17.3510839,12.01413641,2.851782945,29.536968617175688,EXCLUSION
2023-11,Elegible,Vulnerabilidad Baja,1.0,1.0,1.0,1.0,1.776038647,2.117608696,1.790108696,1.0,sotap,2,average,jefatura_femenina,si,espanol_uno_mas_adultos,adultos_ninguno_analfabeta,0.0,0,0,0.0,21.88512181,2.610810239,21.18083670503239,INCLUSION
2024-01,No Elegible,Vulnerabilidad Moderada,2.070141643,1.0,1.0,1.0,1.776038647,2.117608696,1.790108696,1.0,sotap,1,low,,,espanol_uno_mas_adultos,adultos_ninguno_analfabeta,0.0,0,0,6.702282231,21.88512181,2.810309585,28.0988050805082,EXCLUSION
2024-04,Elegible,Vulnerabilidad Moderada,1.0,1.525552408,1.0,1.0,1.776038647,2.823478261,1.790108696,1.0,pcr_cdmx,2,average,jefatura_femenina,no,espanol_ningun_adulto,adultos_ninguno_analfabeta,,0,0,3.741369748,26.18890898,2.842293421,29.20789446797501,INCLUSION
2024-04,No Elegible,Vulnerabilidad Baja,1.0,1.0,1.0,1.0,1.0,2.117608696,1.0,1.0,sotap,1,low,,,espanol_uno_mas_adultos,adultos_uno_mas_analfabeta,0.0,0,0,0.0,7.392265486,2.206316944,7.154374990395034,EXCLUSION
2023-12,No Elegible,Vulnerabilidad Severa,2.700708215,1.0,3.251728045,1.0,1.776038647,1.498900966,1.790108696,2.544987923,sotap,4,average,jefatura_femenina,si,espanol_uno_mas_adultos,adultos_uno_mas_analfabeta,0.0,0,0,24.2379543,31.0340229,3.587618702,55.0532729163834,EXCLUSION
2023-07,No Elegible,Vulnerabilidad Moderada,1.0,1.0,1.0,1.0,1.776038647,2.823478261,2.580217391,1.0,foten,1,low,,,espanol_uno_mas_adultos,adultos_ninguno_analfabeta,0.0,0,-500,0.0,32.12448674,2.896589272,31.09068863222006,EXCLUSION
2024-03,No Elegible,Vulnerabilidad Elevada,1.0,1.0,2.578385269,1.0,1.776038647,2.823478261,1.790108696,1.0,sotap,3,complete,jefatura_femenina,si,espanol_uno_mas_adultos,adultos_ninguno_analfabeta,,0,0,8.975915299,26.18890898,2.998104289,34.61089292935174,EXCLUSION
2024-01,Lista de Reserva,Vulnerabilidad Elevada,2.700708215,2.051104816,3.251728045,1.0,1.0,1.498900966,1.0,1.0,sotap,3,average,jefatura_femenina,no,espanol_uno_mas_adultos,adultos_uno_mas_analfabeta,0.0,0,0,35.61565687,3.815111519,3.16661061,40.454141738940535,EXCLUSION
2023-10,Lista de Reserva,Vulnerabilidad Baja,1.0,1.0,1.0,1.564135978,1.0,1.0,1.0,1.0,sotap,1,low,,,espanol_uno_mas_adultos,adultos_ninguno_analfabeta,,0,0,3.975239986,0.0,2.118326527,4.103167183989466,EXCLUSION
2024-03,No Elegible,Vulnerabilidad Baja,1.0,1.0,1.0,1.0,1.0,1.0,1.0,1.0,sotap,1,low,,,espanol_uno_mas_adultos,adultos_ninguno_analfabeta,0.0,0,0,0.0,0.0,2.0,0.0,EXCLUSION
2023-10,Elegible,Vulnerabilidad Moderada,1.0,1.0,1.0,1.0,1.776038647,2.823478261,1.790108696,1.0,sotap,1,low,,,espanol_uno_mas_adultos,adultos_ninguno_analfabeta,0.0,0,0,0.0,26.18890898,2.730928248,25.34612370011462,INCLUSION
2023-12,Lista de Reserva,Vulnerabilidad Baja,1.0,1.0,1.0,1.0,1.776038647,1.498900966,1.790108696,1.0,pcr_cdmx,2,average,jefatura_masculina,si,espanol_uno_mas_adultos,adultos_ninguno_analfabeta,,0,0,0.0,17.10850297,2.477495573,16.55793423592243,EXCLUSION
2023-10,No Elegible,Vulnerabilidad Elevada,2.700708215,1.0,1.249197356,1.0,1.776038647,2.823478261,1.790108696,1.043888889,sotap,3,average,jefatura_femenina,si,espanol_uno_mas_adultos,adultos_ninguno_analfabeta,0.0,0,0,11.93561888,26.85846924,3.104889798,38.31385587256485,EXCLUSION
2023-06,No Elegible,Vulnerabilidad Elevada,2.700708215,2.051104816,1.0,1.0,1.776038647,2.823478261,1.790108696,1.0,sotap,1,low,,,espanol_ningun_adulto,adultos_ninguno_analfabeta,0.0,0,0,17.94487015,26.18890898,3.265073146,43.868477716411775,EXCLUSION
2023-12,Lista de Reserva,Vulnerabilidad Severa,2.700708215,1.0,2.578385269,1.0,1.776038647,2.823478261,2.580217391,1.043888889,sotap,2,average,jefatura_femenina,si,espanol_uno_mas_adultos,adultos_ninguno_analfabeta,0.0,0,0,20.97871872,32.85812825,3.541515166,53.45455569191508,EXCLUSION
2023-07,Lista de Reserva,Vulnerabilidad Moderada,2.700708215,1.0,1.0,1.0,1.0,1.0,1.790108696,2.544987923,sotap,1,low,,,espanol_ningun_adulto,adultos_ninguno_analfabeta,-500.0,0,0,9.472088355,16.51639539,2.742915015,25.761790900306664,EXCLUSION
2023-08,Elegible,Vulnerabilidad Elevada,2.070141643,1.0,3.251728045,1.0,1.776038647,1.498900966,1.0,1.043888889,sotap,3,average,jefatura_masculina,no,espanol_uno_mas_adultos,adultos_uno_mas_analfabeta,0.0,0,0,20.51851115,10.43108127,2.901881398,31.27421600096828,INCLUSION
2023-08,Elegible,Vulnerabilidad Moderada,1.0,1.0,1.249197356,1.0,1.776038647,2.117608696,2.580217391,1.043888889,fomon,4,average,jefatura_masculina,no,espanol_ningun_adulto,adultos_ninguno_analfabeta,,0,0,1.921713018,28.09152966,2.841231571,29.1710718086438,INCLUSION
2023-07,No Elegible,Vulnerabilidad Moderada,2.700708215,1.0,1.249197356,1.0,1.776038647,1.0,2.580217391,1.0,sotap,1,low,,,espanol_uno_mas_adultos,adultos_ninguno_analfabeta,-500.0,0,0,11.93561888,16.59309681,2.8183849,28.37883339273467,EXCLUSION
2024-02,No Elegible por Intenciones,Vulnerabilidad Elevada,1.0,1.0,2.578385269,1.0,1.776038647,2.823478261,2.580217391,1.0,sotap,1,low,,,espanol_uno_mas_adultos,adultos_ninguno_analfabeta,0.0,0,0,8.975915299,32.12448674,3.163765312,40.35545786145718,EXCLUSION
2024-06,Lista de Reserva,Vulnerabilidad Baja,1.0,1.525552408,1.0,1.0,1.776038647,1.0,2.580217391,1.043888889,futij,1,low,,,espanol_uno_mas_adultos,adultos_ninguno_analfabeta,,0,0,3.741369748,17.15905947,2.59027177,20.46863454505632,EXCLUSION
2023-07,No Elegible,Vulnerabilidad Baja,1.0,1.0,1.0,1.0,1.776038647,1.0,2.580217391,1.043888889,sotap,1,low,,,espanol_uno_mas_adultos,adultos_ninguno_analfabeta,0.0,0,0,0.0,17.15905947,2.478906597,16.60686377719593,EXCLUSION
2024-04,No Elegible,Vulnerabilidad Baja,1.0,1.0,2.578385269,1.0,1.776038647,1.498900966,1.0,1.0,sotap,3,average,jefatura_femenina,si,espanol_uno_mas_adultos,adultos_ninguno_analfabeta,0.0,0,0,8.975915299,9.93697889,2.544515527,18.88196620157803,EXCLUSION
2024-04,No Elegible por Duplicidad,Vulnerabilidad Elevada,1.0,2.051104816,2.578385269,1.0,1.776038647,2.823478261,1.790108696,1.0,foten,1,low,,,espanol_uno_mas_adultos,adultos_ninguno_analfabeta,,0,0,17.3510839,26.18890898,3.247398574,43.25558283110052,EXCLUSION
2024-03,No Elegible,Vulnerabilidad Moderada,1.599560907,1.0,1.0,1.0,1.776038647,2.823478261,2.580217391,1.043888889,fupal,1,low,,,espanol_uno_mas_adultos,adultos_ninguno_analfabeta,0.0,0,0,4.186184624,32.85812825,3.041670568,36.1216210561717,EXCLUSION
2023-11,No Elegible,Vulnerabilidad Baja,1.0,1.0,1.0,1.0,1.776038647,1.498900966,1.790108696,1.0,sotap,1,low,,,espanol_uno_mas_adultos,adultos_ninguno_analfabeta,0.0,0,0,0.0,17.10850297,2.477495573,16.55793423592243,EXCLUSION
2023-08,No Elegible,Vulnerabilidad Baja,1.0,1.0,1.0,1.0,1.776038647,1.498900966,2.580217391,1.0,sotap,1,low,,,espanol_uno_mas_adultos,adultos_ninguno_analfabeta,0.0,0,0,0.0,22.17502718,2.618901451,21.46141263032042,EXCLUSION
2023-07,Lista de Reserva,Vulnerabilidad Elevada,1.0,1.0,3.251728045,1.0,1.776038647,2.117608696,1.790108696,1.0,fupal,1,low,,,espanol_uno_mas_adultos,adultos_ninguno_analfabeta,,0,0,11.51832969,21.88512181,2.953663487,33.06983776278628,EXCLUSION
2023-08,No Elegible,Vulnerabilidad Elevada,1.0,1.0,2.578385269,1.0,1.776038647,2.823478261,2.580217391,1.043888889,sotap,1,low,,,espanol_uno_mas_adultos,adultos_ninguno_analfabeta,0.0,0,0,8.975915299,32.85812825,3.184241129,41.06549005402387,EXCLUSION
2024-02,Elegible,Vulnerabilidad Elevada,1.0,2.051104816,1.0,1.0,1.776038647,2.823478261,1.790108696,1.0,sotap,2,average,jefatura_femenina,si,espanol_uno_mas_adultos,adultos_ninguno_analfabeta,0.0,0,0,6.609317356,26.18890898,2.927660413,32.16813549794806,INCLUSION
2023-08,Lista de Reserva,Vulnerabilidad Baja,1.0,1.0,1.0,1.0,1.0,1.0,1.0,1.0,sotap,1,low,,,espanol_uno_mas_adultos,adultos_ninguno_analfabeta,0.0,0,0,0.0,0.0,2.0,0.0,EXCLUSION
2023-09,No Elegible,Vulnerabilidad Baja,1.0,1.0,1.0,1.0,1.776038647,2.117608696,1.0,1.0,sotap,1,low,,,espanol_ningun_adulto,adultos_ninguno_analfabeta,,0,0,0.0,14.06650994,2.392594036,13.61383558362086,EXCLUSION
2024-05,No Elegible,Vulnerabilidad Baja,1.0,1.0,1.0,1.0,1.0,1.498900966,1.0,1.0,sotap,4,average,jefatura_masculina,no,espanol_uno_mas_adultos,adultos_ninguno_analfabeta,0.0,0,0,0.0,3.815111519,2.10647915,3.692337415207061,EXCLUSION
2024-05,No Elegible,Vulnerabilidad Baja,2.070141643,1.0,1.0,1.0,1.0,1.0,2.580217391,1.0,sotap,3,low,jefatura_masculina,no,espanol_uno_mas_adultos,adultos_ninguno_analfabeta,0.0,0,0,6.702282231,9.580889352,2.466900431,16.190535127239098,EXCLUSION
2024-05,No Elegible,Vulnerabilidad Baja,1.0,1.0,1.0,1.0,1.0,1.498900966,1.790108696,1.0,sotap,3,low,jefatura_femenina,no,espanol_uno_mas_adultos,adultos_ninguno_analfabeta,0.0,0,0,0.0,10.02735341,2.279861825,9.70466314991279,EXCLUSION
2023-11,Elegible,Vulnerabilidad Elevada,1.0,1.0,2.578385269,1.0,1.776038647,2.823478261,2.580217391,1.0,sotap,1,low,,,espanol_uno_mas_adultos,adultos_ninguno_analfabeta,0.0,0,0,8.975915299,32.12448674,3.163765312,40.35545786145718,INCLUSION
2024-01,Lista de Reserva,Vulnerabilidad Elevada,2.070141643,1.0,1.0,1.0,1.776038647,2.117608696,2.580217391,1.043888889,foten,3,average,jefatura_femenina,si,espanol_uno_mas_adultos,adultos_ninguno_analfabeta,,0,0,6.702282231,28.09152966,2.983529432,34.10548451948735,EXCLUSION
2024-05,No Elegible,Vulnerabilidad Baja,1.0,1.0,1.0,1.0,1.0,1.0,1.0,1.0,sotap,3,low,jefatura_masculina,no,espanol_uno_mas_adultos,adultos_ninguno_analfabeta,0.0,0,0,0.0,0.0,2.0,0.0,EXCLUSION
2024-03,Lista de Reserva,Vulnerabilidad Baja,1.0,1.0,1.0,1.0,1.776038647,2.117608696,1.790108696,1.0,sotap,1,low,,,espanol_uno_mas_adultos,adultos_ninguno_analfabeta,0.0,0,0,0.0,21.88512181,2.610810239,21.18083670503239,EXCLUSION
2023-09,No Elegible,Vulnerabilidad Baja,1.0,1.0,2.578385269,1.0,1.0,1.498900966,1.0,1.0,sotap,1,low,,,espanol_uno_mas_adultos,adultos_ninguno_analfabeta,0.0,0,0,8.975915299,3.815111519,2.373655191,12.95710664444418,EXCLUSION
2023-10,No Elegible por Intenciones,Vulnerabilidad Elevada,1.0,1.0,1.0,1.0,1.776038647,2.117608696,2.580217391,1.738466184,sotap,2,average,jefatura_femenina,si,espanol_uno_mas_adultos,adultos_ninguno_analfabeta,0.0,0,0,0.0,36.78475459,3.0266566,35.60098440253921,EXCLUSION
2023-12,Elegible,Vulnerabilidad Severa,2.700708215,1.525552408,3.251728045,1.0,1.776038647,2.117608696,1.790108696,1.0,sotap,4,average,jefatura_femenina,no,espanol_uno_mas_adultos,adultos_ninguno_analfabeta,0.0,0,0,30.67858802,21.88512181,3.523985487,52.84669236610401,INCLUSION
2024-04,No Elegible,Vulnerabilidad Elevada,1.0,1.0,1.0,1.0,1.776038647,2.117608696,2.580217391,1.738466184,pcr_cdmx,1,low,,,espanol_ningun_adulto,adultos_ninguno_analfabeta,,0,0,0.0,36.78475459,3.0266566,35.60098440253921,EXCLUSION
2023-11,No Elegible por Intenciones,Vulnerabilidad Baja,1.0,1.0,2.578385269,1.0,1.776038647,1.0,1.790108696,1.043888889,pcr_cdmx,1,low,,,espanol_uno_mas_adultos,adultos_ninguno_analfabeta,0.0,0,0,8.975915299,12.53066404,2.616904864,21.39218396976588,EXCLUSION
2024-03,Lista de Reserva,Vulnerabilidad Baja,1.0,1.0,1.0,1.0,1.776038647,1.0,2.580217391,1.043888889,pcr_cdmx,1,low,,,espanol_uno_mas_adultos,adultos_ninguno_analfabeta,0.0,0,0,0.0,17.15905947,2.478906597,16.60686377719593,EXCLUSION
2024-02,No Elegible,Vulnerabilidad Elevada,2.070141643,1.0,1.0,1.0,1.776038647,2.823478261,2.580217391,1.043888889,sotap,7,average,jefatura_femenina,no,espanol_uno_mas_adultos,adultos_ninguno_analfabeta,,-500,0,6.702282231,32.85812825,3.116564434,38.71868920026256,EXCLUSION
2023-06,No Elegible,Vulnerabilidad Moderada,1.0,1.0,1.0,1.0,1.776038647,2.117608696,2.580217391,1.043888889,sotap,2,average,jefatura_femenina,no,espanol_uno_mas_adultos,adultos_ninguno_analfabeta,,0,0,0.0,28.09152966,2.784030087,27.18751614401154,EXCLUSION
2023-11,Elegible,Vulnerabilidad Moderada,2.070141643,1.0,1.0,1.0,1.776038647,2.117608696,1.790108696,1.043888889,foten,1,low,,,espanol_uno_mas_adultos,adultos_ninguno_analfabeta,0.0,0,0,6.702282231,22.50821784,2.827700095,28.70184925716677,INCLUSION
2024-02,No Elegible,Vulnerabilidad Elevada,1.0,1.0,2.578385269,1.0,1.776038647,2.823478261,1.790108696,1.043888889,sotap,1,low,,,espanol_ningun_adulto,adultos_ninguno_analfabeta,0.0,0,0,8.975915299,26.85846924,3.016791609,35.25890607062468,EXCLUSION
2023-08,Elegible,Vulnerabilidad Elevada,2.700708215,1.0,2.578385269,1.0,1.776038647,2.823478261,1.790108696,1.0,sotap,4,average,jefatura_masculina,no,espanol_uno_mas_adultos,adultos_ninguno_analfabeta,0.0,0,-500,20.97871872,26.18890898,3.355378326,46.99995856724294,INCLUSION
2024-06,Lista de Reserva,Vulnerabilidad Moderada,2.700708215,1.0,2.578385269,1.0,1.0,2.117608696,1.0,1.043888889,sotap,1,low,,,espanol_uno_mas_adultos,adultos_ninguno_analfabeta,,0,0,20.97871872,7.858894815,2.843790571,29.25982258808681,EXCLUSION
2023-11,Elegible,Vulnerabilidad Baja,1.0,1.525552408,1.0,1.0,1.776038647,1.0,1.0,1.0,pcr_cdmx,1,low,,,espanol_uno_mas_adultos,adultos_ninguno_analfabeta,0.0,0,0,3.741369748,5.532745347,2.265783208,9.21646683684858,INCLUSION
2024-02,No Elegible,Vulnerabilidad Elevada,1.0,1.0,3.251728045,1.0,1.776038647,2.823478261,2.580217391,1.0,sotap,3,average,jefatura_femenina,no,espanol_uno_mas_adultos,adultos_ninguno_analfabeta,0.0,0,-500,11.51832969,32.12448674,3.23944252,42.97968968997395,EXCLUSION
2024-04,No Elegible,Vulnerabilidad Baja,1.599560907,1.0,1.0,1.0,1.0,1.0,1.790108696,1.043888889,sotap,1,low,,,espanol_uno_mas_adultos,adultos_ninguno_analfabeta,,0,0,4.186184624,6.061858428,2.293790976,10.187681993313475,EXCLUSION
2024-05,Lista de Reserva,Vulnerabilidad Elevada,1.0,1.0,1.0,1.0,1.776038647,2.823478261,2.580217391,1.043888889,sotap,4,complete,jefatura_femenina,si,espanol_uno_mas_adultos,adultos_ninguno_analfabeta,,0,0,0.0,32.85812825,2.917065088,31.80072082478675,EXCLUSION
2023-09,No Elegible,Vulnerabilidad Baja,1.0,1.0,2.578385269,1.0,1.0,1.498900966,1.0,1.0,pcr_cdmx,1,low,,,espanol_ningun_adulto,adultos_ninguno_analfabeta,0.0,0,0,8.975915299,3.815111519,2.373655191,12.95710664444418,EXCLUSION
2023-08,No Elegible,Vulnerabilidad Moderada,1.0,1.0,1.0,1.0,1.776038647,2.823478261,1.790108696,1.043888889,sotap,1,low,,,espanol_uno_mas_adultos,adultos_ninguno_analfabeta,,0,0,0.0,26.85846924,2.749615568,25.99413684138756,EXCLUSION
2023-09,No Elegible,Vulnerabilidad Moderada,2.700708215,1.0,1.249197356,1.0,1.0,2.117608696,2.580217391,1.0,sotap,1,low,,,espanol_uno_mas_adultos,adultos_ninguno_analfabeta,-500.0,0,0,11.93561888,18.94985465,2.884161633,30.65974840868563,EXCLUSION
2024-05,No Elegible,Vulnerabilidad Severa,2.700708215,2.051104816,3.251728045,1.0,1.776038647,2.823478261,2.580217391,1.043888889,sotap,4,complete,jefatura_masculina,si,espanol_uno_mas_adultos,adultos_uno_mas_analfabeta,,0,0,35.61565687,32.85812825,3.977196548,68.56252514852022,EXCLUSION
2024-06,No Elegible,Vulnerabilidad Elevada,1.0,1.0,2.578385269,1.564135978,1.776038647,2.117608696,1.790108696,1.043888889,sotap,1,low,,,espanol_uno_mas_adultos,adultos_ninguno_analfabeta,-500.0,0,0,14.01324416,22.50821784,3.045317329,36.24808525200392,EXCLUSION
2023-10,Elegible,Vulnerabilidad Elevada,1.0,1.0,1.0,1.0,1.776038647,2.823478261,2.580217391,1.043888889,pcr_cdmx,2,average,jefatura_masculina,no,espanol_uno_mas_adultos,adultos_ninguno_analfabeta,-500.0,0,0,0.0,32.85812825,2.917065088,31.80072082478675,INCLUSION
2024-03,No Elegible,Vulnerabilidad Moderada,2.700708215,1.0,2.578385269,1.0,1.0,1.0,1.790108696,1.0,sotap,2,average,jefatura_femenina,no,espanol_ningun_adulto,adultos_uno_mas_analfabeta,0.0,0,0,20.97871872,5.614422911,2.78114772,27.08758003442943,EXCLUSION
2023-11,Elegible,Vulnerabilidad Moderada,1.0,1.0,1.0,1.0,1.776038647,2.823478261,1.790108696,1.0,sotap,1,low,,,espanol_uno_mas_adultos,adultos_ninguno_analfabeta,0.0,0,0,0.0,26.18890898,2.730928248,25.34612370011462,INCLUSION
2023-06,No Elegible,Vulnerabilidad Severa,2.700708215,1.0,2.578385269,1.0,1.776038647,2.823478261,2.580217391,1.0,sotap,2,low,jefatura_masculina,no,espanol_ningun_adulto,adultos_uno_mas_analfabeta,0.0,0,0,20.97871872,32.12448674,3.521039349,52.74452349934838,EXCLUSION
2023-11,Elegible,Vulnerabilidad Moderada,1.0,1.525552408,1.0,1.0,1.776038647,2.823478261,1.790108696,1.0,sotap,5,low,jefatura_masculina,no,espanol_uno_mas_adultos,adultos_ninguno_analfabeta,,0,0,3.741369748,26.18890898,2.842293421,29.20789446797501,INCLUSION
2024-02,No Elegible,Vulnerabilidad Severa,2.700708215,1.0,2.578385269,1.0,1.776038647,2.823478261,2.580217391,1.738466184,sotap,3,complete,jefatura_femenina,si,espanol_uno_mas_adultos,adultos_ninguno_analfabeta,-500.0,0,0,20.97871872,42.19960637,3.802234322,62.49541570453535,EXCLUSION
2024-03,No Elegible,Vulnerabilidad Moderada,1.0,1.0,1.0,1.0,1.776038647,2.823478261,2.580217391,1.0,sotap,7,low,jefatura_masculina,no,espanol_ningun_adulto,adultos_ninguno_analfabeta,,0,0,0.0,32.12448674,2.896589272,31.09068863222006,EXCLUSION
2023-10,No Elegible,Vulnerabilidad Elevada,1.0,1.0,2.578385269,1.0,1.776038647,2.117608696,2.580217391,1.043888889,sotap,5,high,jefatura_masculina,no,espanol_uno_mas_adultos,adultos_ninguno_analfabeta,,0,0,8.975915299,28.09152966,3.051206127,36.45228537324866,EXCLUSION
2024-05,Lista de Reserva,Vulnerabilidad Baja,1.599560907,1.0,1.0,1.0,1.0,1.0,1.790108696,1.043888889,fupal,1,low,,,espanol_uno_mas_adultos,adultos_ninguno_analfabeta,0.0,0,0,4.186184624,6.061858428,2.293790976,10.187681993313475,EXCLUSION
2023-06,No Elegible,Vulnerabilidad Moderada,1.599560907,1.0,1.0,1.0,1.776038647,2.823478261,1.790108696,1.043888889,sotap,1,low,,,espanol_uno_mas_adultos,adultos_ninguno_analfabeta,0.0,0,0,4.186184624,26.85846924,2.874221048,30.315037072772505,EXCLUSION
2023-12,Lista de Reserva,Vulnerabilidad Baja,1.0,1.0,1.0,1.0,1.776038647,2.117608696,1.790108696,1.043888889,sotap,1,low,,,espanol_uno_mas_adultos,adultos_ninguno_analfabeta,,0,0,0.0,22.50821784,2.628200749,21.78388088169096,EXCLUSION
2023-11,No Elegible,Vulnerabilidad Moderada,2.700708215,1.0,2.578385269,1.0,1.776038647,1.0,1.0,1.0,sotap,1,low,,,espanol_uno_mas_adultos,adultos_ninguno_analfabeta,-500.0,0,0,20.97871872,5.532745347,2.778868113,27.008530936116514,EXCLUSION
2023-07,No Elegible,Vulnerabilidad Elevada,2.700708215,2.051104816,1.249197356,1.0,1.776038647,2.117608696,1.0,1.043888889,sotap,2,complete,jefatura_femenina,si,espanol_uno_mas_adultos,adultos_ninguno_analfabeta,-500.0,0,0,20.89305637,14.60519526,3.029528919,35.70060128838091,EXCLUSION
2023-08,No Elegible,Vulnerabilidad Elevada,2.070141643,1.0,1.0,1.0,1.776038647,2.823478261,2.580217391,1.043888889,foten,2,average,jefatura_masculina,no,espanol_uno_mas_adultos,adultos_ninguno_analfabeta,0.0,0,0,6.702282231,32.85812825,3.116564434,38.71868920026256,EXCLUSION
2024-06,No Elegible,Vulnerabilidad Baja,2.070141643,1.0,2.578385269,1.0,1.0,1.0,1.0,1.043888889,sotap,1,low,,,espanol_uno_mas_adultos,adultos_ninguno_analfabeta,,0,0,17.46888676,0.386821499,2.530772958,18.405426201164243,EXCLUSION
2023-09,No Elegible,Vulnerabilidad Baja,1.0,1.0,1.0,1.0,1.0,2.117608696,1.790108696,1.0,fomon,1,low,,,espanol_uno_mas_adultos,adultos_uno_mas_analfabeta,0.0,0,0,0.0,14.16503897,2.395343965,13.709193850906429,EXCLUSION
2023-09,Lista de Reserva,Vulnerabilidad Baja,1.0,1.0,1.0,1.0,1.776038647,1.0,1.790108696,1.0,fomon,1,low,,,espanol_ningun_adulto,adultos_ninguno_analfabeta,,0,0,0.0,12.01413641,2.33531262,11.62750948618979,EXCLUSION
2024-05,No Elegible,Vulnerabilidad Severa,2.700708215,2.051104816,2.578385269,1.0,1.776038647,2.823478261,2.580217391,1.0,sotap,2,complete,jefatura_femenina,si,espanol_uno_mas_adultos,adultos_ninguno_analfabeta,,0,0,31.71522481,32.12448674,3.840620929,63.82654109183068,EXCLUSION
2024-05,No Elegible,Vulnerabilidad Elevada,2.700708215,1.0,2.578385269,1.0,1.776038647,2.823478261,1.790108696,1.0,sotap,1,low,,,espanol_uno_mas_adultos,adultos_ninguno_analfabeta,,0,0,20.97871872,26.18890898,3.355378326,46.99995856724294,EXCLUSION
2023-08,No Elegible,Vulnerabilidad Elevada,1.0,1.0,2.578385269,1.0,1.776038647,2.117608696,2.580217391,1.043888889,sotap,3,average,jefatura_masculina,no,espanol_uno_mas_adultos,adultos_ninguno_analfabeta,,0,0,8.975915299,28.09152966,3.051206127,36.45228537324866,EXCLUSION
2024-03,No Elegible,Vulnerabilidad Baja,1.0,1.0,1.0,1.0,1.0,1.498900966,1.790108696,1.0,sotap,4,average,jefatura_masculina,no,espanol_uno_mas_adultos,adultos_ninguno_analfabeta,,0,0,0.0,10.02735341,2.279861825,9.70466314991279,EXCLUSION
2023-10,Elegible,Vulnerabilidad Baja,1.0,1.0,1.0,1.0,1.776038647,1.0,2.580217391,1.0,pcr_cdmx,2,average,jefatura_masculina,no,espanol_uno_mas_adultos,adultos_ninguno_analfabeta,0.0,0,0,0.0,16.59309681,2.46311067,16.059114361557388,INCLUSION
2024-04,No Elegible,Vulnerabilidad Baja,2.070141643,1.0,1.0,1.0,1.0,1.498900966,1.790108696,1.043888889,sotap,1,low,,,espanol_uno_mas_adultos,adultos_ninguno_analfabeta,0.0,0,0,6.702282231,10.52243148,2.49317872,17.10177748801793,EXCLUSION
2023-11,Elegible,Vulnerabilidad Moderada,1.0,1.0,2.578385269,1.0,1.776038647,2.117608696,1.790108696,1.043888889,sotap,6,average,jefatura_masculina,no,espanol_uno_mas_adultos,adultos_ninguno_analfabeta,0.0,0,-500,8.975915299,22.50821784,2.89537679,31.04865011092808,INCLUSION
2024-02,Elegible,Vulnerabilidad Baja,1.0,1.525552408,2.578385269,1.0,1.776038647,1.0,1.0,1.043888889,sotap,1,low,,,espanol_uno_mas_adultos,adultos_ninguno_analfabeta,,0,0,13.7168894,5.979299062,2.575176597,19.94519185666718,INCLUSION
2023-08,No Elegible,Vulnerabilidad Elevada,2.070141643,1.0,1.0,1.0,1.776038647,2.117608696,2.580217391,1.043888889,sotap,1,low,,,espanol_uno_mas_adultos,adultos_ninguno_analfabeta,,0,0,6.702282231,28.09152966,2.983529432,34.10548451948735,EXCLUSION
2024-03,No Elegible,Vulnerabilidad Elevada,1.599560907,1.0,1.0,1.0,1.776038647,2.823478261,2.580217391,1.0,sotap,2,complete,jefatura_femenina,si,espanol_uno_mas_adultos,adultos_ninguno_analfabeta,,0,0,4.186184624,32.12448674,3.021194752,35.411588863605004,EXCLUSION
2023-07,Lista de Reserva,Vulnerabilidad Baja,2.700708215,1.0,1.0,1.0,1.0,1.498900966,1.790108696,1.0,sotap,5,average,jefatura_masculina,no,espanol_uno_mas_adultos,adultos_ninguno_analfabeta,,0,0,9.472088355,10.02735341,2.561806895,19.481572780265047,EXCLUSION
2023-08,No Elegible,Vulnerabilidad Severa,2.070141643,2.051104816,1.0,1.0,1.776038647,2.117608696,2.580217391,2.544987923,sotap,3,average,jefatura_femenina,si,espanol_ningun_adulto,adultos_ninguno_analfabeta,0.0,0,0,14.63015408,44.04383881,3.664735924,57.72743110170387,EXCLUSION
2024-02,No Elegible,Vulnerabilidad Elevada,2.700708215,1.0,2.578385269,1.0,1.776038647,2.823478261,1.0,1.0,sotap,1,low,,,espanol_ningun_adulto,adultos_ninguno_analfabeta,0.0,0,0,20.97871872,17.78726377,3.120889756,38.86868670174595,EXCLUSION
2023-06,Lista de Reserva,Vulnerabilidad Baja,1.599560907,1.0,1.0,1.0,1.0,1.0,2.580217391,1.043888889,sotap,2,low,jefatura_femenina,no,espanol_uno_mas_adultos,adultos_ninguno_analfabeta,-500.0,0,0,4.186184624,10.07114734,2.405689587,14.067947978836404,EXCLUSION
2024-06,No Elegible,Vulnerabilidad Baja,1.0,2.051104816,1.0,1.0,1.0,1.498900966,1.0,1.0,sotap,1,low,,,espanol_uno_mas_adultos,adultos_ninguno_analfabeta,0.0,0,0,6.609317356,3.815111519,2.303211315,10.514349213040497,EXCLUSION
2024-02,Elegible,Vulnerabilidad Baja,1.0,1.0,1.0,1.0,1.0,1.498900966,1.0,1.0,sotap,1,low,,,espanol_uno_mas_adultos,adultos_ninguno_analfabeta,0.0,0,0,0.0,3.815111519,2.10647915,3.692337415207061,INCLUSION
2024-07,Lista de Reserva,Vulnerabilidad Baja,1.0,1.525552408,1.0,1.0,1.0,1.498900966,1.790108696,1.0,sotap,2,average,jefatura_masculina,no,espanol_uno_mas_adultos,adultos_ninguno_analfabeta,0.0,0,0,3.741369748,10.02735341,2.391226998,13.566433917773178,EXCLUSION
2023-10,Elegible,Vulnerabilidad Baja,1.0,1.0,3.251728045,1.0,1.0,1.498900966,1.790108696,1.0,sotap,3,average,jefatura_masculina,no,espanol_ningun_adulto,adultos_uno_mas_analfabeta,0.0,0,0,11.51832969,10.02735341,2.622715074,21.59366420766668,INCLUSION
2023-12,No Elegible,Vulnerabilidad Baja,1.0,1.0,2.578385269,1.0,1.0,1.0,1.0,1.0,sotap,1,low,,,espanol_uno_mas_adultos,adultos_ninguno_analfabeta,0.0,0,0,8.975915299,0.0,2.267176041,9.26476922923712,EXCLUSION
2023-07,Lista de Reserva,Vulnerabilidad Baja,1.0,1.525552408,1.0,1.0,1.776038647,1.0,1.0,1.0,futij,1,low,,,espanol_uno_mas_adultos,adultos_ninguno_analfabeta,,0,0,3.741369748,5.532745347,2.265783208,9.21646683684858,EXCLUSION
2023-07,Lista de Reserva,Vulnerabilidad Baja,1.0,1.0,3.251728045,1.0,1.776038647,1.0,1.790108696,1.043888889,fupal,1,low,,,espanol_uno_mas_adultos,adultos_ninguno_analfabeta,0.0,-500,0,11.51832969,12.53066404,2.692582072,24.01641579828265,EXCLUSION
2024-01,No Elegible,Vulnerabilidad Moderada,1.0,1.525552408,2.578385269,1.0,1.776038647,1.0,1.790108696,1.0,sotap,1,low,,,espanol_uno_mas_adultos,adultos_ninguno_analfabeta,0.0,0,0,13.7168894,12.01413641,2.743607939,25.785822103971192,EXCLUSION
2023-12,Elegible,Vulnerabilidad Elevada,1.0,1.0,2.578385269,1.0,1.776038647,2.823478261,1.790108696,1.0,pcr_cdmx,4,average,jefatura_masculina,no,espanol_ningun_adulto,adultos_ninguno_analfabeta,,0,0,8.975915299,26.18890898,2.998104289,34.61089292935174,INCLUSION
2024-05,No Elegible por Intenciones,Vulnerabilidad Baja,1.0,1.0,1.0,1.0,1.0,2.117608696,1.790108696,1.0,foten,2,average,jefatura_masculina,no,espanol_uno_mas_adultos,adultos_ninguno_analfabeta,0.0,0,0,0.0,14.16503897,2.395343965,13.709193850906429,EXCLUSION
2024-03,No Elegible,Vulnerabilidad Elevada,1.0,2.051104816,2.578385269,1.0,1.776038647,2.823478261,1.790108696,1.0,fupal,1,low,,,espanol_ningun_adulto,adultos_uno_mas_analfabeta,,0,0,17.3510839,26.18890898,3.247398574,43.25558283110052,EXCLUSION
2024-03,No Elegible,Vulnerabilidad Moderada,1.0,1.0,2.578385269,1.0,1.776038647,1.498900966,1.790108696,1.0,sotap,2,average,jefatura_femenina,si,espanol_ningun_adulto,adultos_ninguno_analfabeta,0.0,0,0,8.975915299,17.10850297,2.744671614,25.82270346515955,EXCLUSION
2023-08,No Elegible,Vulnerabilidad Baja,1.0,1.0,1.0,1.564135978,1.776038647,2.823478261,1.0,1.043888889,sotap,1,low,,,espanol_uno_mas_adultos,adultos_ninguno_analfabeta,0.0,0,0,3.975239986,18.36611881,2.630921956,21.87824592456485,EXCLUSION
2023-08,Lista de Reserva,Vulnerabilidad Moderada,1.0,1.0,1.0,1.0,1.776038647,2.823478261,1.790108696,1.0,sotap,1,low,,,espanol_ningun_adulto,adultos_ninguno_analfabeta,0.0,0,0,0.0,26.18890898,2.730928248,25.34612370011462,EXCLUSION
2023-12,Lista de Reserva,Vulnerabilidad Elevada,1.0,1.0,2.578385269,1.0,1.776038647,2.823478261,2.580217391,1.043888889,sotap,1,low,,,espanol_uno_mas_adultos,adultos_uno_mas_analfabeta,0.0,0,0,8.975915299,32.85812825,3.184241129,41.06549005402387,EXCLUSION
2024-02,Elegible,Vulnerabilidad Baja,1.0,1.525552408,1.0,1.0,1.776038647,1.498900966,1.790108696,1.0,sotap,1,low,,,espanol_uno_mas_adultos,adultos_ninguno_analfabeta,,0,0,3.741369748,17.10850297,2.588860746,20.41970500378282,INCLUSION
2023-06,No Elegible,Vulnerabilidad Baja,1.0,1.0,1.0,1.0,1.776038647,2.117608696,1.790108696,1.0,pcr_cdmx,1,low,,,espanol_uno_mas_adultos,adultos_ninguno_analfabeta,0.0,0,0,0.0,21.88512181,2.610810239,21.18083670503239,EXCLUSION
2024-04,No Elegible,Vulnerabilidad Moderada,1.0,1.0,1.0,1.0,1.776038647,2.117608696,2.580217391,1.0,sotap,1,low,,,espanol_uno_mas_adultos,adultos_ninguno_analfabeta,,0,0,0.0,27.40879931,2.764975192,26.526756739404888,EXCLUSION
2023-10,Elegible,Vulnerabilidad Baja,1.0,1.0,1.0,1.0,1.776038647,1.498900966,1.790108696,1.0,sotap,1,low,,,espanol_uno_mas_adultos,adultos_ninguno_analfabeta,,0,0,0.0,17.10850297,2.477495573,16.55793423592243,INCLUSION
2024-05,No Elegible,Vulnerabilidad Severa,2.070141643,1.0,1.0,1.0,1.776038647,2.823478261,2.580217391,2.544987923,sotap,2,complete,jefatura_femenina,si,espanol_uno_mas_adultos,adultos_ninguno_analfabeta,,0,0,6.702282231,50.0,3.594991325,55.308918375475805,EXCLUSION
2023-11,Elegible,Vulnerabilidad Elevada,2.700708215,1.0,3.251728045,1.0,1.776038647,2.117608696,1.790108696,1.0,sotap,3,complete,jefatura_femenina,si,espanol_uno_mas_adultos,adultos_ninguno_analfabeta,0.0,0,0,24.2379543,21.88512181,3.33227434,46.19879261236069,INCLUSION
2023-12,No Elegible,Vulnerabilidad Baja,1.0,1.0,1.0,1.0,1.776038647,1.498900966,1.790108696,1.0,pcr_cdmx,1,low,,,espanol_uno_mas_adultos,adultos_ninguno_analfabeta,0.0,0,0,0.0,17.10850297,2.477495573,16.55793423592243,EXCLUSION
2024-05,No Elegible,Vulnerabilidad Elevada,2.700708215,2.051104816,3.251728045,1.0,1.0,2.117608696,1.0,1.0,sotap,2,complete,jefatura_femenina,si,espanol_uno_mas_adultos,adultos_ninguno_analfabeta,,0,-500,35.61565687,7.392265486,3.266448403,43.916179314128506,EXCLUSION
2023-11,No Elegible,Vulnerabilidad Baja,1.0,1.0,1.0,1.0,1.0,1.0,1.790108696,1.0,futij,1,low,,,espanol_uno_mas_adultos,adultos_ninguno_analfabeta,,0,0,0.0,5.614422911,2.156697643,5.433745167301109,EXCLUSION
2024-05,No Elegible,Vulnerabilidad Baja,1.0,1.525552408,1.0,1.0,1.0,1.498900966,1.0,1.0,foten,1,low,,,espanol_ningun_adulto,adultos_uno_mas_analfabeta,,0,0,3.741369748,3.815111519,2.217844323,7.554108183067449,EXCLUSION
2023-07,Lista de Reserva,Vulnerabilidad Baja,1.599560907,1.0,1.0,1.0,1.0,2.823478261,1.790108696,1.043888889,sotap,1,low,,,espanol_uno_mas_adultos,adultos_ninguno_analfabeta,,0,0,4.186184624,18.47313819,2.640187803,22.199554361292552,EXCLUSION
2024-03,Elegible,Vulnerabilidad Elevada,1.0,2.051104816,1.0,1.0,1.776038647,2.823478261,2.580217391,1.0,sotap,1,low,,,espanol_uno_mas_adultos,adultos_uno_mas_analfabeta,,0,0,6.609317356,32.12448674,3.093321436,37.9127004300535,INCLUSION
2023-09,No Elegible,Vulnerabilidad Baja,2.070141643,1.0,1.0,1.0,1.776038647,1.0,1.790108696,1.043888889,sotap,1,low,,,espanol_uno_mas_adultos,adultos_ninguno_analfabeta,,0,0,6.702282231,12.53066404,2.549228169,19.04538311600457,EXCLUSION
2024-05,No Elegible,Vulnerabilidad Elevada,2.070141643,1.0,1.0,1.0,1.776038647,2.117608696,2.580217391,1.043888889,sotap,1,low,,,espanol_ningun_adulto,adultos_ninguno_analfabeta,0.0,0,0,6.702282231,28.09152966,2.983529432,34.10548451948735,EXCLUSION
2024-03,Lista de Reserva,Vulnerabilidad Baja,1.0,1.0,2.578385269,1.0,1.776038647,1.0,1.790108696,1.043888889,fupal,1,low,,,espanol_uno_mas_adultos,adultos_ninguno_analfabeta,,0,0,8.975915299,12.53066404,2.616904864,21.39218396976588,EXCLUSION
2024-03,No Elegible,Vulnerabilidad Baja,1.0,1.0,1.0,1.0,1.776038647,2.117608696,1.790108696,1.0,sotap,3,low,jefatura_femenina,no,espanol_uno_mas_adultos,adultos_ninguno_analfabeta,0.0,0,0,0.0,21.88512181,2.610810239,21.18083670503239,EXCLUSION
2024-03,No Elegible,Vulnerabilidad Elevada,2.070141643,1.0,2.578385269,1.0,1.776038647,2.823478261,2.580217391,1.043888889,sotap,2,average,jefatura_masculina,si,espanol_uno_mas_adultos,adultos_uno_mas_analfabeta,0.0,0,0,17.46888676,32.85812825,3.43704192,49.83177382961031,EXCLUSION
2023-06,No Elegible,Vulnerabilidad Severa,2.700708215,2.051104816,3.251728045,1.0,1.776038647,1.0,2.580217391,1.043888889,sotap,2,complete,jefatura_masculina,si,espanol_uno_mas_adultos,adultos_ninguno_analfabeta,0.0,0,0,35.61565687,17.15905947,3.539038057,53.3686681009294,EXCLUSION
2024-02,Lista de Reserva,Vulnerabilidad Severa,2.070141643,1.0,1.0,1.0,1.776038647,2.823478261,2.580217391,2.544987923,fupal,1,low,,,espanol_uno_mas_adultos,adultos_ninguno_analfabeta,,0,0,6.702282231,50.0,3.594991325,55.308918375475805,EXCLUSION
2024-02,Lista de Reserva,Vulnerabilidad Baja,1.0,1.0,2.578385269,1.0,1.0,1.0,1.0,1.0,sotap,1,low,,,espanol_uno_mas_adultos,adultos_ninguno_analfabeta,0.0,0,0,8.975915299,0.0,2.267176041,9.26476922923712,EXCLUSION
2024-04,No Elegible,Vulnerabilidad Baja,1.0,2.051104816,1.0,1.0,1.0,1.498900966,1.0,1.043888889,sotap,1,low,,,espanol_uno_mas_adultos,adultos_ninguno_analfabeta,0.0,0,0,6.609317356,4.243121443,2.315157003,10.928585349676254,EXCLUSION
2024-05,No Elegible,Vulnerabilidad Baja,1.0,1.0,1.0,1.0,1.0,1.0,1.790108696,1.0,sotap,3,average,jefatura_femenina,no,espanol_uno_mas_adultos,adultos_ninguno_analfabeta,-500.0,0,0,0.0,5.614422911,2.156697643,5.433745167301109,EXCLUSION
2024-05,No Elegible,Vulnerabilidad Severa,2.700708215,1.525552408,3.251728045,1.0,1.776038647,1.498900966,2.580217391,1.043888889,sotap,2,complete,jefatura_femenina,si,espanol_uno_mas_adultos,adultos_ninguno_analfabeta,,0,0,30.67858802,22.80125306,3.549554563,53.73334159634776,EXCLUSION
2023-07,Lista de Reserva,Vulnerabilidad Elevada,1.0,1.0,2.578385269,1.0,1.776038647,2.117608696,2.580217391,1.738466184,sotap,1,low,,,espanol_uno_mas_adultos,adultos_ninguno_analfabeta,,0,0,8.975915299,36.78475459,3.29383264,44.86575363177633,EXCLUSION
2024-03,Lista de Reserva,Vulnerabilidad Moderada,1.0,2.051104816,1.249197356,1.0,1.776038647,2.117608696,1.790108696,1.0,sotap,1,low,,,espanol_uno_mas_adultos,adultos_ninguno_analfabeta,,0,0,8.909093135,21.88512181,2.875997259,30.376633366209827,EXCLUSION
2024-02,Lista de Reserva,Vulnerabilidad Severa,2.700708215,2.051104816,3.251728045,1.564135978,1.776038647,2.117608696,1.790108696,1.043888889,sotap,1,low,,,espanol_uno_mas_adultos,adultos_ninguno_analfabeta,,0,0,43.80517382,22.50821784,3.932100408,66.99874900039238,EXCLUSION
2024-01,Lista de Reserva,Vulnerabilidad Moderada,1.0,1.0,2.578385269,1.0,1.776038647,2.117608696,1.790108696,1.043888889,sotap,4,average,jefatura_masculina,no,espanol_uno_mas_adultos,adultos_ninguno_analfabeta,0.0,0,0,8.975915299,22.50821784,2.89537679,31.04865011092808,EXCLUSION
2024-01,No Elegible,Vulnerabilidad Baja,1.0,1.525552408,1.0,1.0,1.776038647,2.117608696,1.0,1.0,fupal,4,average,jefatura_femenina,no,espanol_uno_mas_adultos,adultos_ninguno_analfabeta,0.0,0,0,3.741369748,14.06650994,2.503959209,17.475606351481247,EXCLUSION
2023-06,No Elegible,Vulnerabilidad Elevada,1.0,1.0,2.578385269,1.0,1.776038647,2.823478261,1.790108696,1.0,sotap,4,average,jefatura_femenina,si,espanol_uno_mas_adultos,adultos_uno_mas_analfabeta,,0,0,8.975915299,26.18890898,2.998104289,34.61089292935174,EXCLUSION
2024-01,Elegible,Vulnerabilidad Elevada,2.070141643,1.0,2.578385269,1.0,1.0,2.117608696,2.580217391,1.043888889,sotap,2,average,jefatura_femenina,si,espanol_uno_mas_adultos,adultos_ninguno_analfabeta,0.0,0,0,17.46888676,19.54126117,3.065370296,36.94345684911179,INCLUSION
2024-04,No Elegible,Vulnerabilidad Baja,2.070141643,1.0,1.0,1.0,1.0,1.498900966,1.790108696,1.043888889,sotap,1,low,,,espanol_uno_mas_adultos,adultos_ninguno_analfabeta,,0,0,6.702282231,10.52243148,2.49317872,17.10177748801793,EXCLUSION
2023-11,Lista de Reserva,Vulnerabilidad Baja,1.0,1.0,1.0,1.0,1.776038647,2.117608696,1.790108696,1.0,fomon,5,average,jefatura_masculina,no,espanol_uno_mas_adultos,adultos_ninguno_analfabeta,-500.0,0,0,0.0,21.88512181,2.610810239,21.18083670503239,EXCLUSION
2024-05,Lista de Reserva,Vulnerabilidad Moderada,1.0,1.525552408,1.0,1.0,1.776038647,2.823478261,1.790108696,1.0,sotap,5,high,jefatura_masculina,no,espanol_uno_mas_adultos,adultos_ninguno_analfabeta,,-500,0,3.741369748,26.18890898,2.842293421,29.20789446797501,EXCLUSION
2024-05,No Elegible,Vulnerabilidad Elevada,1.0,1.0,2.578385269,1.0,1.776038647,2.117608696,2.580217391,1.0,sotap,6,high,jefatura_femenina,no,espanol_uno_mas_adultos,adultos_ninguno_analfabeta,,0,0,8.975915299,27.40879931,3.032151233,35.791525968642006,EXCLUSION
2024-05,No Elegible,Vulnerabilidad Elevada,2.700708215,1.0,2.578385269,1.0,1.776038647,2.823478261,1.790108696,1.0,fupal,1,low,,,espanol_uno_mas_adultos,adultos_ninguno_analfabeta,,0,0,20.97871872,26.18890898,3.355378326,46.99995856724294,EXCLUSION
2023-06,No Elegible,Vulnerabilidad Moderada,1.0,2.051104816,2.578385269,1.0,1.776038647,1.498900966,1.0,1.0,sotap,1,low,,,espanol_uno_mas_adultos,adultos_ninguno_analfabeta,-500.0,0,0,17.3510839,9.93697889,2.793809812,27.526656103326808,EXCLUSION
2023-07,No Elegible,Vulnerabilidad Severa,2.700708215,1.525552408,3.251728045,1.0,1.776038647,2.117608696,1.790108696,1.0,sotap,2,complete,jefatura_masculina,si,espanol_uno_mas_adultos,adultos_ninguno_analfabeta,0.0,0,0,30.67858802,21.88512181,3.523985487,52.84669236610401,EXCLUSION
2024-03,Lista de Reserva,Vulnerabilidad Moderada,1.0,1.0,1.0,1.0,1.776038647,1.498900966,2.580217391,1.738466184,sotap,2,low,jefatura_masculina,no,espanol_ningun_adulto,adultos_ninguno_analfabeta,,0,0,0.0,30.77500505,2.858925454,29.78463461248595,EXCLUSION
2024-04,Lista de Reserva,Vulnerabilidad Baja,1.0,2.051104816,1.0,1.0,1.776038647,1.0,1.790108696,1.0,sotap,2,average,jefatura_femenina,si,espanol_uno_mas_adultos,adultos_ninguno_analfabeta,0.0,0,0,6.609317356,12.01413641,2.532044784,18.449521284023227,EXCLUSION
2024-03,No Elegible,Vulnerabilidad Moderada,1.0,1.0,1.0,1.0,1.776038647,2.823478261,1.790108696,1.0,sotap,1,low,,,espanol_ningun_adulto,adultos_uno_mas_analfabeta,,0,0,0.0,26.18890898,2.730928248,25.34612370011462,EXCLUSION
2024-05,No Elegible,Vulnerabilidad Moderada,1.0,1.0,1.0,1.0,1.776038647,2.823478261,1.790108696,1.0,sotap,1,low,,,espanol_uno_mas_adultos,adultos_ninguno_analfabeta,0.0,0,0,0.0,26.18890898,2.730928248,25.34612370011462,EXCLUSION
2024-06,Elegible,Vulnerabilidad Moderada,1.0,1.0,1.0,1.0,1.776038647,2.823478261,1.790108696,1.0,sotap,1,low,,,espanol_uno_mas_adultos,adultos_ninguno_analfabeta,,0,0,0.0,26.18890898,2.730928248,25.34612370011462,INCLUSION
2024-01,No Elegible,Vulnerabilidad Moderada,1.0,1.0,1.0,1.0,1.776038647,2.823478261,1.790108696,1.0,sotap,1,low,,,espanol_ningun_adulto,adultos_ninguno_analfabeta,0.0,0,0,0.0,26.18890898,2.730928248,25.34612370011462,EXCLUSION
2023-12,Lista de Reserva,Vulnerabilidad Baja,1.599560907,1.0,1.0,1.0,1.0,1.498900966,1.790108696,1.0,sotap,1,low,,,espanol_uno_mas_adultos,adultos_ninguno_analfabeta,0.0,0,0,4.186184624,10.02735341,2.404467305,14.025563381297731,EXCLUSION
2024-06,No Elegible,Vulnerabilidad Baja,1.0,1.0,1.249197356,1.0,1.0,1.498900966,1.790108696,1.0,foten,4,average,jefatura_masculina,no,espanol_uno_mas_adultos,adultos_ninguno_analfabeta,,0,0,1.921713018,10.02735341,2.337063309,11.688218814545047,EXCLUSION
2023-11,Lista de Reserva,Vulnerabilidad Baja,1.0,1.0,2.578385269,1.0,1.0,1.0,1.790108696,1.0,sotap,1,low,,,espanol_uno_mas_adultos,adultos_ninguno_analfabeta,,0,0,8.975915299,5.614422911,2.423873683,14.69851439653823,EXCLUSION
2023-09,No Elegible,Vulnerabilidad Elevada,1.0,1.525552408,3.251728045,1.0,1.776038647,2.823478261,2.580217391,1.043888889,sotap,2,average,jefatura_masculina,si,espanol_uno_mas_adultos,adultos_ninguno_analfabeta,-500.0,0,0,16.54244021,32.85812825,3.409465421,48.87551330318476,EXCLUSION
2023-12,No Elegible,Vulnerabilidad Elevada,2.070141643,2.051104816,1.0,1.0,1.776038647,2.823478261,1.790108696,1.043888889,sotap,3,low,jefatura_femenina,si,espanol_uno_mas_adultos,adultos_ninguno_analfabeta,,0,0,14.63015408,26.85846924,3.185095016,41.09510390983604,EXCLUSION
2024-05,No Elegible,Vulnerabilidad Elevada,2.070141643,1.525552408,1.0,1.0,1.776038647,1.498900966,2.580217391,1.043888889,fomon,3,complete,jefatura_femenina,si,espanol_uno_mas_adultos,adultos_ninguno_analfabeta,-500.0,-500,0,11.1900528,22.80125306,2.969461113,33.61764582443294,EXCLUSION
2024-05,Elegible,Vulnerabilidad Severa,2.700708215,2.051104816,3.251728045,1.0,1.776038647,2.823478261,1.790108696,1.0,sotap,2,complete,jefatura_masculina,si,espanol_uno_mas_adultos,adultos_ninguno_analfabeta,0.0,0,0,35.61565687,26.18890898,3.791059708,62.10792802384809,INCLUSION
2023-09,Lista de Reserva,Vulnerabilidad Elevada,2.700708215,2.051104816,3.251728045,1.0,1.776038647,1.0,1.790108696,1.043888889,sotap,6,average,jefatura_femenina,no,espanol_uno_mas_adultos,adultos_ninguno_analfabeta,0.0,0,0,35.61565687,12.53066404,3.409860283,48.88921906426224,EXCLUSION
2023-07,No Elegible,Vulnerabilidad Elevada,2.700708215,1.0,3.251728045,1.0,1.776038647,2.823478261,1.790108696,1.0,sotap,5,high,jefatura_femenina,no,espanol_uno_mas_adultos,adultos_ninguno_analfabeta,,0,0,24.2379543,26.18890898,3.45239235,50.36407960744292,EXCLUSION
2024-02,Elegible,Vulnerabilidad Moderada,1.0,1.0,2.578385269,1.0,1.776038647,2.117608696,1.790108696,1.0,sotap,2,average,jefatura_masculina,no,espanol_uno_mas_adultos,adultos_ninguno_analfabeta,,0,0,8.975915299,21.88512181,2.877986279,30.44560593426951,INCLUSION
2024-06,No Elegible,Vulnerabilidad Severa,2.070141643,1.0,2.578385269,1.0,1.776038647,2.823478261,2.580217391,1.738466184,fupal,2,complete,jefatura_femenina,si,espanol_uno_mas_adultos,adultos_uno_mas_analfabeta,,0,0,17.46888676,42.19960637,3.697761076,58.87263384223059,EXCLUSION
2023-08,No Elegible,Vulnerabilidad Moderada,1.0,1.0,2.578385269,1.0,1.776038647,2.117608696,1.790108696,1.0,sotap,1,low,,,espanol_uno_mas_adultos,adultos_ninguno_analfabeta,,0,0,8.975915299,21.88512181,2.877986279,30.44560593426951,EXCLUSION
2023-07,Lista de Reserva,Vulnerabilidad Elevada,2.070141643,1.0,1.0,1.0,1.776038647,2.823478261,1.790108696,1.043888889,sotap,2,complete,jefatura_femenina,si,espanol_uno_mas_adultos,adultos_ninguno_analfabeta,0.0,0,-500,6.702282231,26.85846924,2.949114914,32.912105216863374,EXCLUSION
2023-07,No Elegible,Vulnerabilidad Elevada,2.700708215,1.0,1.249197356,1.0,1.776038647,2.823478261,2.580217391,1.0,fupal,3,complete,jefatura_femenina,si,espanol_uno_mas_adultos,adultos_ninguno_analfabeta,,0,0,11.93561888,32.12448674,3.251863502,43.41040766339734,EXCLUSION
2024-03,Lista de Reserva,Vulnerabilidad Baja,1.0,1.0,2.578385269,1.0,1.0,1.0,1.790108696,1.043888889,sotap,1,low,,,espanol_uno_mas_adultos,adultos_ninguno_analfabeta,,0,0,8.975915299,6.061858428,2.436361537,15.13155099116565,EXCLUSION
2024-02,Lista de Reserva,Vulnerabilidad Elevada,1.0,1.525552408,2.578385269,1.0,1.776038647,2.823478261,1.790108696,1.0,foten,2,average,jefatura_femenina,si,espanol_uno_mas_adultos,adultos_ninguno_analfabeta,,0,0,13.7168894,26.18890898,3.139223567,39.50443631789602,EXCLUSION
2024-04,Elegible,Vulnerabilidad Elevada,2.070141643,1.0,2.578385269,1.0,1.776038647,2.823478261,1.790108696,1.043888889,sotap,1,low,,,espanol_uno_mas_adultos,adultos_ninguno_analfabeta,0.0,0,0,17.46888676,26.85846924,3.2695924,44.02518984621112,INCLUSION
2024-05,No Elegible,Vulnerabilidad Elevada,1.0,2.051104816,1.0,1.0,1.776038647,2.823478261,1.790108696,1.0,,4,average,jefatura_masculina,no,espanol_uno_mas_adultos,adultos_ninguno_analfabeta,,0,0,6.609317356,26.18890898,2.927660413,32.16813549794806,EXCLUSION
2023-07,Lista de Reserva,Vulnerabilidad Elevada,2.070141643,1.0,1.0,1.0,1.776038647,2.823478261,2.580217391,1.043888889,sotap,2,average,jefatura_masculina,si,espanol_ningun_adulto,adultos_ninguno_analfabeta,-500.0,0,0,6.702282231,32.85812825,3.116564434,38.71868920026256,EXCLUSION
2024-02,No Elegible,Vulnerabilidad Elevada,2.700708215,1.0,3.251728045,1.0,1.0,2.117608696,2.580217391,1.0,sotap,2,low,jefatura_femenina,no,espanol_uno_mas_adultos,adultos_ninguno_analfabeta,0.0,0,0,24.2379543,18.94985465,3.250351505,43.35798528483664,EXCLUSION
2023-07,Lista de Reserva,Vulnerabilidad Moderada,1.0,1.0,1.0,1.0,1.776038647,2.823478261,1.790108696,1.0,sotap,3,average,jefatura_femenina,si,espanol_uno_mas_adultos,adultos_ninguno_analfabeta,,0,0,0.0,26.18890898,2.730928248,25.34612370011462,EXCLUSION
2023-11,Elegible,Vulnerabilidad Baja,1.0,1.525552408,1.0,1.0,1.0,1.0,1.0,1.0,sotap,1,low,,,espanol_uno_mas_adultos,adultos_ninguno_analfabeta,0.0,0,0,3.741369748,0.0,2.111365173,3.861770767860388,INCLUSION
2024-06,No Elegible,Vulnerabilidad Baja,1.0,1.525552408,1.0,1.0,1.776038647,1.0,1.0,1.0,sotap,4,average,jefatura_femenina,si,espanol_uno_mas_adultos,adultos_ninguno_analfabeta,,0,0,3.741369748,5.532745347,2.265783208,9.21646683684858,EXCLUSION
2024-02,No Elegible,Vulnerabilidad Moderada,1.0,2.051104816,1.0,1.0,1.776038647,2.117608696,1.790108696,1.0,fupal,1,low,,,espanol_uno_mas_adultos,adultos_ninguno_analfabeta,,0,0,6.609317356,21.88512181,2.807542403,28.002848502865827,EXCLUSION
2024-02,No Elegible,Vulnerabilidad Elevada,1.0,1.0,2.578385269,1.0,1.776038647,2.823478261,1.790108696,1.043888889,sotap,2,low,jefatura_masculina,no,espanol_uno_mas_adultos,adultos_ninguno_analfabeta,-500.0,0,0,8.975915299,26.85846924,3.016791609,35.25890607062468,EXCLUSION
2023-08,No Elegible por Intenciones,Vulnerabilidad Baja,1.0,1.0,1.0,1.0,1.776038647,1.498900966,2.580217391,1.043888889,foten,2,average,jefatura_masculina,no,espanol_ningun_adulto,adultos_ninguno_analfabeta,,0,0,0.0,22.80125306,2.636379315,22.06748593527614,EXCLUSION
2024-02,No Elegible,Vulnerabilidad Baja,1.0,2.051104816,1.0,1.0,1.776038647,1.498900966,1.790108696,1.0,sotap,3,low,jefatura_masculina,no,espanol_uno_mas_adultos,adultos_ninguno_analfabeta,-500.0,0,-500,6.609317356,17.10850297,2.674227738,23.379946033755868,EXCLUSION
2024-05,No Elegible,Vulnerabilidad Moderada,1.0,1.0,1.0,1.0,1.776038647,2.117608696,2.580217391,1.0,foten,1,low,,,espanol_uno_mas_adultos,adultos_ninguno_analfabeta,,0,0,0.0,27.40879931,2.764975192,26.526756739404888,EXCLUSION
2023-07,Lista de Reserva,Vulnerabilidad Baja,1.0,1.0,1.0,1.0,1.776038647,1.0,1.0,1.043888889,sotap,1,low,,,espanol_uno_mas_adultos,adultos_ninguno_analfabeta,0.0,0,0,0.0,5.979299062,2.166881278,5.786879238885778,EXCLUSION
2023-07,Lista de Reserva,Vulnerabilidad Moderada,2.700708215,1.0,2.578385269,1.0,1.0,1.0,2.580217391,1.0,sotap,1,low,,,espanol_uno_mas_adultos,adultos_uno_mas_analfabeta,500.0,0,0,20.97871872,9.580889352,2.891851162,30.92640161889161,EXCLUSION
2024-03,No Elegible,Vulnerabilidad Baja,1.0,1.0,2.578385269,1.0,1.0,1.0,1.0,1.0,sotap,5,low,jefatura_masculina,no,espanol_uno_mas_adultos,adultos_ninguno_analfabeta,,0,0,8.975915299,0.0,2.267176041,9.26476922923712,EXCLUSION
2023-07,No Elegible,Vulnerabilidad Elevada,1.0,1.0,2.578385269,1.0,1.776038647,2.823478261,1.790108696,1.0,sotap,2,complete,jefatura_femenina,si,espanol_uno_mas_adultos,adultos_ninguno_analfabeta,0.0,0,0,8.975915299,26.18890898,2.998104289,34.61089292935174,EXCLUSION
2024-01,No Elegible,Vulnerabilidad Baja,1.0,1.0,1.0,1.0,1.776038647,1.498900966,2.580217391,1.0,fomon,1,low,,,espanol_uno_mas_adultos,adultos_ninguno_analfabeta,0.0,0,0,0.0,22.17502718,2.618901451,21.46141263032042,EXCLUSION
2024-04,No Elegible,Vulnerabilidad Baja,1.0,1.0,1.0,1.0,1.776038647,1.498900966,1.0,1.0,sotap,1,low,,,espanol_uno_mas_adultos,adultos_ninguno_analfabeta,0.0,0,0,0.0,9.93697889,2.277339487,9.61719697234091,EXCLUSION
2023-10,Elegible,Vulnerabilidad Elevada,1.0,1.0,2.578385269,1.564135978,1.776038647,1.498900966,2.580217391,1.738466184,sotap,2,average,jefatura_masculina,no,espanol_uno_mas_adultos,adultos_ninguno_analfabeta,,0,0,14.01324416,30.77500505,3.276042034,44.24883898279891,INCLUSION
2024-01,Lista de Reserva,Vulnerabilidad Baja,1.0,1.0,1.0,1.0,1.776038647,1.498900966,1.790108696,1.0,sotap,3,average,jefatura_femenina,no,espanol_uno_mas_adultos,adultos_ninguno_analfabeta,0.0,0,0,0.0,17.10850297,2.477495573,16.55793423592243,EXCLUSION
2024-02,No Elegible,Vulnerabilidad Elevada,1.0,1.0,2.578385269,1.0,1.776038647,2.823478261,1.790108696,1.043888889,sotap,2,low,jefatura_masculina,no,espanol_uno_mas_adultos,adultos_ninguno_analfabeta,,0,0,8.975915299,26.85846924,3.016791609,35.25890607062468,EXCLUSION
2023-06,No Elegible por Duplicidad,Vulnerabilidad Baja,1.0,1.0,1.0,1.0,1.776038647,2.823478261,1.0,1.043888889,fupal,1,low,,,espanol_uno_mas_adultos,adultos_ninguno_analfabeta,,0,0,0.0,18.36611881,2.51259543,17.77507874057539,EXCLUSION
2024-05,No Elegible,Vulnerabilidad Elevada,1.0,1.0,1.0,1.0,1.776038647,2.823478261,2.580217391,1.738466184,foten,4,average,jefatura_masculina,no,espanol_uno_mas_adultos,adultos_ninguno_analfabeta,,0,0,0.0,42.19960637,3.177784244,40.84158083740703,EXCLUSION
2024-02,No Elegible,Vulnerabilidad Severa,2.700708215,2.051104816,2.578385269,1.0,1.776038647,2.823478261,1.790108696,1.0,sotap,1,low,,,espanol_uno_mas_adultos,adultos_ninguno_analfabeta,,0,0,31.71522481,26.18890898,3.674959905,58.08197615972523,EXCLUSION
2024-05,No Elegible,Vulnerabilidad Elevada,1.0,1.0,2.578385269,1.0,1.776038647,2.823478261,2.580217391,1.738466184,foten,7,high,jefatura_masculina,no,espanol_uno_mas_adultos,adultos_ninguno_analfabeta,0.0,0,0,8.975915299,42.19960637,3.444960285,50.10635006664415,EXCLUSION
2023-10,No Elegible,Vulnerabilidad Baja,1.0,1.0,1.0,1.0,1.776038647,1.0,1.790108696,1.0,sotap,1,low,,,espanol_uno_mas_adultos,adultos_ninguno_analfabeta,,0,0,0.0,12.01413641,2.33531262,11.62750948618979,EXCLUSION
2023-07,No Elegible,Vulnerabilidad Elevada,2.700708215,1.0,3.251728045,1.0,1.776038647,1.498900966,1.790108696,1.043888889,fupal,7,average,jefatura_femenina,no,espanol_uno_mas_adultos,adultos_ninguno_analfabeta,,0,0,24.2379543,17.68003002,3.214910903,42.12902488125468,EXCLUSION
2023-12,Lista de Reserva,Vulnerabilidad Elevada,1.0,1.0,2.578385269,1.0,1.776038647,2.823478261,2.580217391,1.0,fupal,3,low,jefatura_masculina,no,espanol_ningun_adulto,adultos_uno_mas_analfabeta,,0,0,8.975915299,32.12448674,3.163765312,40.35545786145718,EXCLUSION
2024-03,No Elegible,Vulnerabilidad Elevada,1.0,1.0,2.578385269,1.0,1.776038647,2.823478261,2.580217391,1.043888889,foten,5,high,jefatura_masculina,no,espanol_uno_mas_adultos,adultos_ninguno_analfabeta,,0,0,8.975915299,32.85812825,3.184241129,41.06549005402387,EXCLUSION
2023-10,No Elegible,Vulnerabilidad Baja,1.0,1.0,1.0,1.0,1.0,2.117608696,1.790108696,1.0,foten,1,low,,,espanol_uno_mas_adultos,adultos_ninguno_analfabeta,,0,0,0.0,14.16503897,2.395343965,13.709193850906429,EXCLUSION
2023-12,No Elegible,Vulnerabilidad Moderada,1.0,1.0,1.0,1.0,1.776038647,2.117608696,2.580217391,1.0,fupal,1,low,,,espanol_uno_mas_adultos,adultos_ninguno_analfabeta,,0,0,0.0,27.40879931,2.764975192,26.526756739404888,EXCLUSION
2023-08,Elegible,Vulnerabilidad Severa,2.700708215,1.0,1.249197356,1.0,1.776038647,2.823478261,2.580217391,2.544987923,sotap,2,complete,jefatura_femenina,si,espanol_uno_mas_adultos,adultos_ninguno_analfabeta,,0,0,11.93561888,50.0,3.750766209,60.71066903117728,INCLUSION
2024-05,No Elegible,Vulnerabilidad Baja,1.0,1.0,3.251728045,1.0,1.776038647,1.0,1.790108696,1.043888889,sotap,1,low,,,espanol_uno_mas_adultos,adultos_ninguno_analfabeta,0.0,0,0,11.51832969,12.53066404,2.692582072,24.01641579828265,EXCLUSION
2024-05,No Elegible,Vulnerabilidad Baja,1.0,1.525552408,1.0,1.0,1.0,1.498900966,1.0,1.0,pcr_cdmx,1,low,,,espanol_uno_mas_adultos,adultos_ninguno_analfabeta,,0,0,3.741369748,3.815111519,2.217844323,7.554108183067449,EXCLUSION
2024-01,Elegible,Vulnerabilidad Elevada,1.0,1.0,2.578385269,1.0,1.776038647,2.823478261,2.580217391,1.043888889,sotap,5,average,jefatura_femenina,no,espanol_uno_mas_adultos,adultos_ninguno_analfabeta,,0,0,8.975915299,32.85812825,3.184241129,41.06549005402387,INCLUSION
2023-06,Lista de Reserva,Vulnerabilidad Baja,2.700708215,1.0,1.0,1.0,1.776038647,1.498900966,1.0,1.0,sotap,1,low,,,espanol_uno_mas_adultos,adultos_ninguno_analfabeta,,0,0,9.472088355,9.93697889,2.559284556,19.394106602693164,EXCLUSION
2024-01,No Elegible,Vulnerabilidad Elevada,1.0,1.0,2.578385269,1.0,1.0,2.117608696,2.580217391,1.738466184,sotap,4,average,jefatura_masculina,si,espanol_uno_mas_adultos,adultos_ninguno_analfabeta,,0,0,8.975915299,27.07165714,3.022741649,35.46523337081478,EXCLUSION
2024-01,Elegible,Vulnerabilidad Elevada,2.700708215,1.0,1.249197356,1.0,1.776038647,2.117608696,2.580217391,1.043888889,sotap,5,average,jefatura_masculina,no,espanol_uno_mas_adultos,adultos_uno_mas_analfabeta,,0,0,11.93561888,28.09152966,3.139304316,39.50723517518882,INCLUSION
2024-05,Elegible,Vulnerabilidad Baja,1.0,1.0,1.0,1.0,1.776038647,1.0,2.580217391,1.0,pcr_cdmx,1,low,,,espanol_uno_mas_adultos,adultos_ninguno_analfabeta,,0,0,0.0,16.59309681,2.46311067,16.059114361557388,INCLUSION
2024-04,Lista de Reserva,Vulnerabilidad Moderada,2.070141643,2.051104816,1.0,1.0,1.776038647,1.0,1.790108696,1.0,sotap,1,low,,,espanol_uno_mas_adultos,adultos_ninguno_analfabeta,-500.0,0,0,14.63015408,12.01413641,2.770792068,26.72847655463827,EXCLUSION
2023-11,No Elegible,Vulnerabilidad Moderada,2.700708215,1.0,2.578385269,1.0,1.0,1.498900966,1.0,1.0,sotap,1,low,,,espanol_ningun_adulto,adultos_uno_mas_analfabeta,0.0,0,0,20.97871872,3.815111519,2.730929228,25.34617228233538,EXCLUSION
2023-10,No Elegible,Vulnerabilidad Moderada,1.0,1.525552408,1.0,1.0,1.776038647,2.117608696,1.790108696,1.0,sotap,1,low,,,espanol_ningun_adulto,adultos_uno_mas_analfabeta,,0,0,3.741369748,21.88512181,2.722175411,25.04260747289278,EXCLUSION
2024-02,Elegible,Vulnerabilidad Baja,2.700708215,1.0,1.0,1.0,1.0,1.498900966,1.0,1.0,sotap,7,low,jefatura_masculina,no,espanol_uno_mas_adultos,adultos_ninguno_analfabeta,0.0,0,0,9.472088355,3.815111519,2.38842422,13.469247045559316,INCLUSION
2024-05,No Elegible,Vulnerabilidad Moderada,1.0,2.051104816,1.0,1.0,1.776038647,1.498900966,2.580217391,1.0,sotap,4,average,jefatura_masculina,no,espanol_uno_mas_adultos,adultos_ninguno_analfabeta,0.0,0,0,6.609317356,22.17502718,2.815633615,28.283424428153857,EXCLUSION
2024-01,Lista de Reserva,Vulnerabilidad Baja,1.0,1.0,1.0,1.0,1.776038647,1.498900966,2.580217391,1.043888889,sotap,4,average,jefatura_femenina,si,espanol_uno_mas_adultos,adultos_ninguno_analfabeta,0.0,0,0,0.0,22.80125306,2.636379315,22.06748593527614,EXCLUSION
2024-06,No Elegible,Vulnerabilidad Baja,1.0,1.0,1.0,1.0,1.776038647,1.498900966,1.0,1.0,sotap,4,average,jefatura_masculina,no,espanol_uno_mas_adultos,adultos_ninguno_analfabeta,0.0,0,0,0.0,9.93697889,2.277339487,9.61719697234091,EXCLUSION
2024-05,No Elegible,Vulnerabilidad Baja,1.0,1.0,1.0,1.0,1.776038647,1.498900966,2.580217391,1.0,sotap,1,low,,,espanol_uno_mas_adultos,adultos_ninguno_analfabeta,0.0,0,-500,0.0,22.17502718,2.618901451,21.46141263032042,EXCLUSION
2024-04,No Elegible,Vulnerabilidad Elevada,1.0,1.0,2.578385269,1.0,1.776038647,2.823478261,2.580217391,1.0,sotap,1,low,,,espanol_uno_mas_adultos,adultos_ninguno_analfabeta,0.0,0,0,8.975915299,32.12448674,3.163765312,40.35545786145718,EXCLUSION
2024-01,Lista de Reserva,Vulnerabilidad Baja,1.0,1.0,1.0,1.0,1.776038647,1.498900966,1.790108696,1.0,fupal,2,average,jefatura_femenina,si,espanol_uno_mas_adultos,adultos_ninguno_analfabeta,,0,0,0.0,17.10850297,2.477495573,16.55793423592243,EXCLUSION
2024-02,Elegible,Vulnerabilidad Elevada,2.700708215,1.0,2.578385269,1.0,1.776038647,2.117608696,1.790108696,1.0,sotap,1,low,,,espanol_uno_mas_adultos,adultos_ninguno_analfabeta,0.0,0,0,20.97871872,21.88512181,3.235260316,42.83467157216072,INCLUSION
2023-12,Lista de Reserva,Vulnerabilidad Elevada,2.070141643,1.0,1.0,1.0,1.776038647,2.117608696,2.580217391,1.043888889,sotap,3,average,jefatura_femenina,si,espanol_uno_mas_adultos,adultos_ninguno_analfabeta,0.0,0,0,6.702282231,28.09152966,2.983529432,34.10548451948735,EXCLUSION
2023-09,No Elegible,Vulnerabilidad Elevada,1.0,1.0,1.0,1.0,1.776038647,2.823478261,2.580217391,1.043888889,sotap,2,average,jefatura_femenina,si,espanol_ningun_adulto,adultos_uno_mas_analfabeta,0.0,0,0,0.0,32.85812825,2.917065088,31.80072082478675,EXCLUSION
2023-09,No Elegible,Vulnerabilidad Baja,2.700708215,1.0,1.0,1.0,1.0,1.498900966,1.0,1.0,sotap,1,low,,,espanol_uno_mas_adultos,adultos_ninguno_analfabeta,0.0,0,0,9.472088355,3.815111519,2.38842422,13.469247045559316,EXCLUSION
2023-10,No Elegible,Vulnerabilidad Elevada,2.700708215,1.0,1.249197356,1.0,1.776038647,2.117608696,1.790108696,1.043888889,foten,2,average,jefatura_masculina,no,espanol_uno_mas_adultos,adultos_ninguno_analfabeta,0.0,0,0,11.93561888,22.50821784,2.983474979,34.10359991286824,EXCLUSION
2024-02,Lista de Reserva,Vulnerabilidad Severa,2.070141643,1.0,2.578385269,1.0,1.776038647,2.117608696,2.580217391,2.544987923,sotap,3,complete,jefatura_femenina,si,espanol_uno_mas_adultos,adultos_ninguno_analfabeta,,0,0,17.46888676,44.04383881,3.749233307,60.65751703807895,EXCLUSION
2023-09,Lista de Reserva,Vulnerabilidad Baja,1.0,1.0,1.0,1.0,1.776038647,1.0,1.790108696,1.0,pcr_cdmx,3,low,jefatura_masculina,no,espanol_uno_mas_adultos,adultos_ninguno_analfabeta,-500.0,0,0,0.0,12.01413641,2.33531262,11.62750948618979,EXCLUSION
2024-01,Elegible,Vulnerabilidad Elevada,1.0,1.525552408,2.578385269,1.0,1.776038647,2.117608696,1.790108696,1.0,foten,2,average,jefatura_masculina,no,espanol_uno_mas_adultos,adultos_ninguno_analfabeta,,0,0,13.7168894,21.88512181,3.019105558,35.33914932281379,INCLUSION
2023-12,Elegible,Vulnerabilidad Elevada,2.700708215,1.0,3.251728045,1.0,1.776038647,2.117608696,1.790108696,1.0,sotap,4,average,jefatura_masculina,no,espanol_uno_mas_adultos,adultos_ninguno_analfabeta,,0,0,24.2379543,21.88512181,3.33227434,46.19879261236069,INCLUSION
2023-12,Elegible,Vulnerabilidad Elevada,2.070141643,2.051104816,1.0,1.0,1.776038647,1.498900966,2.580217391,1.043888889,sotap,2,low,jefatura_masculina,no,espanol_uno_mas_adultos,adultos_ninguno_analfabeta,0.0,0,0,14.63015408,22.80125306,3.071858763,37.16845300372462,INCLUSION
2024-06,No Elegible,Vulnerabilidad Elevada,2.700708215,1.0,3.251728045,1.0,1.776038647,2.823478261,1.790108696,1.0,fusal,5,high,jefatura_masculina,no,espanol_uno_mas_adultos,adultos_ninguno_analfabeta,0.0,0,0,24.2379543,26.18890898,3.45239235,50.36407960744292,EXCLUSION
2024-01,Elegible,Vulnerabilidad Elevada,1.0,1.0,1.0,1.0,1.776038647,2.823478261,2.580217391,1.043888889,sotap,4,average,jefatura_masculina,no,espanol_ningun_adulto,adultos_uno_mas_analfabeta,0.0,0,0,0.0,32.85812825,2.917065088,31.80072082478675,INCLUSION
2023-12,No Elegible,Vulnerabilidad Baja,1.0,1.0,1.0,1.0,1.776038647,2.117608696,1.790108696,1.0,sotap,1,low,,,espanol_uno_mas_adultos,adultos_ninguno_analfabeta,0.0,0,-500,0.0,21.88512181,2.610810239,21.18083670503239,EXCLUSION
2023-10,Lista de Reserva,Vulnerabilidad Baja,1.0,1.0,1.0,1.0,1.0,1.0,1.790108696,1.0,fomon,1,low,,,espanol_uno_mas_adultos,adultos_ninguno_analfabeta,,0,0,0.0,5.614422911,2.156697643,5.433745167301109,EXCLUSION
2024-06,No Elegible por Duplicidad,Vulnerabilidad Elevada,2.700708215,1.0,2.578385269,1.0,1.776038647,2.823478261,1.790108696,1.0,sotap,2,complete,jefatura_femenina,si,espanol_uno_mas_adultos,adultos_ninguno_analfabeta,0.0,0,0,20.97871872,26.18890898,3.355378326,46.99995856724294,EXCLUSION
2023-11,No Elegible,Vulnerabilidad Moderada,1.0,1.0,1.0,1.0,1.776038647,2.117608696,2.580217391,1.043888889,fupal,3,low,jefatura_masculina,no,espanol_uno_mas_adultos,adultos_ninguno_analfabeta,,0,0,0.0,28.09152966,2.784030087,27.18751614401154,EXCLUSION
2024-03,No Elegible,Vulnerabilidad Baja,1.0,1.0,1.0,1.0,1.776038647,2.117608696,1.790108696,1.0,sotap,1,low,,,espanol_uno_mas_adultos,adultos_ninguno_analfabeta,0.0,0,0,0.0,21.88512181,2.610810239,21.18083670503239,EXCLUSION
2024-02,No Elegible por Duplicidad,Vulnerabilidad Baja,1.0,1.0,1.0,1.0,1.0,1.0,1.0,1.0,sotap,1,low,,,espanol_uno_mas_adultos,adultos_ninguno_analfabeta,0.0,0,0,0.0,0.0,2.0,0.0,EXCLUSION
2023-07,Lista de Reserva,Vulnerabilidad Baja,2.070141643,2.051104816,1.0,1.0,1.0,1.0,1.790108696,1.043888889,sotap,4,average,jefatura_femenina,no,espanol_uno_mas_adultos,adultos_ninguno_analfabeta,0.0,0,0,14.63015408,6.061858428,2.604664944,20.96774883037701,EXCLUSION
2024-04,No Elegible,Vulnerabilidad Moderada,1.0,1.0,1.0,1.0,1.776038647,2.823478261,1.790108696,1.0,sotap,1,low,,,espanol_uno_mas_adultos,adultos_ninguno_analfabeta,0.0,0,0,0.0,26.18890898,2.730928248,25.34612370011462,EXCLUSION
2024-04,No Elegible,Vulnerabilidad Moderada,1.0,1.0,1.0,1.0,1.776038647,2.823478261,2.580217391,1.0,sotap,3,average,jefatura_masculina,no,espanol_uno_mas_adultos,adultos_ninguno_analfabeta,0.0,0,0,0.0,32.12448674,2.896589272,31.09068863222006,EXCLUSION
2024-06,Elegible,Vulnerabilidad Baja,1.0,1.0,1.0,1.0,1.776038647,2.117608696,1.790108696,1.0,sotap,1,low,,,espanol_ningun_adulto,adultos_uno_mas_analfabeta,,0,0,0.0,21.88512181,2.610810239,21.18083670503239,INCLUSION
2024-06,Lista de Reserva,Vulnerabilidad Elevada,1.0,1.0,2.578385269,1.0,1.776038647,2.823478261,2.580217391,1.738466184,sotap,4,average,jefatura_masculina,si,espanol_uno_mas_adultos,adultos_ninguno_analfabeta,,0,0,8.975915299,42.19960637,3.444960285,50.10635006664415,EXCLUSION
2023-10,No Elegible,Vulnerabilidad Severa,2.700708215,2.051104816,3.251728045,1.0,1.776038647,2.823478261,2.580217391,1.043888889,sotap,2,complete,jefatura_femenina,si,espanol_uno_mas_adultos,adultos_uno_mas_analfabeta,,0,0,35.61565687,32.85812825,3.977196548,68.56252514852022,EXCLUSION
2023-10,No Elegible,Vulnerabilidad Baja,1.0,1.0,1.0,1.0,1.776038647,2.117608696,1.790108696,1.0,pcr_cdmx,1,low,,,espanol_uno_mas_adultos,adultos_ninguno_analfabeta,0.0,0,0,0.0,21.88512181,2.610810239,21.18083670503239,EXCLUSION
2024-07,No Elegible,Vulnerabilidad Baja,1.0,1.0,1.0,1.564135978,1.0,2.117608696,1.0,1.0,sotap,3,low,jefatura_masculina,no,espanol_uno_mas_adultos,adultos_ninguno_analfabeta,,0,0,3.975239986,7.392265486,2.32464347,11.2575421743845,EXCLUSION
2024-07,Lista de Reserva,Vulnerabilidad Elevada,2.070141643,1.0,1.0,1.0,1.776038647,1.498900966,2.580217391,2.544987923,fupal,4,low,jefatura_masculina,no,espanol_uno_mas_adultos,adultos_ninguno_analfabeta,,0,0,6.702282231,37.43330939,3.244257006,43.14663643599621,EXCLUSION
2023-09,No Elegible,Vulnerabilidad Moderada,1.0,1.0,1.0,1.0,1.776038647,2.117608696,2.580217391,1.0,sotap,1,low,,,espanol_uno_mas_adultos,adultos_ninguno_analfabeta,0.0,0,0,0.0,27.40879931,2.764975192,26.526756739404888,EXCLUSION
2023-10,Lista de Reserva,Vulnerabilidad Severa,2.700708215,2.051104816,2.578385269,1.0,1.776038647,2.823478261,2.580217391,2.544987923,foten,2,average,jefatura_femenina,si,espanol_uno_mas_adultos,adultos_uno_mas_analfabeta,,0,0,31.71522481,50.0,4.339523636,81.12680245961062,EXCLUSION
2023-08,Lista de Reserva,Vulnerabilidad Elevada,1.0,2.051104816,1.0,1.0,1.776038647,2.823478261,2.580217391,1.0,sotap,4,complete,jefatura_femenina,si,espanol_uno_mas_adultos,adultos_ninguno_analfabeta,,-500,-500,6.609317356,32.12448674,3.093321436,37.9127004300535,EXCLUSION
2023-06,Elegible,Vulnerabilidad Moderada,1.0,1.525552408,1.0,1.0,1.776038647,2.117608696,1.790108696,1.0,fupal,2,average,jefatura_masculina,si,espanol_uno_mas_adultos,adultos_ninguno_analfabeta,,0,0,3.741369748,21.88512181,2.722175411,25.04260747289278,INCLUSION
2024-05,No Elegible,Vulnerabilidad Moderada,1.0,1.0,1.0,1.0,1.776038647,2.823478261,2.580217391,1.0,sotap,1,low,,,espanol_uno_mas_adultos,adultos_ninguno_analfabeta,0.0,0,0,0.0,32.12448674,2.896589272,31.09068863222006,EXCLUSION
2024-04,Lista de Reserva,Vulnerabilidad Baja,1.0,1.525552408,1.0,1.0,1.776038647,1.0,1.790108696,1.043888889,foten,3,average,jefatura_masculina,no,espanol_uno_mas_adultos,adultos_ninguno_analfabeta,,0,0,3.741369748,12.53066404,2.461093996,15.989185508389149,EXCLUSION
2024-05,No Elegible por Intenciones,Vulnerabilidad Baja,1.0,1.0,1.0,1.0,1.776038647,1.0,1.0,1.043888889,pcr_cdmx,1,low,,,espanol_uno_mas_adultos,adultos_ninguno_analfabeta,0.0,0,0,0.0,5.979299062,2.166881278,5.786879238885778,EXCLUSION
2024-07,No Elegible,Vulnerabilidad Baja,1.0,1.0,3.251728045,1.0,1.0,1.0,1.790108696,1.043888889,sotap,1,low,,,espanol_uno_mas_adultos,adultos_ninguno_analfabeta,,0,0,11.51832969,6.061858428,2.512038745,17.75578281968242,EXCLUSION
2024-02,No Elegible,Vulnerabilidad Baja,1.0,1.0,1.0,1.0,1.776038647,1.0,2.580217391,1.043888889,sotap,1,low,,,espanol_uno_mas_adultos,adultos_ninguno_analfabeta,0.0,0,0,0.0,17.15905947,2.478906597,16.60686377719593,EXCLUSION
2023-11,Lista de Reserva,Vulnerabilidad Moderada,1.0,1.0,1.0,1.0,1.776038647,2.823478261,1.790108696,1.0,foten,1,low,,,espanol_uno_mas_adultos,adultos_ninguno_analfabeta,,0,0,0.0,26.18890898,2.730928248,25.34612370011462,EXCLUSION
2024-05,Lista de Reserva,Vulnerabilidad Moderada,2.700708215,1.0,1.249197356,1.0,1.776038647,1.0,2.580217391,1.043888889,pcr_cdmx,1,low,,,espanol_ningun_adulto,adultos_ninguno_analfabeta,0.0,0,0,11.93561888,17.15905947,2.834180827,28.92658280837321,EXCLUSION
2024-02,No Elegible,Vulnerabilidad Elevada,1.0,1.0,2.578385269,1.0,1.776038647,2.117608696,2.580217391,1.043888889,sotap,2,average,jefatura_femenina,si,espanol_ningun_adulto,adultos_uno_mas_analfabeta,,0,0,8.975915299,28.09152966,3.051206127,36.45228537324866,EXCLUSION
2023-07,Lista de Reserva,Vulnerabilidad Baja,1.0,1.0,1.0,1.0,1.776038647,1.498900966,1.790108696,1.0,sotap,4,average,jefatura_masculina,no,espanol_uno_mas_adultos,adultos_ninguno_analfabeta,0.0,0,0,0.0,17.10850297,2.477495573,16.55793423592243,EXCLUSION
2023-06,No Elegible,Vulnerabilidad Elevada,2.070141643,1.0,1.0,1.0,1.776038647,2.823478261,1.790108696,1.043888889,fupal,3,average,jefatura_femenina,no,espanol_uno_mas_adultos,adultos_ninguno_analfabeta,-500.0,0,0,6.702282231,26.85846924,2.949114914,32.912105216863374,EXCLUSION
2023-10,Elegible,Vulnerabilidad Elevada,1.0,1.0,2.578385269,1.0,1.776038647,2.823478261,1.790108696,1.043888889,sotap,2,average,jefatura_femenina,si,espanol_uno_mas_adultos,adultos_ninguno_analfabeta,-500.0,0,0,8.975915299,26.85846924,3.016791609,35.25890607062468,INCLUSION
2024-01,No Elegible,Vulnerabilidad Baja,1.0,1.0,1.0,1.0,1.776038647,1.0,1.790108696,1.0,sotap,6,average,jefatura_masculina,no,espanol_uno_mas_adultos,adultos_ninguno_analfabeta,,0,0,0.0,12.01413641,2.33531262,11.62750948618979,EXCLUSION
2024-06,No Elegible,Vulnerabilidad Severa,2.070141643,2.051104816,2.578385269,1.0,1.776038647,2.823478261,2.580217391,2.544987923,sotap,2,complete,jefatura_femenina,si,espanol_uno_mas_adultos,adultos_ninguno_analfabeta,,0,0,27.51489601,50.0,4.214497142,76.79130287849782,EXCLUSION
2024-02,No Elegible,Vulnerabilidad Moderada,1.0,1.0,1.0,1.0,1.776038647,2.823478261,2.580217391,1.0,futij,1,low,,,espanol_ningun_adulto,adultos_ninguno_analfabeta,0.0,0,0,0.0,32.12448674,2.896589272,31.09068863222006,EXCLUSION
2024-03,No Elegible,Vulnerabilidad Elevada,1.0,1.0,3.251728045,1.0,1.776038647,1.498900966,2.580217391,1.043888889,fupal,4,average,jefatura_femenina,si,espanol_uno_mas_adultos,adultos_ninguno_analfabeta,,0,0,11.51832969,22.80125306,2.979232564,33.956486993030026,EXCLUSION
2024-01,No Elegible,Vulnerabilidad Baja,1.0,1.0,1.0,1.0,1.0,1.0,1.790108696,1.043888889,foten,1,low,,,espanol_uno_mas_adultos,adultos_ninguno_analfabeta,0.0,0,0,0.0,6.061858428,2.169185496,5.866781761928531,EXCLUSION
2023-10,No Elegible,Vulnerabilidad Baja,1.0,1.0,1.0,1.0,1.776038647,2.117608696,1.790108696,1.043888889,sotap,1,low,,,espanol_uno_mas_adultos,adultos_ninguno_analfabeta,,0,-500,0.0,22.50821784,2.628200749,21.78388088169096,EXCLUSION
2024-03,Elegible,Vulnerabilidad Elevada,2.700708215,1.0,3.251728045,1.0,1.776038647,2.117608696,2.580217391,1.0,sotap,1,low,,,espanol_uno_mas_adultos,adultos_ninguno_analfabeta,,0,0,24.2379543,27.40879931,3.486439293,51.54471264673319,INCLUSION
2024-04,No Elegible,Vulnerabilidad Moderada,2.070141643,1.0,1.0,1.0,1.776038647,2.117608696,1.790108696,1.043888889,fupal,2,average,jefatura_masculina,si,espanol_uno_mas_adultos,adultos_ninguno_analfabeta,,0,0,6.702282231,22.50821784,2.827700095,28.70184925716677,EXCLUSION
2024-02,Lista de Reserva,Vulnerabilidad Baja,1.599560907,1.0,1.0,1.0,1.0,2.117608696,1.790108696,1.0,sotap,1,low,,,espanol_uno_mas_adultos,adultos_ninguno_analfabeta,0.0,0,0,4.186184624,14.16503897,2.519949445,18.03009408229137,EXCLUSION
2024-04,No Elegible,Vulnerabilidad Baja,1.0,1.0,1.0,1.0,1.0,1.498900966,1.0,1.0,sotap,3,low,jefatura_masculina,no,espanol_uno_mas_adultos,adultos_ninguno_analfabeta,,0,0,0.0,3.815111519,2.10647915,3.692337415207061,EXCLUSION
2024-02,No Elegible,Vulnerabilidad Elevada,1.0,1.0,1.0,1.0,1.776038647,2.823478261,2.580217391,1.043888889,sotap,1,low,,,espanol_uno_mas_adultos,adultos_uno_mas_analfabeta,,0,0,0.0,32.85812825,2.917065088,31.80072082478675,EXCLUSION
2023-11,No Elegible,Vulnerabilidad Baja,1.0,1.0,1.0,1.0,1.776038647,2.117608696,1.790108696,1.0,sotap,4,average,jefatura_masculina,no,espanol_uno_mas_adultos,adultos_ninguno_analfabeta,,0,0,0.0,21.88512181,2.610810239,21.18083670503239,EXCLUSION
2023-09,No Elegible,Vulnerabilidad Baja,2.700708215,1.0,1.249197356,1.0,1.0,1.498900966,1.790108696,1.0,sotap,1,low,,,espanol_uno_mas_adultos,adultos_ninguno_analfabeta,-500.0,0,0,11.93561888,10.02735341,2.635136055,22.02438218109007,EXCLUSION
2024-02,Lista de Reserva,Vulnerabilidad Baja,2.700708215,1.0,1.0,1.0,1.776038647,1.0,1.790108696,1.0,sotap,3,low,jefatura_femenina,si,espanol_uno_mas_adultos,adultos_ninguno_analfabeta,,0,0,9.472088355,12.01413641,2.61725769,21.404419116542044,EXCLUSION
2023-06,No Elegible,Vulnerabilidad Baja,1.0,1.0,1.0,1.564135978,1.776038647,1.498900966,1.790108696,1.0,sotap,1,low,,,espanol_uno_mas_adultos,adultos_ninguno_analfabeta,,0,0,3.975239986,17.10850297,2.5958221,20.661101419911898,EXCLUSION
2024-01,Lista de Reserva,Vulnerabilidad Elevada,1.0,1.0,2.578385269,1.0,1.776038647,2.117608696,2.580217391,1.043888889,sotap,4,average,jefatura_femenina,si,espanol_uno_mas_adultos,adultos_ninguno_analfabeta,,0,0,8.975915299,28.09152966,3.051206127,36.45228537324866,EXCLUSION
2023-09,Lista de Reserva,Vulnerabilidad Baja,1.0,1.0,1.0,1.0,1.0,1.498900966,1.790108696,1.0,sotap,1,low,,,espanol_uno_mas_adultos,adultos_ninguno_analfabeta,0.0,0,0,0.0,10.02735341,2.279861825,9.70466314991279,EXCLUSION
2024-06,No Elegible,Vulnerabilidad Moderada,2.070141643,1.0,1.0,1.0,1.776038647,1.498900966,2.580217391,1.0,fupal,1,low,,,espanol_uno_mas_adultos,adultos_ninguno_analfabeta,,0,0,6.702282231,22.17502718,2.818400797,28.379381005796237,EXCLUSION
2024-05,Elegible,Vulnerabilidad Baja,2.070141643,1.0,2.578385269,1.0,1.0,1.0,1.790108696,1.043888889,sotap,1,low,,,espanol_uno_mas_adultos,adultos_ninguno_analfabeta,0.0,0,0,17.46888676,6.061858428,2.689162328,23.89783476675209,INCLUSION
2023-07,Lista de Reserva,Vulnerabilidad Elevada,2.070141643,1.0,1.0,1.0,1.776038647,2.823478261,2.580217391,1.043888889,,5,average,jefatura_masculina,no,espanol_uno_mas_adultos,adultos_ninguno_analfabeta,0.0,0,0,6.702282231,32.85812825,3.116564434,38.71868920026256,EXCLUSION
2023-07,Lista de Reserva,Vulnerabilidad Elevada,1.0,1.0,2.578385269,1.0,1.776038647,2.117608696,2.580217391,1.043888889,sotap,4,complete,jefatura_femenina,si,espanol_uno_mas_adultos,adultos_ninguno_analfabeta,0.0,0,0,8.975915299,28.09152966,3.051206127,36.45228537324866,EXCLUSION
2023-07,Lista de Reserva,Vulnerabilidad Moderada,1.0,1.525552408,1.0,1.0,1.776038647,2.117608696,1.790108696,1.0,foten,2,average,jefatura_masculina,si,espanol_uno_mas_adultos,adultos_ninguno_analfabeta,,0,0,3.741369748,21.88512181,2.722175411,25.04260747289278,EXCLUSION
2024-04,No Elegible,Vulnerabilidad Moderada,2.700708215,1.0,2.578385269,1.0,1.0,1.0,1.790108696,1.043888889,fupal,1,low,,,espanol_uno_mas_adultos,adultos_ninguno_analfabeta,,0,0,20.97871872,6.061858428,2.793635574,27.520616629056853,EXCLUSION
2024-04,No Elegible por Intenciones,Vulnerabilidad Severa,2.700708215,1.0,3.251728045,1.564135978,1.776038647,2.823478261,1.790108696,1.043888889,foten,2,average,jefatura_masculina,si,espanol_uno_mas_adultos,adultos_uno_mas_analfabeta,0.0,0,0,31.08118723,26.85846924,3.674774537,58.07554775763619,EXCLUSION
2024-01,Elegible,Vulnerabilidad Baja,1.0,1.0,2.578385269,1.0,1.0,1.0,1.790108696,1.0,sotap,6,average,jefatura_femenina,si,espanol_uno_mas_adultos,adultos_ninguno_analfabeta,,0,0,8.975915299,5.614422911,2.423873683,14.69851439653823,INCLUSION
2023-07,Lista de Reserva,Vulnerabilidad Moderada,1.0,1.0,2.578385269,1.0,1.776038647,2.117608696,1.790108696,1.0,sotap,3,average,jefatura_masculina,no,espanol_uno_mas_adultos,adultos_ninguno_analfabeta,0.0,0,0,8.975915299,21.88512181,2.877986279,30.44560593426951,EXCLUSION
2024-01,Elegible,Vulnerabilidad Baja,1.0,2.051104816,1.0,1.0,1.776038647,2.823478261,1.0,1.0,fomon,1,low,,,espanol_ningun_adulto,adultos_ninguno_analfabeta,,0,0,6.609317356,17.78726377,2.693171842,24.036863632451063,INCLUSION
2024-04,Lista de Reserva,Vulnerabilidad Baja,2.700708215,1.0,1.0,1.0,1.0,1.498900966,1.0,1.0,sotap,3,low,jefatura_masculina,no,espanol_ningun_adulto,adultos_ninguno_analfabeta,,0,0,9.472088355,3.815111519,2.38842422,13.469247045559316,EXCLUSION
2023-11,Elegible,Vulnerabilidad Baja,1.0,1.0,1.0,1.0,1.0,1.498900966,1.790108696,1.0,sotap,1,low,,,espanol_uno_mas_adultos,adultos_ninguno_analfabeta,,0,0,0.0,10.02735341,2.279861825,9.70466314991279,INCLUSION
2023-11,Elegible,Vulnerabilidad Elevada,2.700708215,2.051104816,1.0,1.0,1.776038647,2.823478261,1.790108696,1.0,foten,2,average,jefatura_femenina,si,espanol_uno_mas_adultos,adultos_ninguno_analfabeta,,0,0,17.94487015,26.18890898,3.265073146,43.868477716411775,INCLUSION
2023-08,Lista de Reserva,Vulnerabilidad Elevada,2.700708215,1.0,3.251728045,1.0,1.0,2.117608696,1.790108696,1.0,foten,2,average,jefatura_masculina,no,espanol_uno_mas_adultos,adultos_ninguno_analfabeta,,0,0,24.2379543,14.16503897,3.116808067,38.72714975823473,EXCLUSION
2023-06,No Elegible,Vulnerabilidad Moderada,1.0,1.0,1.0,1.0,1.776038647,2.823478261,1.790108696,1.0,sotap,4,average,jefatura_femenina,no,espanol_uno_mas_adultos,adultos_ninguno_analfabeta,,0,0,0.0,26.18890898,2.730928248,25.34612370011462,EXCLUSION
2024-02,Elegible,Vulnerabilidad Baja,1.0,1.0,1.0,1.0,1.776038647,1.0,2.580217391,1.043888889,fupal,2,average,jefatura_femenina,si,espanol_uno_mas_adultos,adultos_ninguno_analfabeta,0.0,0,0,0.0,17.15905947,2.478906597,16.60686377719593,INCLUSION
2023-08,Lista de Reserva,Vulnerabilidad Baja,1.0,1.0,3.251728045,1.0,1.776038647,1.0,1.790108696,1.043888889,sotap,1,low,,,espanol_uno_mas_adultos,adultos_ninguno_analfabeta,0.0,0,0,11.51832969,12.53066404,2.692582072,24.01641579828265,EXCLUSION
2023-07,Lista de Reserva,Vulnerabilidad Severa,2.700708215,1.0,3.251728045,1.0,1.776038647,2.117608696,2.580217391,1.043888889,,1,low,,,espanol_uno_mas_adultos,adultos_uno_mas_analfabeta,0.0,0,0,24.2379543,28.09152966,3.505494188,52.20547205133984,EXCLUSION
2024-04,Lista de Reserva,Vulnerabilidad Moderada,2.700708215,1.0,1.249197356,1.564135978,1.776038647,1.0,1.790108696,1.0,sotap,1,low,,,espanol_ningun_adulto,adultos_ninguno_analfabeta,0.0,0,-500,17.32315919,12.01413641,2.850951742,29.50814526208318,EXCLUSION
2024-03,No Elegible,Vulnerabilidad Baja,1.0,1.0,1.0,1.0,1.0,1.0,1.790108696,1.0,fomon,4,low,jefatura_masculina,no,espanol_uno_mas_adultos,adultos_ninguno_analfabeta,0.0,0,0,0.0,5.614422911,2.156697643,5.433745167301109,EXCLUSION
2024-02,No Elegible,Vulnerabilidad Elevada,1.0,2.051104816,3.251728045,1.0,1.776038647,1.0,2.580217391,1.0,sotap,3,low,jefatura_femenina,si,espanol_uno_mas_adultos,adultos_ninguno_analfabeta,,0,0,20.39367297,16.59309681,3.070146345,37.10907612140496,EXCLUSION
2024-05,No Elegible,Vulnerabilidad Baja,1.0,1.0,1.0,1.0,1.0,2.117608696,1.790108696,1.0,pcr_cdmx,1,low,,,espanol_uno_mas_adultos,adultos_ninguno_analfabeta,0.0,0,0,0.0,14.16503897,2.395343965,13.709193850906429,EXCLUSION
2024-01,Lista de Reserva,Vulnerabilidad Moderada,2.700708215,1.0,1.249197356,1.0,1.776038647,1.498900966,1.790108696,1.0,futij,1,low,,,espanol_uno_mas_adultos,adultos_ninguno_analfabeta,,0,0,11.93561888,17.10850297,2.832769803,28.87765326709971,EXCLUSION
2023-08,No Elegible,Vulnerabilidad Baja,1.0,1.525552408,1.0,1.0,1.776038647,1.498900966,1.790108696,1.0,sotap,3,average,jefatura_masculina,no,espanol_uno_mas_adultos,adultos_ninguno_analfabeta,0.0,0,0,3.741369748,17.10850297,2.588860746,20.41970500378282,EXCLUSION
2024-05,No Elegible,Vulnerabilidad Baja,1.0,1.0,2.578385269,1.0,1.0,2.117608696,1.0,1.0,sotap,1,low,,,espanol_uno_mas_adultos,adultos_ninguno_analfabeta,0.0,0,0,8.975915299,7.392265486,2.473492984,16.41914421963215,EXCLUSION
2024-02,No Elegible,Vulnerabilidad Baja,1.0,1.0,1.0,1.0,1.0,1.498900966,1.0,1.0,sotap,1,low,,,espanol_uno_mas_adultos,adultos_ninguno_analfabeta,,0,0,0.0,3.815111519,2.10647915,3.692337415207061,EXCLUSION
2023-08,Elegible,Vulnerabilidad Elevada,1.0,2.051104816,1.0,1.0,1.776038647,2.823478261,1.790108696,1.0,sotap,4,average,jefatura_femenina,si,espanol_uno_mas_adultos,adultos_ninguno_analfabeta,,0,0,6.609317356,26.18890898,2.927660413,32.16813549794806,INCLUSION
2023-09,No Elegible,Vulnerabilidad Baja,1.0,1.525552408,1.0,1.0,1.776038647,1.498900966,1.790108696,1.0,sotap,2,average,jefatura_femenina,si,espanol_uno_mas_adultos,adultos_ninguno_analfabeta,0.0,0,0,3.741369748,17.10850297,2.588860746,20.41970500378282,EXCLUSION
2024-06,No Elegible,Vulnerabilidad Severa,2.700708215,1.0,3.251728045,1.0,1.776038647,2.823478261,2.580217391,1.0,sotap,4,complete,jefatura_femenina,si,espanol_uno_mas_adultos,adultos_ninguno_analfabeta,,0,0,24.2379543,32.12448674,3.618053373,56.108644539548365,EXCLUSION
2024-03,No Elegible,Vulnerabilidad Moderada,1.0,1.0,1.0,1.0,1.776038647,2.823478261,1.790108696,1.0,sotap,1,low,,,espanol_ningun_adulto,adultos_ninguno_analfabeta,,0,0,0.0,26.18890898,2.730928248,25.34612370011462,EXCLUSION
2024-03,No Elegible,Vulnerabilidad Elevada,1.0,1.0,2.578385269,1.0,1.776038647,2.823478261,2.580217391,1.043888889,sotap,6,average,jefatura_femenina,no,espanol_uno_mas_adultos,adultos_ninguno_analfabeta,-500.0,0,0,8.975915299,32.85812825,3.184241129,41.06549005402387,EXCLUSION
2024-02,Elegible,Vulnerabilidad Elevada,1.0,1.0,1.0,1.0,1.776038647,2.823478261,2.580217391,1.043888889,sotap,2,low,jefatura_masculina,no,espanol_uno_mas_adultos,adultos_uno_mas_analfabeta,0.0,0,-500,0.0,32.85812825,2.917065088,31.80072082478675,INCLUSION
2023-08,Lista de Reserva,Vulnerabilidad Moderada,2.700708215,1.0,2.578385269,1.0,1.0,1.498900966,1.0,1.0,sotap,1,low,,,espanol_ningun_adulto,adultos_ninguno_analfabeta,0.0,0,0,20.97871872,3.815111519,2.730929228,25.34617228233538,EXCLUSION
2024-06,No Elegible,Vulnerabilidad Baja,1.0,2.051104816,1.0,1.0,1.776038647,1.0,2.580217391,1.043888889,sotap,4,average,jefatura_femenina,si,espanol_uno_mas_adultos,adultos_ninguno_analfabeta,0.0,0,0,6.609317356,17.15905947,2.675638761,23.42887557502937,EXCLUSION
2024-06,Lista de Reserva,Vulnerabilidad Elevada,1.0,1.0,2.578385269,1.0,1.776038647,2.117608696,2.580217391,1.0,sotap,1,low,,,espanol_uno_mas_adultos,adultos_ninguno_analfabeta,,0,0,8.975915299,27.40879931,3.032151233,35.791525968642006,EXCLUSION
2024-06,No Elegible,Vulnerabilidad Elevada,2.700708215,1.0,3.251728045,1.0,1.776038647,1.0,1.790108696,1.0,sotap,3,low,jefatura_femenina,si,espanol_uno_mas_adultos,adultos_ninguno_analfabeta,0.0,0,0,24.2379543,12.01413641,3.056776721,36.645465393518094,EXCLUSION
2024-04,Lista de Reserva,Vulnerabilidad Elevada,1.0,1.0,2.578385269,1.0,1.0,2.117608696,2.580217391,1.738466184,sotap,4,average,jefatura_masculina,si,espanol_uno_mas_adultos,adultos_ninguno_analfabeta,,0,-500,8.975915299,27.07165714,3.022741649,35.46523337081478,EXCLUSION
2023-09,Elegible,Vulnerabilidad Baja,1.0,1.0,1.0,1.564135978,1.0,2.117608696,1.0,1.043888889,sotap,4,average,jefatura_femenina,si,espanol_uno_mas_adultos,adultos_ninguno_analfabeta,0.0,0,0,3.975239986,7.858894815,2.33766702,11.709154904947953,INCLUSION
2023-10,Lista de Reserva,Vulnerabilidad Baja,1.0,1.0,1.0,1.0,1.0,1.0,2.580217391,1.0,fupal,1,low,,,espanol_uno_mas_adultos,adultos_ninguno_analfabeta,,0,0,0.0,9.580889352,2.267401085,9.272566751763287,EXCLUSION
2024-04,No Elegible por Intenciones,Vulnerabilidad Baja,1.0,1.0,2.578385269,1.0,1.0,1.498900966,1.790108696,1.0,sotap,1,low,,,espanol_uno_mas_adultos,adultos_ninguno_analfabeta,,0,0,8.975915299,10.02735341,2.547037866,18.969432379149907,EXCLUSION
2023-07,No Elegible,Vulnerabilidad Baja,1.0,1.0,1.0,1.0,1.0,1.498900966,1.0,1.0,fupal,3,low,jefatura_masculina,no,espanol_uno_mas_adultos,adultos_ninguno_analfabeta,,0,0,0.0,3.815111519,2.10647915,3.692337415207061,EXCLUSION
2024-06,No Elegible,Vulnerabilidad Baja,1.0,1.0,1.0,1.0,1.776038647,2.117608696,1.790108696,1.0,sotap,1,low,,,espanol_uno_mas_adultos,adultos_ninguno_analfabeta,,0,0,0.0,21.88512181,2.610810239,21.18083670503239,EXCLUSION
2024-04,Lista de Reserva,Vulnerabilidad Elevada,1.0,1.0,2.578385269,1.0,1.776038647,2.117608696,1.790108696,1.738466184,sotap,1,low,,,espanol_uno_mas_adultos,adultos_ninguno_analfabeta,,0,0,8.975915299,30.44211729,3.116810651,38.727228742727625,EXCLUSION
2023-09,No Elegible,Vulnerabilidad Baja,1.0,1.0,3.251728045,1.0,1.0,1.498900966,1.790108696,1.0,sotap,1,low,,,espanol_uno_mas_adultos,adultos_ninguno_analfabeta,0.0,0,0,11.51832969,10.02735341,2.622715074,21.59366420766668,EXCLUSION
2023-09,No Elegible,Vulnerabilidad Elevada,2.070141643,1.0,1.0,1.0,1.776038647,2.823478261,1.790108696,1.043888889,sotap,4,average,jefatura_masculina,no,espanol_uno_mas_adultos,adultos_ninguno_analfabeta,0.0,0,0,6.702282231,26.85846924,2.949114914,32.912105216863374,EXCLUSION
2023-08,Elegible,Vulnerabilidad Baja,1.0,1.0,2.578385269,1.0,1.0,1.498900966,1.790108696,1.0,sotap,1,low,,,espanol_uno_mas_adultos,adultos_ninguno_analfabeta,,-500,0,8.975915299,10.02735341,2.547037866,18.969432379149907,INCLUSION
2024-04,No Elegible,Vulnerabilidad Baja,1.0,1.0,1.0,1.0,1.0,1.0,2.580217391,1.043888889,fomon,1,low,,,espanol_uno_mas_adultos,adultos_ninguno_analfabeta,,0,0,0.0,10.07114734,2.281084107,9.74704774745146,EXCLUSION
2023-08,No Elegible,Vulnerabilidad Baja,1.0,1.525552408,1.0,1.0,1.776038647,1.498900966,1.0,1.0,sotap,1,low,,,espanol_ningun_adulto,adultos_ninguno_analfabeta,,0,0,3.741369748,9.93697889,2.388704659,13.478967740201298,EXCLUSION
2023-09,Elegible,Vulnerabilidad Elevada,2.070141643,1.0,2.578385269,1.0,1.776038647,2.117608696,1.790108696,1.043888889,sotap,2,average,jefatura_femenina,si,espanol_uno_mas_adultos,adultos_ninguno_analfabeta,,0,0,17.46888676,22.50821784,3.148177581,39.81493388651453,INCLUSION
2024-04,No Elegible,Vulnerabilidad Elevada,1.0,2.051104816,1.0,1.0,1.776038647,2.823478261,1.790108696,1.0,sotap,1,low,,,espanol_uno_mas_adultos,adultos_ninguno_analfabeta,0.0,0,0,6.609317356,26.18890898,2.927660413,32.16813549794806,EXCLUSION
2024-06,No Elegible,Vulnerabilidad Baja,1.0,1.0,1.0,1.0,1.776038647,1.0,2.580217391,1.0,sotap,1,low,,,espanol_uno_mas_adultos,adultos_ninguno_analfabeta,,0,0,0.0,16.59309681,2.46311067,16.059114361557388,EXCLUSION
2024-05,Lista de Reserva,Vulnerabilidad Baja,1.0,1.0,1.0,1.0,1.0,1.0,1.790108696,1.043888889,sotap,1,low,,,espanol_uno_mas_adultos,adultos_ninguno_analfabeta,0.0,0,0,0.0,6.061858428,2.169185496,5.866781761928531,EXCLUSION
2023-10,Lista de Reserva,Vulnerabilidad Baja,1.0,1.0,1.0,1.0,1.0,1.498900966,1.0,1.0,futij,3,low,jefatura_masculina,no,espanol_uno_mas_adultos,adultos_ninguno_analfabeta,,0,0,0.0,3.815111519,2.10647915,3.692337415207061,EXCLUSION
2024-01,No Elegible,Vulnerabilidad Baja,1.0,1.0,1.0,1.0,1.776038647,1.0,1.790108696,1.0,sotap,1,low,,,espanol_uno_mas_adultos,adultos_ninguno_analfabeta,,0,0,0.0,12.01413641,2.33531262,11.62750948618979,EXCLUSION
2023-09,No Elegible,Vulnerabilidad Elevada,1.0,1.0,3.251728045,1.0,1.776038647,2.117608696,1.790108696,1.0,sotap,1,low,,,espanol_ningun_adulto,adultos_uno_mas_analfabeta,,0,0,11.51832969,21.88512181,2.953663487,33.06983776278628,EXCLUSION
2024-03,Lista de Reserva,Vulnerabilidad Severa,2.700708215,1.0,2.578385269,1.0,1.776038647,2.823478261,2.580217391,1.0,sotap,2,complete,jefatura_femenina,si,espanol_ningun_adulto,adultos_ninguno_analfabeta,,0,0,20.97871872,32.12448674,3.521039349,52.74452349934838,EXCLUSION
2024-02,Lista de Reserva,Vulnerabilidad Baja,1.0,2.051104816,1.0,1.0,1.0,1.0,1.0,1.0,sotap,5,low,jefatura_masculina,no,espanol_uno_mas_adultos,adultos_ninguno_analfabeta,-500.0,0,0,6.609317356,0.0,2.196732164,6.8220117978334365,EXCLUSION
2023-09,Lista de Reserva,Vulnerabilidad Elevada,2.700708215,1.0,3.251728045,1.0,1.776038647,2.117608696,2.580217391,1.0,sotap,1,low,,,espanol_uno_mas_adultos,adultos_ninguno_analfabeta,,0,0,24.2379543,27.40879931,3.486439293,51.54471264673319,EXCLUSION
2024-04,No Elegible,Vulnerabilidad Elevada,2.700708215,2.051104816,3.251728045,1.0,1.0,2.117608696,1.0,1.0,sotap,1,low,,,espanol_uno_mas_adultos,adultos_ninguno_analfabeta,,0,0,35.61565687,7.392265486,3.266448403,43.916179314128506,EXCLUSION
2023-12,Elegible,Vulnerabilidad Elevada,2.700708215,1.525552408,1.249197356,1.0,1.776038647,1.498900966,1.790108696,1.0,sotap,1,low,,,espanol_uno_mas_adultos,adultos_ninguno_analfabeta,0.0,0,0,17.00620089,17.10850297,2.983700152,34.111411676763524,INCLUSION
2024-05,No Elegible,Vulnerabilidad Severa,2.700708215,1.525552408,3.251728045,1.0,1.776038647,2.823478261,1.790108696,1.0,sotap,1,low,,,espanol_uno_mas_adultos,adultos_uno_mas_analfabeta,0.0,0,0,30.67858802,26.18890898,3.644103496,57.01197936118624,EXCLUSION
2024-02,No Elegible,Vulnerabilidad Elevada,2.070141643,1.0,1.0,1.0,1.776038647,2.117608696,2.580217391,2.544987923,foten,3,average,jefatura_masculina,no,espanol_uno_mas_adultos,adultos_ninguno_analfabeta,,0,0,6.702282231,44.04383881,3.428755821,49.5444324087312,EXCLUSION
2023-11,Lista de Reserva,Vulnerabilidad Elevada,2.700708215,1.0,2.578385269,1.0,1.776038647,2.117608696,1.790108696,1.0,foten,1,low,,,espanol_uno_mas_adultos,adultos_ninguno_analfabeta,-500.0,0,0,20.97871872,21.88512181,3.235260316,42.83467157216072,EXCLUSION
2023-06,No Elegible,Vulnerabilidad Moderada,1.0,1.0,1.0,1.0,1.776038647,2.823478261,1.790108696,1.0,foten,3,low,jefatura_femenina,no,espanol_uno_mas_adultos,adultos_ninguno_analfabeta,0.0,0,0,0.0,26.18890898,2.730928248,25.34612370011462,EXCLUSION
2024-02,Lista de Reserva,Vulnerabilidad Elevada,1.0,1.0,2.578385269,1.564135978,1.776038647,2.823478261,2.580217391,1.043888889,sotap,1,low,,,espanol_uno_mas_adultos,adultos_ninguno_analfabeta,,0,0,14.01324416,32.85812825,3.334181668,46.26492519509971,EXCLUSION
2024-05,Lista de Reserva,Vulnerabilidad Moderada,1.0,1.0,1.0,1.0,1.776038647,2.823478261,1.790108696,1.0,sotap,4,average,jefatura_masculina,no,espanol_uno_mas_adultos,adultos_ninguno_analfabeta,0.0,0,0,0.0,26.18890898,2.730928248,25.34612370011462,EXCLUSION
2024-02,Elegible,Vulnerabilidad Elevada,1.0,1.0,3.251728045,1.0,1.776038647,2.823478261,1.790108696,1.043888889,sotap,4,average,jefatura_masculina,no,espanol_uno_mas_adultos,adultos_ninguno_analfabeta,,-500,0,11.51832969,26.85846924,3.092468817,37.88313789914145,INCLUSION
2024-04,Lista de Reserva,Vulnerabilidad Elevada,1.0,2.051104816,1.0,1.0,1.776038647,2.117608696,2.580217391,1.0,sotap,4,complete,jefatura_femenina,si,espanol_uno_mas_adultos,adultos_ninguno_analfabeta,,0,0,6.609317356,27.40879931,2.961707356,33.34876853723833,EXCLUSION
2024-02,No Elegible,Vulnerabilidad Moderada,1.0,1.0,2.578385269,1.0,1.776038647,1.498900966,1.790108696,1.043888889,fupal,4,average,jefatura_masculina,no,espanol_uno_mas_adultos,adultos_uno_mas_analfabeta,0.0,0,0,8.975915299,17.68003002,2.760622842,26.375838203163497,EXCLUSION
2024-01,No Elegible,Vulnerabilidad Baja,1.0,1.0,3.251728045,1.0,1.0,1.498900966,1.0,1.043888889,fupal,1,low,,,espanol_uno_mas_adultos,adultos_ninguno_analfabeta,,0,0,11.51832969,4.243121443,2.461278087,15.995574609596703,EXCLUSION
2023-09,No Elegible,Vulnerabilidad Elevada,2.070141643,1.0,1.0,1.0,1.776038647,2.823478261,1.790108696,1.043888889,fomon,1,low,,,espanol_uno_mas_adultos,adultos_uno_mas_analfabeta,0.0,0,0,6.702282231,26.85846924,2.949114914,32.912105216863374,EXCLUSION
2024-05,Elegible,Vulnerabilidad Elevada,2.700708215,1.0,1.249197356,1.0,1.776038647,2.823478261,2.580217391,1.0,sotap,4,average,jefatura_masculina,no,espanol_uno_mas_adultos,adultos_ninguno_analfabeta,-500.0,0,0,11.93561888,32.12448674,3.251863502,43.41040766339734,INCLUSION
2023-07,Lista de Reserva,Vulnerabilidad Baja,2.070141643,1.0,1.0,1.0,1.0,1.0,1.790108696,1.043888889,pcr_cdmx,1,low,,,espanol_uno_mas_adultos,adultos_ninguno_analfabeta,0.0,0,0,6.702282231,6.061858428,2.368684842,12.78475013740434,EXCLUSION
2023-10,Elegible,Vulnerabilidad Elevada,1.0,1.0,2.578385269,1.0,1.776038647,2.823478261,2.580217391,1.043888889,sotap,3,average,jefatura_masculina,no,espanol_uno_mas_adultos,adultos_ninguno_analfabeta,,0,0,8.975915299,32.85812825,3.184241129,41.06549005402387,INCLUSION
2023-06,Lista de Reserva,Vulnerabilidad Baja,1.0,1.0,1.0,1.0,1.0,1.0,1.790108696,1.043888889,sotap,7,average,jefatura_masculina,no,espanol_uno_mas_adultos,adultos_ninguno_analfabeta,0.0,0,0,0.0,6.061858428,2.169185496,5.866781761928531,EXCLUSION
2023-06,No Elegible,Vulnerabilidad Moderada,1.0,1.525552408,1.0,1.0,1.776038647,2.823478261,1.790108696,1.0,sotap,1,low,,,espanol_uno_mas_adultos,adultos_ninguno_analfabeta,-500.0,0,0,3.741369748,26.18890898,2.842293421,29.20789446797501,EXCLUSION
2024-05,No Elegible,Vulnerabilidad Elevada,1.0,1.0,3.251728045,1.0,1.776038647,2.823478261,2.580217391,1.0,sotap,4,low,jefatura_femenina,no,espanol_uno_mas_adultos,adultos_ninguno_analfabeta,-500.0,0,-500,11.51832969,32.12448674,3.23944252,42.97968968997395,EXCLUSION
2024-04,No Elegible,Vulnerabilidad Moderada,2.700708215,1.0,1.0,1.0,1.776038647,2.117608696,2.580217391,1.043888889,sotap,3,average,jefatura_masculina,no,espanol_uno_mas_adultos,adultos_ninguno_analfabeta,0.0,0,0,9.472088355,28.09152966,3.065975156,36.9644257743638,EXCLUSION
2023-09,Lista de Reserva,Vulnerabilidad Elevada,2.070141643,1.0,1.0,1.0,1.776038647,2.823478261,2.580217391,1.043888889,sotap,3,average,jefatura_femenina,no,espanol_uno_mas_adultos,adultos_ninguno_analfabeta,0.0,0,0,6.702282231,32.85812825,3.116564434,38.71868920026256,EXCLUSION
2024-07,No Elegible,Vulnerabilidad Severa,2.700708215,1.0,3.251728045,1.0,1.776038647,2.823478261,2.580217391,1.043888889,futij,3,average,jefatura_femenina,si,espanol_uno_mas_adultos,adultos_uno_mas_analfabeta,,0,0,24.2379543,32.85812825,3.63852919,56.81867673211505,EXCLUSION
2024-05,Elegible,Vulnerabilidad Elevada,1.0,1.0,2.578385269,1.0,1.776038647,2.823478261,2.580217391,1.043888889,foten,4,average,jefatura_masculina,no,espanol_uno_mas_adultos,adultos_ninguno_analfabeta,0.0,0,0,8.975915299,32.85812825,3.184241129,41.06549005402387,INCLUSION
2024-04,No Elegible,Vulnerabilidad Elevada,2.700708215,1.0,1.0,1.0,1.776038647,2.823478261,1.790108696,1.0,sotap,3,average,jefatura_femenina,si,espanol_uno_mas_adultos,adultos_uno_mas_analfabeta,-500.0,0,0,9.472088355,26.18890898,3.012873318,35.123033330466875,EXCLUSION
2024-01,No Elegible,Vulnerabilidad Moderada,1.0,1.0,1.0,1.0,1.776038647,2.823478261,1.790108696,1.0,sotap,1,low,,,espanol_uno_mas_adultos,adultos_ninguno_analfabeta,,0,0,0.0,26.18890898,2.730928248,25.34612370011462,EXCLUSION
2024-05,Elegible,Vulnerabilidad Elevada,1.599560907,1.0,1.0,1.0,1.776038647,2.823478261,2.580217391,1.043888889,foten,2,low,jefatura_femenina,si,espanol_uno_mas_adultos,adultos_ninguno_analfabeta,,0,0,4.186184624,32.85812825,3.041670568,36.1216210561717,INCLUSION
2023-08,No Elegible,Vulnerabilidad Moderada,2.070141643,1.0,2.578385269,1.0,1.0,1.498900966,1.790108696,1.043888889,foten,1,low,,,espanol_uno_mas_adultos,adultos_ninguno_analfabeta,,0,0,17.46888676,10.52243148,2.813656206,28.214862117365684,EXCLUSION
2024-04,Lista de Reserva,Vulnerabilidad Baja,1.0,1.0,2.578385269,1.0,1.0,1.0,1.0,1.0,pcr_cdmx,1,low,,,espanol_uno_mas_adultos,adultos_ninguno_analfabeta,,0,0,8.975915299,0.0,2.267176041,9.26476922923712,EXCLUSION
2024-05,No Elegible por Duplicidad,Vulnerabilidad Moderada,1.0,1.0,1.0,1.0,1.776038647,2.823478261,1.790108696,1.0,fupal,1,low,,,espanol_uno_mas_adultos,adultos_ninguno_analfabeta,0.0,0,0,0.0,26.18890898,2.730928248,25.34612370011462,EXCLUSION
2024-04,No Elegible,Vulnerabilidad Elevada,2.700708215,1.0,3.251728045,1.0,1.0,2.117608696,2.580217391,1.043888889,foten,2,average,jefatura_femenina,si,espanol_uno_mas_adultos,adultos_ninguno_analfabeta,,0,0,24.2379543,19.54126117,3.266857566,43.93035975161653,EXCLUSION
2024-02,No Elegible,Vulnerabilidad Elevada,2.070141643,1.0,2.578385269,2.128271955,1.0,1.498900966,1.790108696,1.043888889,sotap,4,average,jefatura_masculina,no,espanol_uno_mas_adultos,adultos_ninguno_analfabeta,0.0,0,0,28.0817378,10.52243148,3.129557084,39.16924531668392,EXCLUSION
2023-11,No Elegible,Vulnerabilidad Baja,2.070141643,1.0,1.0,1.0,1.776038647,1.498900966,1.790108696,1.043888889,sotap,1,low,,,espanol_uno_mas_adultos,adultos_ninguno_analfabeta,0.0,0,0,6.702282231,17.68003002,2.692946147,24.029037349402188,EXCLUSION
2023-12,No Elegible por Intenciones,Vulnerabilidad Baja,1.0,1.0,1.0,1.0,1.0,2.117608696,1.0,1.0,fupal,1,low,,,espanol_uno_mas_adultos,adultos_ninguno_analfabeta,0.0,0,0,0.0,7.392265486,2.206316944,7.154374990395034,EXCLUSION
2024-01,No Elegible,Vulnerabilidad Baja,1.0,1.0,1.0,1.0,1.0,1.0,1.790108696,1.0,sotap,1,low,,,espanol_uno_mas_adultos,adultos_ninguno_analfabeta,-500.0,0,0,0.0,5.614422911,2.156697643,5.433745167301109,EXCLUSION
2023-07,No Elegible,Vulnerabilidad Moderada,1.0,1.0,1.0,1.0,1.776038647,2.117608696,2.580217391,1.043888889,sotap,1,low,,,espanol_ningun_adulto,adultos_ninguno_analfabeta,0.0,0,0,0.0,28.09152966,2.784030087,27.18751614401154,EXCLUSION
2023-12,Elegible,Vulnerabilidad Moderada,1.0,1.0,1.0,1.0,1.776038647,2.823478261,1.790108696,1.0,sotap,3,low,jefatura_masculina,no,espanol_ningun_adulto,adultos_ninguno_analfabeta,,0,0,0.0,26.18890898,2.730928248,25.34612370011462,INCLUSION
2024-01,Lista de Reserva,Vulnerabilidad Moderada,1.0,1.0,1.0,1.0,1.776038647,2.823478261,2.580217391,1.0,fupal,4,average,jefatura_masculina,no,espanol_uno_mas_adultos,adultos_ninguno_analfabeta,,0,0,0.0,32.12448674,2.896589272,31.09068863222006,EXCLUSION
2024-05,Lista de Reserva,Vulnerabilidad Baja,1.0,1.0,1.0,1.0,1.0,1.498900966,1.0,1.0,sotap,1,low,,,espanol_uno_mas_adultos,adultos_ninguno_analfabeta,0.0,0,0,0.0,3.815111519,2.10647915,3.692337415207061,EXCLUSION
2024-03,No Elegible,Vulnerabilidad Baja,1.0,1.0,1.0,1.564135978,1.0,1.0,1.0,1.0,sotap,2,low,jefatura_femenina,no,espanol_uno_mas_adultos,adultos_ninguno_analfabeta,0.0,0,0,3.975239986,0.0,2.118326527,4.103167183989466,EXCLUSION
2023-10,Elegible,Vulnerabilidad Elevada,1.0,1.525552408,2.578385269,1.0,1.776038647,2.823478261,1.790108696,1.0,sotap,8,average,jefatura_femenina,no,espanol_uno_mas_adultos,adultos_ninguno_analfabeta,,0,0,13.7168894,26.18890898,3.139223567,39.50443631789602,INCLUSION
2024-03,Elegible,Vulnerabilidad Baja,1.0,1.0,1.0,1.0,1.776038647,1.498900966,1.790108696,1.043888889,sotap,2,average,jefatura_femenina,si,espanol_uno_mas_adultos,adultos_ninguno_analfabeta,0.0,-500,0,0.0,17.68003002,2.493446802,17.11106897392638,INCLUSION
2023-07,Lista de Reserva,Vulnerabilidad Elevada,2.700708215,1.0,2.578385269,1.0,1.776038647,2.823478261,1.790108696,1.0,foten,3,average,jefatura_femenina,no,espanol_uno_mas_adultos,adultos_ninguno_analfabeta,,0,0,20.97871872,26.18890898,3.355378326,46.99995856724294,EXCLUSION
2024-01,Elegible por Proceso Acelerado,Vulnerabilidad Baja,1.0,1.0,1.0,1.0,1.0,1.0,1.0,1.0,sotap,1,low,,,espanol_uno_mas_adultos,adultos_uno_mas_analfabeta,,0,0,0.0,0.0,2.0,0.0,INCLUSION
2024-05,Elegible,Vulnerabilidad Moderada,1.0,1.0,2.578385269,1.0,1.776038647,2.823478261,1.0,1.0,sotap,1,low,,,espanol_uno_mas_adultos,adultos_ninguno_analfabeta,,0,0,8.975915299,17.78726377,2.763615719,26.47962106385475,INCLUSION
2024-07,Lista de Reserva,Vulnerabilidad Baja,1.0,1.0,1.0,1.0,1.776038647,1.0,1.790108696,1.0,fupal,1,low,,,espanol_uno_mas_adultos,adultos_uno_mas_analfabeta,,0,0,0.0,12.01413641,2.33531262,11.62750948618979,EXCLUSION
2024-06,No Elegible,Vulnerabilidad Elevada,2.070141643,1.0,1.0,1.0,1.776038647,2.823478261,2.580217391,1.043888889,sotap,5,high,jefatura_femenina,si,espanol_uno_mas_adultos,adultos_ninguno_analfabeta,,0,0,6.702282231,32.85812825,3.116564434,38.71868920026256,EXCLUSION
2024-02,Elegible,Vulnerabilidad Baja,1.0,1.0,1.0,1.0,1.776038647,2.117608696,1.790108696,1.0,futij,4,average,jefatura_masculina,no,espanol_uno_mas_adultos,adultos_ninguno_analfabeta,,-500,0,0.0,21.88512181,2.610810239,21.18083670503239,INCLUSION
2023-08,No Elegible,Vulnerabilidad Baja,1.0,1.0,1.0,1.0,1.0,1.0,1.0,1.0,sotap,5,high,jefatura_femenina,no,espanol_uno_mas_adultos,adultos_ninguno_analfabeta,,0,0,0.0,0.0,2.0,0.0,EXCLUSION
2024-07,No Elegible,Vulnerabilidad Moderada,1.0,1.525552408,2.578385269,1.0,1.776038647,1.0,1.790108696,1.0,sotap,1,low,,,espanol_ningun_adulto,adultos_ninguno_analfabeta,-500.0,0,0,13.7168894,12.01413641,2.743607939,25.785822103971192,EXCLUSION
2024-04,No Elegible,Vulnerabilidad Moderada,1.0,1.0,1.0,1.0,1.776038647,2.823478261,1.790108696,1.0,sotap,2,average,jefatura_femenina,si,espanol_ningun_adulto,adultos_ninguno_analfabeta,0.0,0,0,0.0,26.18890898,2.730928248,25.34612370011462,EXCLUSION
2024-03,No Elegible,Vulnerabilidad Moderada,1.0,1.525552408,1.0,1.0,1.776038647,2.117608696,1.790108696,1.0,fusal,1,low,,,espanol_uno_mas_adultos,adultos_ninguno_analfabeta,0.0,0,0,3.741369748,21.88512181,2.722175411,25.04260747289278,EXCLUSION
2023-07,Lista de Reserva,Vulnerabilidad Baja,1.0,1.0,1.249197356,1.0,1.0,1.0,1.0,1.0,pcr_cdmx,1,low,,,espanol_uno_mas_adultos,adultos_ninguno_analfabeta,0.0,0,0,1.921713018,0.0,2.057201484,1.983555664632258,EXCLUSION
2023-09,No Elegible,Vulnerabilidad Moderada,1.0,1.0,1.0,1.0,1.776038647,2.823478261,1.790108696,1.043888889,sotap,1,low,,,espanol_uno_mas_adultos,adultos_uno_mas_analfabeta,,0,0,0.0,26.85846924,2.749615568,25.99413684138756,EXCLUSION
2023-11,No Elegible,Vulnerabilidad Elevada,2.700708215,1.0,1.0,1.0,1.776038647,2.823478261,1.790108696,1.0,sotap,5,high,jefatura_femenina,no,espanol_uno_mas_adultos,adultos_ninguno_analfabeta,0.0,0,0,9.472088355,26.18890898,3.012873318,35.123033330466875,EXCLUSION
2024-03,No Elegible,Vulnerabilidad Baja,1.0,1.0,1.0,1.0,1.776038647,2.117608696,1.790108696,1.0,sotap,1,low,,,espanol_uno_mas_adultos,adultos_ninguno_analfabeta,,0,0,0.0,21.88512181,2.610810239,21.18083670503239,EXCLUSION
2024-02,Elegible,Vulnerabilidad Baja,1.0,1.525552408,1.0,1.0,1.0,1.0,1.0,1.0,sotap,2,average,jefatura_femenina,si,espanol_uno_mas_adultos,adultos_ninguno_analfabeta,0.0,0,0,3.741369748,0.0,2.111365173,3.861770767860388,INCLUSION
2023-08,Elegible,Vulnerabilidad Baja,1.0,1.0,1.0,1.0,1.0,1.0,1.0,1.0,sotap,1,low,,,espanol_uno_mas_adultos,adultos_ninguno_analfabeta,500.0,0,0,0.0,0.0,2.0,0.0,INCLUSION
2023-08,Elegible,Vulnerabilidad Elevada,2.700708215,1.0,2.578385269,1.0,1.776038647,2.823478261,1.790108696,1.0,fupal,4,average,jefatura_femenina,no,espanol_uno_mas_adultos,adultos_ninguno_analfabeta,,0,0,20.97871872,26.18890898,3.355378326,46.99995856724294,INCLUSION
2023-10,Elegible,Vulnerabilidad Severa,2.700708215,1.0,3.251728045,1.0,1.776038647,2.823478261,2.580217391,1.043888889,sotap,1,low,,,espanol_ningun_adulto,adultos_uno_mas_analfabeta,0.0,0,0,24.2379543,32.85812825,3.63852919,56.81867673211505,INCLUSION
2023-09,No Elegible,Vulnerabilidad Severa,2.700708215,1.0,3.251728045,1.0,1.776038647,2.823478261,2.580217391,1.0,fupal,4,average,jefatura_femenina,no,espanol_uno_mas_adultos,adultos_ninguno_analfabeta,,0,0,24.2379543,32.12448674,3.618053373,56.108644539548365,EXCLUSION
2023-12,Lista de Reserva,Vulnerabilidad Baja,1.0,1.0,1.0,1.0,1.776038647,1.498900966,1.790108696,1.0,sotap,1,low,,,espanol_uno_mas_adultos,adultos_ninguno_analfabeta,500.0,0,0,0.0,17.10850297,2.477495573,16.55793423592243,EXCLUSION
2024-07,No Elegible,Vulnerabilidad Severa,2.700708215,1.0,2.578385269,1.0,1.776038647,2.117608696,1.790108696,2.544987923,sotap,2,complete,jefatura_femenina,si,espanol_ningun_adulto,adultos_ninguno_analfabeta,,0,0,20.97871872,37.06714366,3.658988111,57.52812077700585,EXCLUSION
2023-10,No Elegible,Vulnerabilidad Elevada,2.700708215,1.0,2.578385269,1.0,1.776038647,1.498900966,1.790108696,2.544987923,,2,low,jefatura_femenina,no,espanol_uno_mas_adultos,adultos_ninguno_analfabeta,-500.0,0,0,20.97871872,31.0340229,3.490604678,51.689151876183416,EXCLUSION
2023-06,Lista de Reserva,Vulnerabilidad Baja,1.0,1.0,2.578385269,1.0,1.0,1.498900966,1.0,1.0,sotap,1,low,,,espanol_uno_mas_adultos,adultos_ninguno_analfabeta,0.0,0,0,8.975915299,3.815111519,2.373655191,12.95710664444418,EXCLUSION
2024-06,No Elegible,Vulnerabilidad Elevada,1.0,2.051104816,2.578385269,1.0,1.776038647,2.117608696,1.790108696,1.0,sotap,7,high,jefatura_masculina,no,espanol_uno_mas_adultos,adultos_ninguno_analfabeta,,0,0,17.3510839,21.88512181,3.127280564,39.090295836018285,EXCLUSION
2024-01,Elegible,Vulnerabilidad Baja,1.0,1.0,1.0,1.0,1.0,1.0,1.790108696,1.0,pcr_cdmx,1,low,,,espanol_uno_mas_adultos,adultos_uno_mas_analfabeta,,0,0,0.0,5.614422911,2.156697643,5.433745167301109,INCLUSION
2023-09,Lista de Reserva,Vulnerabilidad Baja,1.0,1.0,1.0,1.0,1.0,1.0,1.0,1.0,sotap,1,low,,,espanol_uno_mas_adultos,adultos_ninguno_analfabeta,,0,0,0.0,0.0,2.0,0.0,EXCLUSION
2024-06,Lista de Reserva,Vulnerabilidad Elevada,2.700708215,1.0,3.251728045,1.0,1.776038647,2.117608696,1.790108696,1.0,sotap,3,complete,jefatura_femenina,si,espanol_uno_mas_adultos,adultos_ninguno_analfabeta,,0,0,24.2379543,21.88512181,3.33227434,46.19879261236069,EXCLUSION
2024-03,No Elegible,Vulnerabilidad Baja,2.070141643,1.0,1.0,1.0,1.0,1.0,1.790108696,1.043888889,fusal,3,low,jefatura_masculina,no,espanol_uno_mas_adultos,adultos_ninguno_analfabeta,0.0,0,0,6.702282231,6.061858428,2.368684842,12.78475013740434,EXCLUSION
2023-10,No Elegible,Vulnerabilidad Elevada,2.700708215,2.051104816,2.578385269,1.0,1.0,1.0,1.0,1.0,sotap,3,low,jefatura_masculina,si,espanol_uno_mas_adultos,adultos_ninguno_analfabeta,0.0,0,0,31.71522481,0.0,2.944031657,32.73585245961061,EXCLUSION
2023-06,Lista de Reserva,Vulnerabilidad Elevada,2.700708215,2.051104816,3.251728045,1.0,1.776038647,1.0,1.790108696,1.0,sotap,6,average,jefatura_femenina,no,espanol_uno_mas_adultos,adultos_ninguno_analfabeta,0.0,0,0,35.61565687,12.01413641,3.395444079,48.38931380992327,EXCLUSION
2024-02,No Elegible,Vulnerabilidad Baja,2.070141643,1.0,1.0,1.0,1.0,2.117608696,1.790108696,1.043888889,sotap,3,average,jefatura_femenina,si,espanol_uno_mas_adultos,adultos_ninguno_analfabeta,,0,0,6.702282231,14.70478802,2.60990762,21.14954161220419,EXCLUSION
2024-01,Lista de Reserva,Vulnerabilidad Elevada,1.0,1.0,2.578385269,1.0,1.776038647,2.823478261,2.580217391,1.043888889,sotap,2,complete,jefatura_femenina,si,espanol_uno_mas_adultos,adultos_uno_mas_analfabeta,0.0,0,0,8.975915299,32.85812825,3.184241129,41.06549005402387,EXCLUSION
2024-05,No Elegible,Vulnerabilidad Baja,1.0,1.525552408,1.0,1.0,1.776038647,1.498900966,1.790108696,1.0,sotap,1,low,,,espanol_uno_mas_adultos,adultos_ninguno_analfabeta,0.0,0,0,3.741369748,17.10850297,2.588860746,20.41970500378282,EXCLUSION
2023-09,Lista de Reserva,Vulnerabilidad Baja,1.0,1.0,2.578385269,1.0,1.776038647,1.0,1.790108696,1.0,sotap,3,average,jefatura_masculina,no,espanol_uno_mas_adultos,adultos_ninguno_analfabeta,,0,0,8.975915299,12.01413641,2.602488661,20.89227871542691,EXCLUSION
2024-01,Elegible por Proceso Acelerado,Vulnerabilidad Baja,1.0,1.0,2.578385269,1.0,1.776038647,1.0,1.790108696,1.0,sotap,4,average,jefatura_masculina,no,espanol_uno_mas_adultos,adultos_ninguno_analfabeta,,0,0,8.975915299,12.01413641,2.602488661,20.89227871542691,INCLUSION
2023-11,No Elegible,Vulnerabilidad Moderada,1.0,1.0,1.0,1.0,1.776038647,2.823478261,1.790108696,1.0,sotap,1,low,,,espanol_ningun_adulto,adultos_ninguno_analfabeta,,0,0,0.0,26.18890898,2.730928248,25.34612370011462,EXCLUSION
2024-03,No Elegible,Vulnerabilidad Elevada,2.700708215,1.0,2.578385269,1.0,1.776038647,2.823478261,1.790108696,1.0,sotap,2,average,jefatura_femenina,si,espanol_uno_mas_adultos,adultos_ninguno_analfabeta,0.0,0,0,20.97871872,26.18890898,3.355378326,46.99995856724294,EXCLUSION
2024-06,Lista de Reserva,Vulnerabilidad Baja,1.0,2.051104816,1.0,1.0,1.776038647,1.498900966,1.790108696,1.0,sotap,3,low,jefatura_masculina,no,espanol_uno_mas_adultos,adultos_ninguno_analfabeta,0.0,0,0,6.609317356,17.10850297,2.674227738,23.379946033755868,EXCLUSION
2023-12,Lista de Reserva,Vulnerabilidad Baja,1.0,2.051104816,1.0,1.0,1.0,2.117608696,1.790108696,1.0,foten,2,average,jefatura_femenina,si,espanol_uno_mas_adultos,adultos_ninguno_analfabeta,,0,0,6.609317356,14.16503897,2.59207613,20.531205648739864,EXCLUSION
2023-11,No Elegible,Vulnerabilidad Moderada,2.070141643,1.0,1.0,1.0,1.776038647,2.117608696,1.790108696,1.043888889,sotap,3,average,jefatura_femenina,no,espanol_uno_mas_adultos,adultos_ninguno_analfabeta,,0,0,6.702282231,22.50821784,2.827700095,28.70184925716677,EXCLUSION
2024-01,No Elegible,Vulnerabilidad Baja,1.0,1.0,1.0,1.0,1.0,1.498900966,1.790108696,1.0,sotap,1,low,,,espanol_uno_mas_adultos,adultos_ninguno_analfabeta,,0,0,0.0,10.02735341,2.279861825,9.70466314991279,EXCLUSION
2023-12,No Elegible,Vulnerabilidad Moderada,1.0,1.0,1.0,1.0,1.776038647,2.823478261,2.580217391,1.0,,1,low,,,espanol_uno_mas_adultos,adultos_ninguno_analfabeta,,0,0,0.0,32.12448674,2.896589272,31.09068863222006,EXCLUSION
2023-11,No Elegible,Vulnerabilidad Moderada,2.070141643,1.0,2.578385269,1.0,1.0,2.117608696,1.0,1.0,fupal,4,average,jefatura_femenina,no,espanol_uno_mas_adultos,adultos_ninguno_analfabeta,,0,0,17.46888676,7.392265486,2.726293776,25.1854279952186,EXCLUSION
2024-04,No Elegible,Vulnerabilidad Moderada,2.070141643,1.0,2.578385269,1.0,1.0,2.117608696,1.0,1.0,sotap,1,low,,,espanol_uno_mas_adultos,adultos_ninguno_analfabeta,,0,0,17.46888676,7.392265486,2.726293776,25.1854279952186,EXCLUSION
2024-04,No Elegible,Vulnerabilidad Baja,1.0,1.0,1.0,1.0,1.0,1.498900966,1.790108696,1.0,sotap,4,average,jefatura_masculina,no,espanol_uno_mas_adultos,adultos_ninguno_analfabeta,0.0,0,0,0.0,10.02735341,2.279861825,9.70466314991279,EXCLUSION
2023-12,No Elegible,Vulnerabilidad Baja,1.0,1.0,1.0,1.0,1.0,1.0,1.0,1.0,fomon,1,low,,,espanol_uno_mas_adultos,adultos_ninguno_analfabeta,,0,0,0.0,0.0,2.0,0.0,EXCLUSION
2023-10,Lista de Reserva,Vulnerabilidad Baja,1.0,1.0,2.578385269,1.0,1.776038647,1.0,1.790108696,1.0,pcr_cdmx,1,low,,,espanol_uno_mas_adultos,adultos_ninguno_analfabeta,0.0,0,0,8.975915299,12.01413641,2.602488661,20.89227871542691,EXCLUSION
2024-06,No Elegible,Vulnerabilidad Moderada,1.0,1.0,1.0,1.0,1.776038647,2.117608696,2.580217391,1.043888889,fupal,3,low,jefatura_masculina,no,espanol_uno_mas_adultos,adultos_ninguno_analfabeta,,0,0,0.0,28.09152966,2.784030087,27.18751614401154,EXCLUSION
2023-08,No Elegible por Intenciones,Vulnerabilidad Elevada,1.0,1.0,2.578385269,1.0,1.776038647,2.823478261,1.790108696,1.0,foten,1,low,,,espanol_uno_mas_adultos,adultos_ninguno_analfabeta,,0,0,8.975915299,26.18890898,2.998104289,34.61089292935174,EXCLUSION
2024-03,No Elegible,Vulnerabilidad Moderada,1.0,2.051104816,1.0,1.0,1.776038647,2.823478261,1.0,1.043888889,foten,1,low,,,espanol_uno_mas_adultos,adultos_ninguno_analfabeta,0.0,0,0,6.609317356,18.36611881,2.709327594,24.597090538408825,EXCLUSION
2023-12,Elegible,Vulnerabilidad Baja,1.0,1.0,1.0,1.0,1.0,2.117608696,1.790108696,1.0,fupal,1,low,,,espanol_uno_mas_adultos,adultos_uno_mas_analfabeta,,0,0,0.0,14.16503897,2.395343965,13.709193850906429,INCLUSION
2023-08,No Elegible,Vulnerabilidad Severa,2.700708215,1.0,2.578385269,1.0,1.776038647,2.823478261,2.580217391,1.043888889,sotap,6,high,jefatura_femenina,si,espanol_ningun_adulto,adultos_ninguno_analfabeta,-500.0,0,0,20.97871872,32.85812825,3.541515166,53.45455569191508,EXCLUSION
2024-04,No Elegible,Vulnerabilidad Baja,1.0,1.0,1.0,1.0,1.0,1.498900966,1.790108696,1.0,sotap,2,average,jefatura_femenina,si,espanol_uno_mas_adultos,adultos_ninguno_analfabeta,-500.0,0,0,0.0,10.02735341,2.279861825,9.70466314991279,EXCLUSION
2023-08,Lista de Reserva,Vulnerabilidad Baja,2.700708215,1.0,1.0,1.0,1.0,1.498900966,1.790108696,1.0,sotap,1,low,,,espanol_uno_mas_adultos,adultos_ninguno_analfabeta,-500.0,0,0,9.472088355,10.02735341,2.561806895,19.481572780265047,EXCLUSION
2023-09,No Elegible por Intenciones,Vulnerabilidad Elevada,1.0,2.051104816,1.0,1.0,1.776038647,2.823478261,2.580217391,1.0,sotap,3,average,jefatura_femenina,si,espanol_uno_mas_adultos,adultos_ninguno_analfabeta,0.0,0,0,6.609317356,32.12448674,3.093321436,37.9127004300535,EXCLUSION
2024-01,Elegible,Vulnerabilidad Elevada,1.0,1.0,1.0,1.0,1.776038647,2.823478261,2.580217391,1.043888889,sotap,2,complete,jefatura_masculina,no,espanol_uno_mas_adultos,adultos_ninguno_analfabeta,0.0,0,0,0.0,32.85812825,2.917065088,31.80072082478675,INCLUSION
2023-09,Lista de Reserva,Vulnerabilidad Elevada,2.700708215,1.0,2.578385269,1.0,1.0,2.117608696,1.790108696,2.544987923,fupal,4,average,jefatura_masculina,no,espanol_uno_mas_adultos,adultos_ninguno_analfabeta,,0,0,20.97871872,27.3162731,3.386842878,48.09104298249722,EXCLUSION
2024-02,Elegible,Vulnerabilidad Baja,1.0,1.0,1.0,1.0,1.0,1.498900966,1.0,1.0,fupal,3,low,jefatura_masculina,no,espanol_uno_mas_adultos,adultos_ninguno_analfabeta,0.0,-500,0,0.0,3.815111519,2.10647915,3.692337415207061,INCLUSION
2024-05,Lista de Reserva,Vulnerabilidad Elevada,1.0,2.051104816,1.0,1.0,1.776038647,2.823478261,1.790108696,1.0,futij,3,average,jefatura_masculina,no,espanol_ningun_adulto,adultos_ninguno_analfabeta,,0,0,6.609317356,26.18890898,2.927660413,32.16813549794806,EXCLUSION
2024-07,No Elegible,Vulnerabilidad Elevada,1.0,1.0,2.578385269,1.0,1.776038647,2.823478261,1.790108696,1.0,fupal,3,low,jefatura_femenina,no,espanol_uno_mas_adultos,adultos_ninguno_analfabeta,,0,0,8.975915299,26.18890898,2.998104289,34.61089292935174,EXCLUSION
2023-10,Lista de Reserva,Vulnerabilidad Baja,1.0,1.0,2.578385269,1.0,1.0,2.117608696,1.790108696,1.043888889,sotap,1,low,,,espanol_uno_mas_adultos,adultos_uno_mas_analfabeta,-500.0,0,0,8.975915299,14.70478802,2.677584315,23.496342465965498,EXCLUSION
2023-06,Elegible,Vulnerabilidad Moderada,1.0,1.0,1.0,1.0,1.776038647,2.823478261,1.790108696,1.0,sotap,2,low,jefatura_masculina,no,espanol_uno_mas_adultos,adultos_ninguno_analfabeta,0.0,0,0,0.0,26.18890898,2.730928248,25.34612370011462,INCLUSION
2024-05,No Elegible,Vulnerabilidad Moderada,1.0,1.0,1.0,1.0,1.776038647,2.823478261,1.790108696,1.0,sotap,1,low,,,espanol_uno_mas_adultos,adultos_ninguno_analfabeta,,0,0,0.0,26.18890898,2.730928248,25.34612370011462,EXCLUSION
2024-01,Elegible,Vulnerabilidad Elevada,2.700708215,2.051104816,3.251728045,1.0,1.0,2.117608696,1.0,1.0,sotap,4,average,jefatura_femenina,si,espanol_uno_mas_adultos,adultos_ninguno_analfabeta,0.0,0,0,35.61565687,7.392265486,3.266448403,43.916179314128506,INCLUSION
2023-11,Elegible,Vulnerabilidad Elevada,1.0,1.0,2.578385269,1.0,1.776038647,2.823478261,2.580217391,1.043888889,sotap,5,low,jefatura_femenina,no,espanol_uno_mas_adultos,adultos_ninguno_analfabeta,-500.0,0,0,8.975915299,32.85812825,3.184241129,41.06549005402387,INCLUSION
2023-06,Lista de Reserva,Vulnerabilidad Severa,2.700708215,2.051104816,2.578385269,1.0,1.776038647,2.823478261,2.580217391,1.0,sotap,3,average,jefatura_femenina,no,espanol_uno_mas_adultos,adultos_ninguno_analfabeta,0.0,0,0,31.71522481,32.12448674,3.840620929,63.82654109183068,EXCLUSION
2023-11,No Elegible,Vulnerabilidad Elevada,2.700708215,2.051104816,1.249197356,1.0,1.776038647,2.117608696,1.790108696,1.0,sotap,5,average,jefatura_masculina,no,espanol_uno_mas_adultos,adultos_ninguno_analfabeta,0.0,0,0,20.89305637,21.88512181,3.232710501,42.746252522075366,EXCLUSION
2024-06,No Elegible,Vulnerabilidad Elevada,1.0,1.0,2.578385269,1.0,1.776038647,2.823478261,2.580217391,1.0,sotap,1,low,,,espanol_uno_mas_adultos,adultos_ninguno_analfabeta,0.0,0,0,8.975915299,32.12448674,3.163765312,40.35545786145718,EXCLUSION
2024-04,No Elegible,Vulnerabilidad Moderada,1.0,1.0,1.0,1.0,1.776038647,2.823478261,2.580217391,1.0,sotap,1,low,,,espanol_uno_mas_adultos,adultos_ninguno_analfabeta,0.0,0,0,0.0,32.12448674,2.896589272,31.09068863222006,EXCLUSION
2023-08,No Elegible,Vulnerabilidad Elevada,2.070141643,1.525552408,1.0,1.0,1.776038647,2.117608696,2.580217391,1.043888889,sotap,1,low,,,espanol_uno_mas_adultos,adultos_ninguno_analfabeta,0.0,0,0,11.1900528,28.09152966,3.117111884,38.73767603316834,EXCLUSION
2023-06,Lista de Reserva,Vulnerabilidad Moderada,1.0,1.0,2.578385269,1.0,1.776038647,2.117608696,1.790108696,1.0,sotap,3,average,jefatura_femenina,no,espanol_uno_mas_adultos,adultos_ninguno_analfabeta,-500.0,0,0,8.975915299,21.88512181,2.877986279,30.44560593426951,EXCLUSION
2024-03,No Elegible,Vulnerabilidad Baja,1.0,1.0,1.0,1.564135978,1.0,2.117608696,1.0,1.0,fomon,1,low,,,espanol_uno_mas_adultos,adultos_ninguno_analfabeta,,0,0,3.975239986,7.392265486,2.32464347,11.2575421743845,EXCLUSION
2023-07,Lista de Reserva,Vulnerabilidad Baja,2.700708215,1.0,1.0,1.0,1.0,2.117608696,1.0,1.0,fupal,1,low,,,espanol_uno_mas_adultos,adultos_ninguno_analfabeta,,0,0,9.472088355,7.392265486,2.488262013,16.93128462074729,EXCLUSION
2023-10,No Elegible,Vulnerabilidad Baja,2.070141643,1.0,1.0,1.0,1.776038647,1.0,1.790108696,1.043888889,sotap,1,low,,,espanol_uno_mas_adultos,adultos_ninguno_analfabeta,-500.0,0,0,6.702282231,12.53066404,2.549228169,19.04538311600457,EXCLUSION
2024-04,No Elegible,Vulnerabilidad Baja,1.0,2.051104816,1.0,1.0,1.0,1.0,1.0,1.0,sotap,1,low,,,espanol_uno_mas_adultos,adultos_ninguno_analfabeta,-500.0,0,0,6.609317356,0.0,2.196732164,6.8220117978334365,EXCLUSION
2024-05,No Elegible,Vulnerabilidad Severa,2.700708215,1.525552408,3.251728045,1.0,1.776038647,2.823478261,1.790108696,1.0,sotap,4,complete,jefatura_masculina,si,espanol_uno_mas_adultos,adultos_uno_mas_analfabeta,,0,0,30.67858802,26.18890898,3.644103496,57.01197936118624,EXCLUSION
2023-09,No Elegible,Vulnerabilidad Elevada,2.070141643,1.525552408,1.0,1.0,1.776038647,2.117608696,1.790108696,2.544987923,sotap,4,average,jefatura_masculina,si,espanol_uno_mas_adultos,adultos_ninguno_analfabeta,,0,0,11.1900528,37.06714366,3.367619831,47.42444579903434,EXCLUSION
2023-11,Elegible,Vulnerabilidad Moderada,1.0,1.0,3.251728045,1.0,1.776038647,1.0,2.580217391,1.0,sotap,1,low,,,espanol_uno_mas_adultos,adultos_ninguno_analfabeta,,0,0,11.51832969,16.59309681,2.805963919,27.94811541931128,INCLUSION
2024-02,No Elegible,Vulnerabilidad Elevada,2.700708215,1.0,3.251728045,1.0,1.776038647,2.823478261,1.790108696,1.0,fupal,2,average,jefatura_femenina,si,espanol_uno_mas_adultos,adultos_ninguno_analfabeta,,0,0,24.2379543,26.18890898,3.45239235,50.36407960744292,EXCLUSION
2024-01,No Elegible,Vulnerabilidad Elevada,1.0,1.525552408,2.578385269,1.0,1.776038647,2.823478261,1.790108696,1.0,pcr_cdmx,5,average,jefatura_femenina,no,espanol_uno_mas_adultos,adultos_ninguno_analfabeta,-500.0,0,0,13.7168894,26.18890898,3.139223567,39.50443631789602,EXCLUSION
2024-06,Lista de Reserva,Vulnerabilidad Baja,1.0,1.0,1.0,1.0,1.0,1.0,1.0,1.0,sotap,1,low,,,espanol_uno_mas_adultos,adultos_ninguno_analfabeta,-500.0,0,0,0.0,0.0,2.0,0.0,EXCLUSION
2024-02,Elegible,Vulnerabilidad Severa,2.700708215,1.0,3.251728045,1.0,1.776038647,2.823478261,2.580217391,1.043888889,sotap,2,average,jefatura_masculina,no,espanol_uno_mas_adultos,adultos_ninguno_analfabeta,,0,0,24.2379543,32.85812825,3.63852919,56.81867673211505,INCLUSION
2024-05,Lista de Reserva,Vulnerabilidad Elevada,2.700708215,1.0,3.251728045,1.0,1.776038647,2.823478261,1.790108696,1.0,sotap,1,low,,,espanol_ningun_adulto,adultos_uno_mas_analfabeta,,0,0,24.2379543,26.18890898,3.45239235,50.36407960744292,EXCLUSION
2023-10,Lista de Reserva,Vulnerabilidad Baja,1.0,1.0,1.0,1.564135978,1.0,1.0,1.0,1.0,sotap,1,low,,,espanol_uno_mas_adultos,adultos_uno_mas_analfabeta,,0,0,3.975239986,0.0,2.118326527,4.103167183989466,EXCLUSION
2024-01,Elegible por Proceso Acelerado,Vulnerabilidad Baja,2.700708215,1.0,1.249197356,1.0,1.776038647,1.0,1.790108696,1.0,sotap,4,average,jefatura_masculina,no,espanol_uno_mas_adultos,adultos_ninguno_analfabeta,,0,0,11.93561888,12.01413641,2.69058685,23.947228517367076,INCLUSION
2023-07,No Elegible,Vulnerabilidad Elevada,1.0,1.0,2.578385269,1.0,1.776038647,2.823478261,1.790108696,1.0,sotap,2,complete,jefatura_femenina,si,espanol_uno_mas_adultos,adultos_ninguno_analfabeta,,0,0,8.975915299,26.18890898,2.998104289,34.61089292935174,EXCLUSION
2023-07,No Elegible,Vulnerabilidad Elevada,1.599560907,1.0,1.0,1.0,1.776038647,2.117608696,2.580217391,1.043888889,foten,3,low,jefatura_masculina,si,espanol_uno_mas_adultos,adultos_ninguno_analfabeta,,0,0,4.186184624,28.09152966,2.908635566,31.50841637539648,EXCLUSION
2024-03,No Elegible,Vulnerabilidad Baja,1.0,1.0,2.578385269,1.0,1.776038647,1.0,1.790108696,1.0,futij,1,low,,,espanol_uno_mas_adultos,adultos_ninguno_analfabeta,0.0,0,0,8.975915299,12.01413641,2.602488661,20.89227871542691,EXCLUSION
2024-03,Elegible,Vulnerabilidad Elevada,2.700708215,1.0,1.0,1.0,1.776038647,2.117608696,2.580217391,1.0,sotap,2,low,jefatura_masculina,no,espanol_uno_mas_adultos,adultos_ninguno_analfabeta,0.0,0,-500,9.472088355,27.40879931,3.046920262,36.303666369757146,INCLUSION
2023-08,Lista de Reserva,Vulnerabilidad Moderada,1.0,1.525552408,1.0,1.0,1.776038647,2.823478261,1.790108696,1.0,sotap,7,high,jefatura_masculina,no,espanol_uno_mas_adultos,adultos_ninguno_analfabeta,0.0,0,0,3.741369748,26.18890898,2.842293421,29.20789446797501,EXCLUSION
2024-06,No Elegible,Vulnerabilidad Elevada,2.700708215,1.0,1.249197356,1.0,1.776038647,2.117608696,2.580217391,1.0,sotap,1,low,,,espanol_uno_mas_adultos,adultos_ninguno_analfabeta,0.0,0,0,11.93561888,27.40879931,3.120249422,38.84647577058217,EXCLUSION
2023-08,No Elegible,Vulnerabilidad Baja,1.0,1.0,1.0,1.0,1.0,1.0,1.0,1.0,fusal,1,low,,,espanol_uno_mas_adultos,adultos_ninguno_analfabeta,,0,0,0.0,0.0,2.0,0.0,EXCLUSION
2023-07,No Elegible,Vulnerabilidad Moderada,1.0,1.0,2.578385269,1.564135978,1.776038647,1.0,1.790108696,1.0,foten,4,average,jefatura_masculina,no,espanol_uno_mas_adultos,adultos_ninguno_analfabeta,,0,0,14.01324416,12.01413641,2.7524292,26.09171385650275,EXCLUSION
2023-08,Elegible,Vulnerabilidad Baja,1.0,1.0,1.0,1.0,1.0,1.0,1.790108696,1.0,pcr_cdmx,1,low,,,espanol_uno_mas_adultos,adultos_ninguno_analfabeta,0.0,0,0,0.0,5.614422911,2.156697643,5.433745167301109,INCLUSION
2023-07,No Elegible por Duplicidad,Vulnerabilidad Elevada,1.0,2.051104816,1.249197356,1.0,1.776038647,2.117608696,2.580217391,1.043888889,sotap,1,low,,,espanol_uno_mas_adultos,adultos_ninguno_analfabeta,,0,0,8.909093135,28.09152966,3.049217106,36.38331280518898,EXCLUSION
2024-04,No Elegible por Duplicidad,Vulnerabilidad Elevada,2.070141643,1.0,2.578385269,1.0,1.776038647,2.823478261,2.580217391,1.043888889,sotap,2,complete,jefatura_masculina,si,espanol_uno_mas_adultos,adultos_ninguno_analfabeta,0.0,0,0,17.46888676,32.85812825,3.43704192,49.83177382961031,EXCLUSION
2024-01,Elegible,Vulnerabilidad Elevada,2.700708215,1.0,2.578385269,1.0,1.776038647,2.117608696,1.790108696,1.0,sotap,3,complete,jefatura_femenina,si,espanol_uno_mas_adultos,adultos_ninguno_analfabeta,0.0,0,0,20.97871872,21.88512181,3.235260316,42.83467157216072,INCLUSION
2024-02,Lista de Reserva,Vulnerabilidad Elevada,2.700708215,1.0,3.251728045,1.0,1.776038647,1.498900966,1.790108696,1.0,sotap,4,average,jefatura_femenina,si,espanol_uno_mas_adultos,adultos_ninguno_analfabeta,0.0,0,0,24.2379543,17.10850297,3.198959675,41.57589014325073,EXCLUSION
2023-07,No Elegible,Vulnerabilidad Baja,1.0,1.0,2.578385269,1.0,1.776038647,1.0,1.790108696,1.043888889,sotap,2,low,jefatura_femenina,no,espanol_uno_mas_adultos,adultos_ninguno_analfabeta,-500.0,0,0,8.975915299,12.53066404,2.616904864,21.39218396976588,EXCLUSION
2023-11,No Elegible,Vulnerabilidad Moderada,1.0,1.0,1.0,1.0,1.776038647,2.823478261,1.790108696,1.0,sotap,2,average,jefatura_masculina,no,espanol_ningun_adulto,adultos_ninguno_analfabeta,,0,0,0.0,26.18890898,2.730928248,25.34612370011462,EXCLUSION
2023-11,Elegible,Vulnerabilidad Elevada,2.700708215,1.0,3.251728045,1.0,1.776038647,2.823478261,1.790108696,1.0,sotap,3,low,jefatura_femenina,si,espanol_uno_mas_adultos,adultos_ninguno_analfabeta,,0,0,24.2379543,26.18890898,3.45239235,50.36407960744292,INCLUSION
2023-11,Elegible,Vulnerabilidad Elevada,2.700708215,1.0,3.251728045,1.0,1.776038647,2.117608696,1.790108696,1.043888889,sotap,1,low,,,espanol_ningun_adulto,adultos_uno_mas_analfabeta,,0,0,24.2379543,22.50821784,3.34966485,46.80183678901926,INCLUSION
2023-06,No Elegible por Intenciones,Vulnerabilidad Baja,1.0,1.0,1.0,1.0,1.0,1.498900966,1.0,1.0,pcr_cdmx,3,average,jefatura_femenina,no,espanol_uno_mas_adultos,adultos_ninguno_analfabeta,0.0,0,0,0.0,3.815111519,2.10647915,3.692337415207061,EXCLUSION
2024-04,No Elegible,Vulnerabilidad Moderada,1.0,1.525552408,1.0,1.0,1.776038647,2.823478261,1.790108696,1.043888889,,3,low,jefatura_masculina,no,espanol_ningun_adulto,adultos_ninguno_analfabeta,,0,0,3.741369748,26.85846924,2.86098074,29.85590760924795,EXCLUSION
2024-03,No Elegible,Vulnerabilidad Baja,1.0,1.0,1.0,1.0,1.0,1.498900966,1.0,1.0,sotap,1,low,,,espanol_uno_mas_adultos,adultos_ninguno_analfabeta,500.0,0,0,0.0,3.815111519,2.10647915,3.692337415207061,EXCLUSION
2024-02,No Elegible,Vulnerabilidad Elevada,1.0,2.051104816,1.0,1.564135978,1.776038647,2.823478261,1.790108696,1.043888889,,4,average,jefatura_masculina,no,espanol_uno_mas_adultos,adultos_ninguno_analfabeta,,0,0,11.36661491,26.85846924,3.087952892,37.72654078580627,EXCLUSION
2024-05,No Elegible,Vulnerabilidad Moderada,1.0,1.0,1.0,1.0,1.776038647,2.823478261,1.790108696,1.0,futij,4,average,jefatura_femenina,no,espanol_uno_mas_adultos,adultos_ninguno_analfabeta,0.0,0,0,0.0,26.18890898,2.730928248,25.34612370011462,EXCLUSION
2023-12,Elegible,Vulnerabilidad Baja,1.0,1.0,1.0,1.0,1.0,1.0,2.580217391,1.0,sotap,2,low,jefatura_femenina,no,espanol_uno_mas_adultos,adultos_ninguno_analfabeta,,0,0,0.0,9.580889352,2.267401085,9.272566751763287,INCLUSION
2023-06,No Elegible,Vulnerabilidad Elevada,2.700708215,2.051104816,1.249197356,1.0,1.776038647,1.498900966,2.580217391,1.043888889,,4,average,jefatura_masculina,no,espanol_uno_mas_adultos,adultos_uno_mas_analfabeta,,0,0,20.89305637,22.80125306,3.258279578,43.63290175231912,EXCLUSION
2024-04,Lista de Reserva,Vulnerabilidad Baja,1.599560907,1.0,1.0,1.0,1.0,1.0,1.790108696,1.043888889,sotap,1,low,,,espanol_uno_mas_adultos,adultos_ninguno_analfabeta,,0,0,4.186184624,6.061858428,2.293790976,10.187681993313475,EXCLUSION
2023-12,Lista de Reserva,Vulnerabilidad Severa,2.700708215,1.0,3.251728045,1.564135978,1.776038647,2.823478261,1.790108696,1.043888889,sotap,1,low,,,espanol_uno_mas_adultos,adultos_ninguno_analfabeta,,0,0,31.08118723,26.85846924,3.674774537,58.07554775763619,EXCLUSION
2024-02,No Elegible,Vulnerabilidad Elevada,2.070141643,1.0,1.0,1.0,1.776038647,2.823478261,1.790108696,1.043888889,foten,4,average,jefatura_masculina,no,espanol_uno_mas_adultos,adultos_ninguno_analfabeta,-500.0,0,0,6.702282231,26.85846924,2.949114914,32.912105216863374,EXCLUSION
2023-06,No Elegible,Vulnerabilidad Elevada,1.599560907,2.051104816,1.0,1.0,1.776038647,2.823478261,2.580217391,1.0,sotap,7,average,jefatura_masculina,no,espanol_uno_mas_adultos,adultos_ninguno_analfabeta,0.0,0,0,11.61905914,32.12448674,3.242440821,43.0836607144044,EXCLUSION
2024-02,No Elegible,Vulnerabilidad Baja,1.0,1.0,1.0,1.0,1.776038647,1.0,1.790108696,1.0,sotap,1,low,,,espanol_uno_mas_adultos,adultos_ninguno_analfabeta,,0,0,0.0,12.01413641,2.33531262,11.62750948618979,EXCLUSION
2023-08,Lista de Reserva,Vulnerabilidad Baja,1.0,1.0,2.578385269,1.0,1.0,1.0,1.0,1.043888889,sotap,1,low,,,espanol_uno_mas_adultos,adultos_ninguno_analfabeta,0.0,0,0,8.975915299,0.386821499,2.277972167,9.6391424255778,EXCLUSION
2024-04,No Elegible,Vulnerabilidad Baja,1.0,1.0,1.0,1.0,1.776038647,1.0,2.580217391,1.0,sotap,1,low,,,espanol_uno_mas_adultos,adultos_ninguno_analfabeta,0.0,0,0,0.0,16.59309681,2.46311067,16.059114361557388,EXCLUSION
2023-07,No Elegible,Vulnerabilidad Elevada,1.0,1.0,1.0,1.0,1.776038647,2.117608696,2.580217391,1.738466184,sotap,2,average,jefatura_masculina,no,espanol_uno_mas_adultos,adultos_ninguno_analfabeta,0.0,0,0,0.0,36.78475459,3.0266566,35.60098440253921,EXCLUSION
2023-10,No Elegible,Vulnerabilidad Severa,2.070141643,1.0,3.251728045,1.0,1.776038647,2.823478261,2.580217391,1.043888889,sotap,5,high,jefatura_masculina,no,espanol_uno_mas_adultos,adultos_uno_mas_analfabeta,-500.0,0,0,20.51851115,32.85812825,3.527816682,52.9795381821049,EXCLUSION
2024-04,No Elegible,Vulnerabilidad Baja,1.0,1.0,1.0,1.0,1.0,1.0,1.790108696,1.0,sotap,1,low,,,espanol_uno_mas_adultos,adultos_ninguno_analfabeta,,0,0,0.0,5.614422911,2.156697643,5.433745167301109,EXCLUSION
2024-01,Elegible,Vulnerabilidad Baja,1.0,1.0,1.0,1.0,1.776038647,1.0,1.790108696,1.0,sotap,3,low,jefatura_masculina,no,espanol_uno_mas_adultos,adultos_ninguno_analfabeta,0.0,0,0,0.0,12.01413641,2.33531262,11.62750948618979,INCLUSION
2024-05,Lista de Reserva,Vulnerabilidad Baja,1.0,1.0,2.578385269,1.0,1.0,2.117608696,1.790108696,1.0,sotap,1,low,,,espanol_uno_mas_adultos,adultos_ninguno_analfabeta,0.0,0,0,8.975915299,14.16503897,2.662520006,22.973963080143548,EXCLUSION
2024-04,No Elegible,Vulnerabilidad Elevada,2.070141643,1.0,1.0,1.0,1.776038647,2.823478261,2.580217391,1.043888889,sotap,3,average,jefatura_femenina,no,espanol_uno_mas_adultos,adultos_ninguno_analfabeta,,0,0,6.702282231,32.85812825,3.116564434,38.71868920026256,EXCLUSION
2023-08,Lista de Reserva,Vulnerabilidad Moderada,1.0,1.0,1.0,1.0,1.776038647,2.823478261,2.580217391,1.0,sotap,1,low,,,espanol_uno_mas_adultos,adultos_ninguno_analfabeta,,0,0,0.0,32.12448674,2.896589272,31.09068863222006,EXCLUSION
2023-07,No Elegible,Vulnerabilidad Baja,1.0,1.0,1.0,1.0,1.776038647,1.0,2.580217391,1.0,pcr_cdmx,3,average,jefatura_femenina,si,espanol_uno_mas_adultos,adultos_ninguno_analfabeta,0.0,0,0,0.0,16.59309681,2.46311067,16.059114361557388,EXCLUSION
2024-06,No Elegible,Vulnerabilidad Moderada,1.0,1.0,1.0,1.0,1.776038647,2.823478261,1.790108696,1.043888889,sotap,1,low,,,espanol_ningun_adulto,adultos_ninguno_analfabeta,-500.0,0,0,0.0,26.85846924,2.749615568,25.99413684138756,EXCLUSION
2023-11,Elegible,Vulnerabilidad Moderada,1.0,1.0,2.578385269,1.0,1.776038647,2.117608696,1.790108696,1.0,sotap,3,low,jefatura_masculina,no,espanol_uno_mas_adultos,adultos_ninguno_analfabeta,0.0,0,0,8.975915299,21.88512181,2.877986279,30.44560593426951,INCLUSION
2023-08,No Elegible,Vulnerabilidad Moderada,1.0,1.0,1.0,1.0,1.776038647,2.823478261,2.580217391,1.0,sotap,1,low,,,espanol_uno_mas_adultos,adultos_ninguno_analfabeta,,0,0,0.0,32.12448674,2.896589272,31.09068863222006,EXCLUSION
2023-09,Lista de Reserva,Vulnerabilidad Baja,1.0,1.0,1.0,1.0,1.776038647,2.117608696,1.790108696,1.0,sotap,1,low,,,espanol_uno_mas_adultos,adultos_ninguno_analfabeta,-500.0,0,0,0.0,21.88512181,2.610810239,21.18083670503239,EXCLUSION
2024-04,No Elegible,Vulnerabilidad Baja,1.0,1.0,2.578385269,1.0,1.0,1.0,1.0,1.0,fomon,3,low,jefatura_masculina,no,espanol_uno_mas_adultos,adultos_ninguno_analfabeta,,0,0,8.975915299,0.0,2.267176041,9.26476922923712,EXCLUSION
2024-01,No Elegible,Vulnerabilidad Elevada,1.0,2.051104816,1.0,1.0,1.776038647,2.117608696,2.580217391,1.043888889,sotap,4,average,jefatura_femenina,si,espanol_uno_mas_adultos,adultos_ninguno_analfabeta,,0,0,6.609317356,28.09152966,2.980762251,34.00952794184498,EXCLUSION
2024-01,No Elegible,Vulnerabilidad Severa,2.070141643,2.051104816,1.0,1.0,1.776038647,2.117608696,2.580217391,2.544987923,sotap,3,complete,jefatura_femenina,si,espanol_uno_mas_adultos,adultos_ninguno_analfabeta,,0,0,14.63015408,44.04383881,3.664735924,57.72743110170387,EXCLUSION
2024-06,No Elegible,Vulnerabilidad Baja,1.0,1.0,1.249197356,1.0,1.0,1.498900966,1.0,1.0,sotap,2,low,jefatura_masculina,no,espanol_ningun_adulto,adultos_ninguno_analfabeta,,0,0,1.921713018,3.815111519,2.163680634,5.67589307983932,EXCLUSION
2024-06,Lista de Reserva,Vulnerabilidad Baja,1.0,1.0,1.0,1.0,1.776038647,1.0,2.580217391,1.0,sotap,4,average,jefatura_masculina,no,espanol_uno_mas_adultos,adultos_ninguno_analfabeta,0.0,0,0,0.0,16.59309681,2.46311067,16.059114361557388,EXCLUSION
2023-07,Elegible,Vulnerabilidad Baja,1.0,1.0,1.0,1.0,1.0,1.0,1.0,1.0,foten,1,low,,,espanol_uno_mas_adultos,adultos_ninguno_analfabeta,-500.0,0,0,0.0,0.0,2.0,0.0,INCLUSION
2024-03,Elegible,Vulnerabilidad Baja,1.0,1.0,1.0,1.0,1.0,1.0,1.0,1.0,sotap,1,low,,,espanol_uno_mas_adultos,adultos_ninguno_analfabeta,,0,0,0.0,0.0,2.0,0.0,INCLUSION
2024-05,No Elegible,Vulnerabilidad Baja,1.0,1.0,1.249197356,1.0,1.776038647,1.498900966,1.790108696,1.043888889,sotap,1,low,,,espanol_uno_mas_adultos,adultos_ninguno_analfabeta,,0,0,1.921713018,17.68003002,2.550648286,19.09462463855864,EXCLUSION
2023-11,Lista de Reserva,Vulnerabilidad Baja,1.0,1.0,1.0,1.0,1.0,1.498900966,1.790108696,1.0,sotap,1,low,,,espanol_uno_mas_adultos,adultos_ninguno_analfabeta,0.0,0,0,0.0,10.02735341,2.279861825,9.70466314991279,EXCLUSION
2024-04,Elegible,Vulnerabilidad Baja,1.0,1.0,1.0,1.0,1.776038647,1.498900966,1.790108696,1.0,sotap,1,low,,,espanol_uno_mas_adultos,adultos_ninguno_analfabeta,0.0,0,0,0.0,17.10850297,2.477495573,16.55793423592243,INCLUSION
2024-06,No Elegible,Vulnerabilidad Elevada,1.0,1.0,3.251728045,1.0,1.776038647,2.117608696,2.580217391,1.043888889,fupal,5,high,jefatura_masculina,no,espanol_ningun_adulto,adultos_ninguno_analfabeta,,0,0,11.51832969,28.09152966,3.126883335,39.07651720176543,EXCLUSION
2024-01,Elegible,Vulnerabilidad Baja,1.0,1.0,1.0,1.0,1.776038647,2.823478261,1.0,1.0,pcr_cdmx,1,low,,,espanol_ningun_adulto,adultos_ninguno_analfabeta,,0,0,0.0,17.78726377,2.496439678,17.21485183461763,INCLUSION
2023-07,Lista de Reserva,Vulnerabilidad Elevada,1.0,1.0,2.578385269,1.0,1.776038647,2.823478261,2.580217391,1.043888889,futij,1,low,,,espanol_uno_mas_adultos,adultos_uno_mas_analfabeta,0.0,0,0,8.975915299,32.85812825,3.184241129,41.06549005402387,EXCLUSION
2023-07,No Elegible,Vulnerabilidad Baja,1.0,1.0,1.0,1.0,1.0,1.498900966,1.790108696,1.043888889,pcr_cdmx,5,average,jefatura_femenina,si,espanol_uno_mas_adultos,adultos_ninguno_analfabeta,0.0,0,0,0.0,10.52243148,2.293679375,10.18380911254212,EXCLUSION
2023-08,Elegible,Vulnerabilidad Baja,1.0,1.525552408,2.578385269,1.0,1.0,1.498900966,1.0,1.0,sotap,3,low,jefatura_masculina,no,espanol_uno_mas_adultos,adultos_ninguno_analfabeta,0.0,0,0,13.7168894,3.815111519,2.51477447,17.85065003298846,INCLUSION
2023-10,Elegible,Vulnerabilidad Severa,2.700708215,1.0,3.251728045,1.0,1.776038647,2.823478261,2.580217391,1.043888889,foten,1,low,,,espanol_uno_mas_adultos,adultos_ninguno_analfabeta,0.0,0,0,24.2379543,32.85812825,3.63852919,56.81867673211505,INCLUSION
2023-12,No Elegible,Vulnerabilidad Elevada,2.070141643,1.0,1.0,1.0,1.776038647,2.823478261,2.580217391,1.043888889,sotap,3,average,jefatura_femenina,si,espanol_uno_mas_adultos,adultos_ninguno_analfabeta,,0,0,6.702282231,32.85812825,3.116564434,38.71868920026256,EXCLUSION
2024-05,No Elegible,Vulnerabilidad Moderada,1.0,1.0,1.0,1.0,1.776038647,2.823478261,1.790108696,1.0,fupal,1,low,,,espanol_uno_mas_adultos,adultos_ninguno_analfabeta,,0,0,0.0,26.18890898,2.730928248,25.34612370011462,EXCLUSION
2023-09,Elegible,Vulnerabilidad Baja,1.0,1.0,1.0,1.0,1.776038647,1.0,2.580217391,1.043888889,sotap,1,low,,,espanol_uno_mas_adultos,adultos_ninguno_analfabeta,0.0,0,0,0.0,17.15905947,2.478906597,16.60686377719593,INCLUSION
2023-11,Lista de Reserva,Vulnerabilidad Elevada,2.070141643,1.0,1.0,1.0,1.776038647,2.117608696,2.580217391,1.043888889,sotap,4,average,jefatura_masculina,no,espanol_uno_mas_adultos,adultos_ninguno_analfabeta,,0,0,6.702282231,28.09152966,2.983529432,34.10548451948735,EXCLUSION
2024-06,No Elegible,Vulnerabilidad Baja,1.0,1.0,2.578385269,1.0,1.776038647,1.0,1.790108696,1.0,sotap,1,low,,,espanol_uno_mas_adultos,adultos_ninguno_analfabeta,-500.0,0,0,8.975915299,12.01413641,2.602488661,20.89227871542691,EXCLUSION
2024-07,No Elegible,Vulnerabilidad Severa,2.700708215,2.051104816,3.251728045,1.0,1.776038647,2.117608696,2.580217391,1.043888889,sotap,2,average,jefatura_femenina,no,espanol_uno_mas_adultos,adultos_uno_mas_analfabeta,,0,0,35.61565687,28.09152966,3.844161546,63.94932046774501,EXCLUSION
2024-03,Lista de Reserva,Vulnerabilidad Severa,2.070141643,1.0,1.0,1.0,1.776038647,2.823478261,2.580217391,2.544987923,fupal,1,low,,,espanol_uno_mas_adultos,adultos_uno_mas_analfabeta,,0,0,6.702282231,50.0,3.594991325,55.308918375475805,EXCLUSION
2023-08,Lista de Reserva,Vulnerabilidad Baja,1.0,1.0,1.0,1.0,1.0,1.0,1.790108696,1.0,pcr_cdmx,1,low,,,espanol_uno_mas_adultos,adultos_ninguno_analfabeta,,0,0,0.0,5.614422911,2.156697643,5.433745167301109,EXCLUSION
2024-03,No Elegible,Vulnerabilidad Baja,1.0,1.0,1.0,1.0,1.0,2.117608696,1.0,1.0,fupal,1,low,,,espanol_uno_mas_adultos,adultos_ninguno_analfabeta,-500.0,0,0,0.0,7.392265486,2.206316944,7.154374990395034,EXCLUSION
2024-01,No Elegible,Vulnerabilidad Baja,1.0,1.525552408,1.0,1.0,1.776038647,1.498900966,1.790108696,1.0,sotap,4,average,jefatura_masculina,no,espanol_uno_mas_adultos,adultos_ninguno_analfabeta,500.0,0,0,3.741369748,17.10850297,2.588860746,20.41970500378282,EXCLUSION
2024-02,No Elegible,Vulnerabilidad Elevada,1.599560907,1.0,2.578385269,1.0,1.776038647,2.823478261,2.580217391,1.043888889,sotap,2,complete,jefatura_femenina,si,espanol_uno_mas_adultos,adultos_ninguno_analfabeta,0.0,0,0,14.28054816,32.85812825,3.342138208,46.54083130512371,EXCLUSION
2024-03,Elegible,Vulnerabilidad Moderada,1.0,1.0,1.0,1.0,1.776038647,2.823478261,1.790108696,1.0,fupal,1,low,,,espanol_uno_mas_adultos,adultos_ninguno_analfabeta,,0,0,0.0,26.18890898,2.730928248,25.34612370011462,INCLUSION
2024-05,No Elegible,Vulnerabilidad Baja,1.0,1.0,1.0,1.0,1.776038647,1.0,2.580217391,1.0,sotap,1,low,,,espanol_uno_mas_adultos,adultos_ninguno_analfabeta,0.0,0,0,0.0,16.59309681,2.46311067,16.059114361557388,EXCLUSION
2024-06,No Elegible,Vulnerabilidad Elevada,1.0,1.0,2.578385269,1.0,1.776038647,2.117608696,2.580217391,1.043888889,sotap,1,low,,,espanol_uno_mas_adultos,adultos_ninguno_analfabeta,-500.0,0,0,8.975915299,28.09152966,3.051206127,36.45228537324866,EXCLUSION
2024-04,No Elegible,Vulnerabilidad Baja,1.0,1.0,1.0,1.0,1.0,1.0,1.790108696,1.0,sotap,6,average,jefatura_femenina,si,espanol_uno_mas_adultos,adultos_ninguno_analfabeta,0.0,0,0,0.0,5.614422911,2.156697643,5.433745167301109,EXCLUSION
2024-02,No Elegible,Vulnerabilidad Elevada,2.070141643,1.0,3.251728045,1.0,1.0,2.117608696,2.580217391,1.043888889,sotap,3,average,jefatura_femenina,si,espanol_uno_mas_adultos,adultos_ninguno_analfabeta,,0,0,20.51851115,19.54126117,3.156145058,40.09122120160637,EXCLUSION
2023-11,Elegible,Vulnerabilidad Severa,2.070141643,2.051104816,3.251728045,1.0,1.776038647,2.823478261,1.790108696,1.043888889,sotap,3,complete,jefatura_masculina,no,espanol_uno_mas_adultos,adultos_uno_mas_analfabeta,0.0,0,0,31.16447961,26.85846924,3.677253808,58.16152056971697,INCLUSION
2024-05,No Elegible,Vulnerabilidad Elevada,2.700708215,1.0,1.0,1.0,1.776038647,2.823478261,1.790108696,1.0,sotap,5,low,jefatura_femenina,no,espanol_uno_mas_adultos,adultos_ninguno_analfabeta,,0,0,9.472088355,26.18890898,3.012873318,35.123033330466875,EXCLUSION
2023-07,Lista de Reserva,Vulnerabilidad Moderada,1.0,1.0,1.0,1.0,1.776038647,2.823478261,2.580217391,1.0,sotap,6,average,jefatura_masculina,no,espanol_ningun_adulto,adultos_ninguno_analfabeta,,0,0,0.0,32.12448674,2.896589272,31.09068863222006,EXCLUSION
2024-04,Elegible,Vulnerabilidad Baja,1.0,1.0,1.0,1.0,1.0,1.498900966,1.0,1.0,sotap,1,low,,,espanol_uno_mas_adultos,adultos_uno_mas_analfabeta,0.0,0,0,0.0,3.815111519,2.10647915,3.692337415207061,INCLUSION
2023-11,Elegible,Vulnerabilidad Baja,1.0,2.051104816,1.0,1.0,1.776038647,1.498900966,1.790108696,1.0,sotap,2,low,jefatura_masculina,no,espanol_uno_mas_adultos,adultos_ninguno_analfabeta,0.0,0,0,6.609317356,17.10850297,2.674227738,23.379946033755868,INCLUSION
2023-10,Elegible,Vulnerabilidad Elevada,1.0,1.0,1.0,1.0,1.776038647,2.117608696,2.580217391,1.738466184,pcr_cdmx,1,low,,,espanol_uno_mas_adultos,adultos_ninguno_analfabeta,0.0,0,0,0.0,36.78475459,3.0266566,35.60098440253921,INCLUSION
2023-12,Lista de Reserva,Vulnerabilidad Elevada,1.0,1.0,2.578385269,1.0,1.776038647,2.823478261,1.790108696,1.0,sotap,1,low,,,espanol_uno_mas_adultos,adultos_ninguno_analfabeta,,0,0,8.975915299,26.18890898,2.998104289,34.61089292935174,EXCLUSION
2024-03,No Elegible,Vulnerabilidad Baja,1.0,2.051104816,1.0,1.0,1.776038647,1.498900966,1.790108696,1.0,sotap,1,low,,,espanol_uno_mas_adultos,adultos_ninguno_analfabeta,,0,0,6.609317356,17.10850297,2.674227738,23.379946033755868,EXCLUSION
2024-05,No Elegible,Vulnerabilidad Moderada,1.0,1.0,1.0,1.0,1.776038647,2.823478261,1.790108696,1.0,sotap,4,average,jefatura_masculina,no,espanol_ningun_adulto,adultos_ninguno_analfabeta,,0,0,0.0,26.18890898,2.730928248,25.34612370011462,EXCLUSION
2024-02,Elegible,Vulnerabilidad Elevada,2.070141643,1.0,2.578385269,1.0,1.776038647,2.823478261,1.790108696,1.043888889,foten,1,low,,,espanol_uno_mas_adultos,adultos_uno_mas_analfabeta,0.0,0,0,17.46888676,26.85846924,3.2695924,44.02518984621112,INCLUSION
2024-01,No Elegible,Vulnerabilidad Moderada,1.0,1.0,1.0,1.0,1.776038647,2.117608696,2.580217391,1.0,sotap,2,low,jefatura_masculina,no,espanol_uno_mas_adultos,adultos_ninguno_analfabeta,0.0,0,0,0.0,27.40879931,2.764975192,26.526756739404888,EXCLUSION
2023-10,Elegible,Vulnerabilidad Elevada,1.0,1.0,2.578385269,1.0,1.776038647,2.823478261,1.790108696,1.043888889,sotap,1,low,,,espanol_uno_mas_adultos,adultos_uno_mas_analfabeta,,0,0,8.975915299,26.85846924,3.016791609,35.25890607062468,INCLUSION
2024-02,Lista de Reserva,Vulnerabilidad Baja,1.0,1.0,1.0,1.0,1.0,1.0,1.790108696,1.043888889,fupal,2,low,jefatura_masculina,no,espanol_uno_mas_adultos,adultos_ninguno_analfabeta,,0,0,0.0,6.061858428,2.169185496,5.866781761928531,EXCLUSION
2024-04,No Elegible por Duplicidad,Vulnerabilidad Baja,2.700708215,1.0,1.0,1.0,1.0,1.0,1.790108696,1.0,futij,1,low,,,espanol_uno_mas_adultos,adultos_ninguno_analfabeta,0.0,0,0,9.472088355,5.614422911,2.438642712,15.210654797653364,EXCLUSION
2023-09,No Elegible,Vulnerabilidad Elevada,2.070141643,1.0,1.0,1.0,1.776038647,2.823478261,2.580217391,1.043888889,foten,2,average,jefatura_femenina,si,espanol_uno_mas_adultos,adultos_ninguno_analfabeta,-500.0,0,0,6.702282231,32.85812825,3.116564434,38.71868920026256,EXCLUSION
2024-05,No Elegible,Vulnerabilidad Baja,1.0,1.0,2.578385269,1.0,1.776038647,1.0,1.790108696,1.0,sotap,1,low,,,espanol_uno_mas_adultos,adultos_ninguno_analfabeta,,0,0,8.975915299,12.01413641,2.602488661,20.89227871542691,EXCLUSION
2024-06,No Elegible,Vulnerabilidad Baja,1.0,1.525552408,1.0,1.0,1.776038647,1.0,1.0,1.0,sotap,4,average,jefatura_masculina,no,espanol_uno_mas_adultos,adultos_ninguno_analfabeta,0.0,0,0,3.741369748,5.532745347,2.265783208,9.21646683684858,EXCLUSION
2024-02,No Elegible,Vulnerabilidad Baja,2.070141643,1.0,1.0,1.0,1.776038647,1.0,1.790108696,1.043888889,sotap,3,average,jefatura_masculina,no,espanol_uno_mas_adultos,adultos_ninguno_analfabeta,,0,0,6.702282231,12.53066404,2.549228169,19.04538311600457,EXCLUSION
2024-01,No Elegible,Vulnerabilidad Elevada,1.0,1.0,2.578385269,1.0,1.776038647,2.117608696,2.580217391,1.043888889,sotap,2,low,jefatura_masculina,no,espanol_ningun_adulto,adultos_uno_mas_analfabeta,0.0,0,0,8.975915299,28.09152966,3.051206127,36.45228537324866,EXCLUSION
2024-03,Elegible,Vulnerabilidad Moderada,2.700708215,1.0,1.0,1.0,1.776038647,2.117608696,2.580217391,1.043888889,sotap,5,high,jefatura_masculina,no,espanol_uno_mas_adultos,adultos_ninguno_analfabeta,0.0,0,-500,9.472088355,28.09152966,3.065975156,36.9644257743638,INCLUSION
2024-07,Lista de Reserva,Vulnerabilidad Elevada,2.070141643,1.0,1.0,1.0,1.776038647,2.117608696,2.580217391,1.043888889,pcr_cdmx,1,low,,,espanol_ningun_adulto,adultos_uno_mas_analfabeta,0.0,0,0,6.702282231,28.09152966,2.983529432,34.10548451948735,EXCLUSION
2023-06,No Elegible,Vulnerabilidad Elevada,1.0,1.0,1.0,1.0,1.776038647,2.823478261,2.580217391,1.043888889,foten,3,average,jefatura_femenina,si,espanol_uno_mas_adultos,adultos_ninguno_analfabeta,0.0,0,0,0.0,32.85812825,2.917065088,31.80072082478675,EXCLUSION
2024-01,No Elegible,Vulnerabilidad Baja,1.599560907,1.0,1.249197356,1.0,1.0,1.498900966,1.790108696,1.043888889,futij,1,low,,,espanol_uno_mas_adultos,adultos_ninguno_analfabeta,,0,0,6.347353616,10.52243148,2.482613957,16.735426915258614,EXCLUSION
2024-05,No Elegible,Vulnerabilidad Moderada,1.0,1.525552408,1.0,1.0,1.776038647,2.823478261,1.790108696,1.0,sotap,1,low,,,espanol_ningun_adulto,adultos_ninguno_analfabeta,0.0,0,-500,3.741369748,26.18890898,2.842293421,29.20789446797501,EXCLUSION
2024-03,No Elegible,Vulnerabilidad Baja,1.0,1.0,1.0,1.0,1.776038647,2.117608696,1.790108696,1.0,sotap,4,average,jefatura_masculina,no,espanol_uno_mas_adultos,adultos_ninguno_analfabeta,,0,0,0.0,21.88512181,2.610810239,21.18083670503239,EXCLUSION
2023-10,Lista de Reserva,Vulnerabilidad Severa,2.070141643,1.0,2.578385269,1.0,1.776038647,2.117608696,2.580217391,2.544987923,sotap,5,high,jefatura_femenina,si,espanol_ningun_adulto,adultos_ninguno_analfabeta,0.0,0,0,17.46888676,44.04383881,3.749233307,60.65751703807895,EXCLUSION
2024-03,No Elegible,Vulnerabilidad Elevada,1.0,1.0,2.578385269,1.0,1.776038647,2.823478261,1.790108696,1.0,sotap,3,low,jefatura_masculina,no,espanol_uno_mas_adultos,adultos_ninguno_analfabeta,0.0,0,0,8.975915299,26.18890898,2.998104289,34.61089292935174,EXCLUSION
2024-01,Elegible por Proceso Acelerado,Vulnerabilidad Moderada,1.0,1.0,1.0,1.0,1.776038647,2.823478261,2.580217391,1.0,fupal,5,average,jefatura_femenina,no,espanol_uno_mas_adultos,adultos_ninguno_analfabeta,,0,0,0.0,32.12448674,2.896589272,31.09068863222006,INCLUSION
2024-01,Elegible,Vulnerabilidad Elevada,2.070141643,1.0,1.0,1.0,1.776038647,2.823478261,1.790108696,1.0,sotap,1,low,,,espanol_uno_mas_adultos,adultos_uno_mas_analfabeta,,0,0,6.702282231,26.18890898,2.930427594,32.26409207559043,INCLUSION
2024-05,Elegible,Vulnerabilidad Elevada,1.0,2.051104816,2.578385269,1.0,1.776038647,2.823478261,2.580217391,1.0,sotap,3,average,jefatura_femenina,si,espanol_uno_mas_adultos,adultos_ninguno_analfabeta,-500.0,0,0,17.3510839,32.12448674,3.413059597,49.00014776320596,INCLUSION
2024-06,No Elegible,Vulnerabilidad Moderada,1.0,2.051104816,1.249197356,1.0,1.776038647,2.117608696,1.790108696,1.0,sotap,5,high,jefatura_masculina,no,espanol_uno_mas_adultos,adultos_ninguno_analfabeta,,0,0,8.909093135,21.88512181,2.875997259,30.376633366209827,EXCLUSION
2023-08,No Elegible,Vulnerabilidad Baja,1.0,1.0,1.249197356,1.0,1.0,1.0,1.790108696,1.0,fomon,1,low,,,espanol_uno_mas_adultos,adultos_ninguno_analfabeta,,0,0,1.921713018,5.614422911,2.213899127,7.417300831933367,EXCLUSION
2024-04,Lista de Reserva,Vulnerabilidad Baja,2.070141643,1.0,1.0,1.0,1.776038647,1.0,1.790108696,1.043888889,pcr_cdmx,2,low,jefatura_masculina,no,espanol_uno_mas_adultos,adultos_ninguno_analfabeta,,0,0,6.702282231,12.53066404,2.549228169,19.04538311600457,EXCLUSION
2024-01,Lista de Reserva,Vulnerabilidad Moderada,2.070141643,1.0,1.0,1.0,1.776038647,2.117608696,1.790108696,1.043888889,sotap,1,low,,,espanol_uno_mas_adultos,adultos_ninguno_analfabeta,,0,0,6.702282231,22.50821784,2.827700095,28.70184925716677,EXCLUSION
2024-05,No Elegible,Vulnerabilidad Moderada,1.0,1.525552408,1.0,1.0,1.776038647,2.823478261,1.790108696,1.0,fupal,1,low,,,espanol_uno_mas_adultos,adultos_ninguno_analfabeta,0.0,0,0,3.741369748,26.18890898,2.842293421,29.20789446797501,EXCLUSION
2024-01,Lista de Reserva,Vulnerabilidad Baja,2.070141643,1.0,2.578385269,1.0,1.0,1.0,1.790108696,1.0,sotap,1,low,,,espanol_uno_mas_adultos,adultos_ninguno_analfabeta,-500.0,-500,0,17.46888676,5.614422911,2.676674474,23.46479817212467,EXCLUSION
2023-10,Elegible,Vulnerabilidad Baja,1.0,1.525552408,1.0,1.0,1.776038647,1.498900966,1.0,1.0,sotap,1,low,,,espanol_uno_mas_adultos,adultos_ninguno_analfabeta,,0,0,3.741369748,9.93697889,2.388704659,13.478967740201298,INCLUSION
2024-01,Elegible,Vulnerabilidad Elevada,2.700708215,1.0,1.0,1.0,1.776038647,2.823478261,2.580217391,1.0,sotap,3,average,jefatura_femenina,si,espanol_uno_mas_adultos,adultos_uno_mas_analfabeta,0.0,0,0,9.472088355,32.12448674,3.178534341,40.86759826257232,INCLUSION
2023-07,No Elegible,Vulnerabilidad Elevada,2.070141643,1.0,2.578385269,1.0,1.776038647,2.823478261,2.580217391,1.043888889,fupal,2,average,jefatura_femenina,si,espanol_uno_mas_adultos,adultos_ninguno_analfabeta,,0,0,17.46888676,32.85812825,3.43704192,49.83177382961031,EXCLUSION
2024-01,Elegible,Vulnerabilidad Moderada,1.0,1.0,2.578385269,1.0,1.776038647,2.117608696,1.790108696,1.0,sotap,1,low,,,espanol_uno_mas_adultos,adultos_ninguno_analfabeta,0.0,0,0,8.975915299,21.88512181,2.877986279,30.44560593426951,INCLUSION
2024-02,Elegible,Vulnerabilidad Elevada,2.070141643,1.0,3.251728045,1.0,1.776038647,2.117608696,2.580217391,1.043888889,sotap,1,low,,,espanol_uno_mas_adultos,adultos_ninguno_analfabeta,0.0,0,0,20.51851115,28.09152966,3.39478168,48.36633350132969,INCLUSION
2023-11,Lista de Reserva,Vulnerabilidad Baja,1.0,1.0,2.578385269,1.0,1.776038647,1.0,1.790108696,1.0,fusal,1,low,,,espanol_ningun_adulto,adultos_ninguno_analfabeta,,0,0,8.975915299,12.01413641,2.602488661,20.89227871542691,EXCLUSION
2023-06,Lista de Reserva,Vulnerabilidad Moderada,1.0,1.0,1.0,1.0,1.776038647,2.823478261,1.790108696,1.0,sotap,1,low,,,espanol_ningun_adulto,adultos_uno_mas_analfabeta,0.0,0,0,0.0,26.18890898,2.730928248,25.34612370011462,EXCLUSION
2023-08,No Elegible,Vulnerabilidad Moderada,1.0,1.525552408,1.0,1.0,1.776038647,1.498900966,2.580217391,1.043888889,sotap,5,low,jefatura_masculina,no,espanol_uno_mas_adultos,adultos_ninguno_analfabeta,,0,0,3.741369748,22.80125306,2.747744488,25.929256703136527,EXCLUSION
2024-05,No Elegible,Vulnerabilidad Elevada,2.700708215,1.0,1.0,1.0,1.776038647,2.117608696,2.580217391,1.0,sotap,1,low,,,espanol_uno_mas_adultos,adultos_ninguno_analfabeta,,0,0,9.472088355,27.40879931,3.046920262,36.303666369757146,EXCLUSION
2023-11,Lista de Reserva,Vulnerabilidad Baja,1.0,1.0,1.0,1.0,1.776038647,1.0,1.790108696,1.0,pcr_cdmx,2,low,jefatura_masculina,no,espanol_uno_mas_adultos,adultos_ninguno_analfabeta,0.0,0,0,0.0,12.01413641,2.33531262,11.62750948618979,EXCLUSION
2023-10,Lista de Reserva,Vulnerabilidad Baja,2.700708215,1.0,1.249197356,1.0,1.0,1.0,1.0,2.544987923,sotap,4,complete,jefatura_masculina,si,espanol_uno_mas_adultos,adultos_ninguno_analfabeta,,0,0,11.93561888,9.42508403,2.618326813,21.44149443200785,EXCLUSION
2023-11,No Elegible,Vulnerabilidad Baja,1.0,1.0,1.0,1.0,1.776038647,1.498900966,1.0,1.0,pcr_cdmx,1,low,,,espanol_uno_mas_adultos,adultos_ninguno_analfabeta,0.0,0,0,0.0,9.93697889,2.277339487,9.61719697234091,EXCLUSION
2024-01,Elegible,Vulnerabilidad Elevada,1.0,1.0,3.251728045,1.0,1.776038647,2.823478261,2.580217391,1.043888889,foten,4,average,jefatura_femenina,no,espanol_uno_mas_adultos,adultos_ninguno_analfabeta,,0,0,11.51832969,32.85812825,3.259918337,43.68972188254064,INCLUSION
2024-04,Lista de Reserva,Vulnerabilidad Elevada,1.0,2.051104816,2.578385269,1.0,1.776038647,1.0,2.580217391,1.0,sotap,2,average,jefatura_femenina,si,espanol_uno_mas_adultos,adultos_uno_mas_analfabeta,,0,0,17.3510839,16.59309681,2.979580996,33.968573492543285,EXCLUSION
2024-03,Elegible,Vulnerabilidad Baja,2.070141643,1.0,1.0,1.0,1.776038647,1.498900966,1.790108696,1.043888889,sotap,1,low,,,espanol_uno_mas_adultos,adultos_ninguno_analfabeta,0.0,0,0,6.702282231,17.68003002,2.692946147,24.029037349402188,INCLUSION
2023-11,Elegible,Vulnerabilidad Elevada,1.0,1.0,2.578385269,1.0,1.776038647,2.823478261,1.790108696,1.0,sotap,1,low,,,espanol_uno_mas_adultos,adultos_ninguno_analfabeta,0.0,0,0,8.975915299,26.18890898,2.998104289,34.61089292935174,INCLUSION
2023-06,Lista de Reserva,Vulnerabilidad Baja,1.0,2.051104816,1.0,1.0,1.0,1.498900966,1.0,1.0,sotap,1,low,,,espanol_uno_mas_adultos,adultos_ninguno_analfabeta,,0,0,6.609317356,3.815111519,2.303211315,10.514349213040497,EXCLUSION
2024-02,No Elegible,Vulnerabilidad Baja,1.0,1.0,1.0,1.0,1.776038647,1.0,2.580217391,1.738466184,pcr_cdmx,1,low,,,espanol_ningun_adulto,adultos_uno_mas_analfabeta,0.0,0,0,0.0,24.36547812,2.680036586,23.58137266862028,EXCLUSION
2024-01,Lista de Reserva,Vulnerabilidad Severa,2.070141643,1.0,3.251728045,1.0,1.776038647,2.117608696,2.580217391,2.544987923,sotap,2,low,jefatura_masculina,no,espanol_uno_mas_adultos,adultos_uno_mas_analfabeta,0.0,0,0,20.51851115,44.04383881,3.840008069,63.80528139057354,EXCLUSION
2023-10,No Elegible,Vulnerabilidad Baja,1.0,1.0,1.0,1.0,1.0,2.117608696,1.790108696,1.0,fupal,1,low,,,espanol_uno_mas_adultos,adultos_ninguno_analfabeta,0.0,0,0,0.0,14.16503897,2.395343965,13.709193850906429,EXCLUSION
2024-05,Elegible,Vulnerabilidad Baja,1.0,2.051104816,1.0,1.0,1.776038647,1.0,1.790108696,1.0,fupal,2,low,jefatura_femenina,no,espanol_uno_mas_adultos,adultos_ninguno_analfabeta,,0,0,6.609317356,12.01413641,2.532044784,18.449521284023227,INCLUSION
2023-08,No Elegible por Intenciones,Vulnerabilidad Elevada,1.0,1.525552408,2.578385269,1.0,1.776038647,2.823478261,1.790108696,1.0,sotap,2,average,jefatura_masculina,no,espanol_uno_mas_adultos,adultos_ninguno_analfabeta,0.0,0,0,13.7168894,26.18890898,3.139223567,39.50443631789602,EXCLUSION
2024-01,Lista de Reserva,Vulnerabilidad Elevada,2.700708215,1.0,1.0,1.0,1.776038647,2.823478261,1.790108696,1.0,sotap,1,low,,,espanol_uno_mas_adultos,adultos_ninguno_analfabeta,,0,0,9.472088355,26.18890898,3.012873318,35.123033330466875,EXCLUSION
2023-06,Lista de Reserva,Vulnerabilidad Moderada,1.0,1.0,1.0,1.0,1.776038647,2.823478261,1.790108696,1.0,sotap,4,average,jefatura_femenina,si,espanol_uno_mas_adultos,adultos_ninguno_analfabeta,-500.0,0,0,0.0,26.18890898,2.730928248,25.34612370011462,EXCLUSION
2024-06,No Elegible,Vulnerabilidad Moderada,2.070141643,1.0,1.0,1.0,1.776038647,1.0,1.790108696,2.544987923,foten,1,low,,,espanol_uno_mas_adultos,adultos_ninguno_analfabeta,,0,0,6.702282231,24.59957006,2.8860694,30.725899671374957,EXCLUSION
2024-01,No Elegible,Vulnerabilidad Baja,1.0,1.0,1.0,1.0,1.776038647,2.117608696,1.790108696,1.0,sotap,4,average,jefatura_masculina,no,espanol_uno_mas_adultos,adultos_ninguno_analfabeta,-500.0,0,0,0.0,21.88512181,2.610810239,21.18083670503239,EXCLUSION
2023-12,Elegible,Vulnerabilidad Moderada,2.700708215,1.0,2.578385269,1.0,1.0,1.0,1.790108696,1.043888889,sotap,1,low,,,espanol_uno_mas_adultos,adultos_ninguno_analfabeta,,0,0,20.97871872,6.061858428,2.793635574,27.520616629056853,INCLUSION
2024-04,No Elegible,Vulnerabilidad Moderada,1.0,1.0,1.0,1.0,1.776038647,2.823478261,1.790108696,1.043888889,sotap,2,low,jefatura_femenina,no,espanol_uno_mas_adultos,adultos_ninguno_analfabeta,0.0,0,0,0.0,26.85846924,2.749615568,25.99413684138756,EXCLUSION
2024-06,No Elegible,Vulnerabilidad Baja,1.0,1.525552408,1.0,1.0,1.776038647,2.823478261,1.0,1.043888889,sotap,1,low,,,espanol_uno_mas_adultos,adultos_ninguno_analfabeta,500.0,0,0,3.741369748,18.36611881,2.623960602,21.636849508435777,EXCLUSION
2024-06,No Elegible,Vulnerabilidad Elevada,2.070141643,1.0,2.578385269,1.0,1.776038647,1.0,2.580217391,1.043888889,sotap,3,low,jefatura_masculina,no,espanol_uno_mas_adultos,adultos_ninguno_analfabeta,,0,0,17.46888676,17.15905947,2.998883429,34.63791678201949,EXCLUSION
2024-06,No Elegible,Vulnerabilidad Elevada,2.070141643,1.0,1.0,1.0,1.776038647,2.823478261,2.580217391,1.043888889,sotap,6,average,jefatura_masculina,no,espanol_uno_mas_adultos,adultos_ninguno_analfabeta,,0,0,6.702282231,32.85812825,3.116564434,38.71868920026256,EXCLUSION
2024-04,Elegible,Vulnerabilidad Baja,1.0,1.0,1.0,1.0,1.0,2.823478261,1.0,1.0,sotap,2,low,jefatura_femenina,no,espanol_uno_mas_adultos,adultos_uno_mas_analfabeta,,0,0,0.0,10.61532135,2.296271916,10.27370969363565,INCLUSION
2023-11,Elegible,Vulnerabilidad Elevada,1.0,2.051104816,1.0,1.0,1.776038647,2.823478261,2.580217391,1.0,sotap,1,low,,,espanol_ningun_adulto,adultos_ninguno_analfabeta,,0,0,6.609317356,32.12448674,3.093321436,37.9127004300535,INCLUSION
2024-04,No Elegible,Vulnerabilidad Elevada,2.700708215,2.051104816,1.0,1.0,1.776038647,2.823478261,1.790108696,1.0,sotap,1,low,,,espanol_ningun_adulto,adultos_ninguno_analfabeta,0.0,0,0,17.94487015,26.18890898,3.265073146,43.868477716411775,EXCLUSION
2024-06,No Elegible,Vulnerabilidad Elevada,1.0,1.0,1.0,1.0,1.776038647,2.823478261,2.580217391,1.043888889,sotap,1,low,,,espanol_uno_mas_adultos,adultos_uno_mas_analfabeta,,0,0,0.0,32.85812825,2.917065088,31.80072082478675,EXCLUSION
2023-08,No Elegible,Vulnerabilidad Baja,1.0,1.0,1.0,1.0,1.776038647,1.498900966,1.0,1.0,sotap,1,low,,,espanol_uno_mas_adultos,adultos_ninguno_analfabeta,,0,0,0.0,9.93697889,2.277339487,9.61719697234091,EXCLUSION
2023-09,No Elegible,Vulnerabilidad Baja,1.0,1.525552408,1.0,1.0,1.776038647,1.0,1.790108696,1.043888889,sotap,1,low,,,espanol_ningun_adulto,adultos_ninguno_analfabeta,,0,0,3.741369748,12.53066404,2.461093996,15.989185508389149,EXCLUSION
2023-06,No Elegible,Vulnerabilidad Baja,1.0,1.0,1.0,1.0,1.776038647,2.117608696,1.790108696,1.0,sotap,1,low,,,espanol_uno_mas_adultos,adultos_ninguno_analfabeta,0.0,0,0,0.0,21.88512181,2.610810239,21.18083670503239,EXCLUSION
2023-06,Lista de Reserva,Vulnerabilidad Elevada,2.700708215,1.0,3.251728045,1.0,1.776038647,1.498900966,1.790108696,1.043888889,sotap,1,low,,,espanol_uno_mas_adultos,adultos_ninguno_analfabeta,,0,0,24.2379543,17.68003002,3.214910903,42.12902488125468,EXCLUSION
2024-02,Elegible,Vulnerabilidad Moderada,1.0,1.0,1.0,1.0,1.776038647,2.823478261,1.790108696,1.0,foten,1,low,,,espanol_uno_mas_adultos,adultos_ninguno_analfabeta,0.0,0,0,0.0,26.18890898,2.730928248,25.34612370011462,INCLUSION
2024-04,No Elegible,Vulnerabilidad Elevada,1.0,1.0,3.251728045,1.0,1.776038647,2.823478261,2.580217391,1.043888889,sotap,1,low,,,espanol_uno_mas_adultos,adultos_ninguno_analfabeta,0.0,0,0,11.51832969,32.85812825,3.259918337,43.68972188254064,EXCLUSION
2024-03,Elegible,Vulnerabilidad Elevada,2.700708215,2.051104816,1.249197356,1.0,1.776038647,2.117608696,2.580217391,1.043888889,fupal,4,average,jefatura_femenina,no,espanol_uno_mas_adultos,adultos_uno_mas_analfabeta,,0,0,20.89305637,28.09152966,3.405930349,48.752931961054514,INCLUSION
2023-11,No Elegible,Vulnerabilidad Moderada,2.700708215,1.0,3.251728045,1.0,1.0,1.498900966,1.0,1.043888889,sotap,1,low,,,espanol_ningun_adulto,adultos_ninguno_analfabeta,0.0,0,0,24.2379543,4.243121443,2.83988894,29.12452945917112,EXCLUSION
2023-12,Elegible,Vulnerabilidad Moderada,1.0,1.0,1.0,1.0,1.776038647,2.823478261,2.580217391,1.0,sotap,4,average,jefatura_masculina,no,espanol_uno_mas_adultos,adultos_ninguno_analfabeta,,0,0,0.0,32.12448674,2.896589272,31.09068863222006,INCLUSION
2023-10,No Elegible,Vulnerabilidad Moderada,1.0,1.0,1.0,1.0,1.776038647,2.823478261,2.580217391,1.0,sotap,1,low,,,espanol_uno_mas_adultos,adultos_ninguno_analfabeta,0.0,0,0,0.0,32.12448674,2.896589272,31.09068863222006,EXCLUSION
2024-01,No Elegible,Vulnerabilidad Baja,1.599560907,1.525552408,1.0,1.0,1.0,1.0,1.0,1.043888889,pcr_cdmx,1,low,,,espanol_ningun_adulto,adultos_ninguno_analfabeta,0.0,0,0,8.393749546,0.386821499,2.260643489,9.038241996480508,EXCLUSION
2023-06,Lista de Reserva,Vulnerabilidad Severa,2.700708215,1.0,3.251728045,1.0,1.776038647,2.117608696,2.580217391,1.043888889,sotap,2,low,jefatura_masculina,no,espanol_ningun_adulto,adultos_uno_mas_analfabeta,0.0,0,0,24.2379543,28.09152966,3.505494188,52.20547205133984,EXCLUSION
2024-05,No Elegible,Vulnerabilidad Elevada,1.0,1.0,1.0,1.0,1.776038647,2.823478261,2.580217391,1.043888889,pcr_cdmx,3,average,jefatura_femenina,si,espanol_ningun_adulto,adultos_ninguno_analfabeta,0.0,0,0,0.0,32.85812825,2.917065088,31.80072082478675,EXCLUSION
2024-06,No Elegible,Vulnerabilidad Moderada,1.0,1.0,2.578385269,1.0,1.0,2.823478261,1.790108696,1.0,fupal,3,low,jefatura_masculina,no,espanol_uno_mas_adultos,adultos_ninguno_analfabeta,,0,0,8.975915299,17.8931401,2.76657071,26.58209018767902,EXCLUSION
2023-07,No Elegible,Vulnerabilidad Elevada,2.700708215,1.0,3.251728045,1.0,1.776038647,2.117608696,1.790108696,1.0,sotap,5,average,jefatura_masculina,no,espanol_uno_mas_adultos,adultos_ninguno_analfabeta,0.0,0,0,24.2379543,21.88512181,3.33227434,46.19879261236069,EXCLUSION
2024-07,Lista de Reserva,Vulnerabilidad Baja,1.0,1.0,1.0,1.0,1.776038647,2.117608696,1.790108696,1.0,sotap,3,low,jefatura_masculina,no,espanol_uno_mas_adultos,adultos_ninguno_analfabeta,,0,0,0.0,21.88512181,2.610810239,21.18083670503239,EXCLUSION
2024-01,No Elegible,Vulnerabilidad Moderada,1.0,1.0,1.0,1.0,1.776038647,2.117608696,2.580217391,1.043888889,sotap,1,low,,,espanol_uno_mas_adultos,adultos_ninguno_analfabeta,,0,0,0.0,28.09152966,2.784030087,27.18751614401154,EXCLUSION
2023-10,Elegible,Vulnerabilidad Baja,1.0,1.0,1.0,1.0,1.0,1.498900966,1.0,1.0,fupal,1,low,,,espanol_ningun_adulto,adultos_ninguno_analfabeta,,0,0,0.0,3.815111519,2.10647915,3.692337415207061,INCLUSION
2023-09,Elegible,Vulnerabilidad Severa,1.0,1.0,3.251728045,1.0,1.776038647,2.823478261,1.790108696,2.544987923,sotap,3,complete,jefatura_femenina,si,espanol_uno_mas_adultos,adultos_ninguno_analfabeta,0.0,0,0,11.51832969,42.50305317,3.529106644,53.02426347369012,INCLUSION
2023-11,No Elegible,Vulnerabilidad Baja,1.0,1.0,1.0,1.0,1.776038647,1.498900966,1.790108696,1.0,sotap,3,low,jefatura_femenina,no,espanol_ningun_adulto,adultos_ninguno_analfabeta,,0,0,0.0,17.10850297,2.477495573,16.55793423592243,EXCLUSION
2024-02,No Elegible,Vulnerabilidad Baja,1.0,1.0,1.0,1.0,1.0,1.0,1.0,1.0,pcr_cdmx,1,low,,,espanol_uno_mas_adultos,adultos_ninguno_analfabeta,0.0,0,0,0.0,0.0,2.0,0.0,EXCLUSION
2023-07,No Elegible por Intenciones,Vulnerabilidad Elevada,1.0,2.051104816,1.0,1.0,1.776038647,2.823478261,1.790108696,1.0,foten,2,average,jefatura_femenina,si,espanol_uno_mas_adultos,adultos_ninguno_analfabeta,0.0,0,0,6.609317356,26.18890898,2.927660413,32.16813549794806,EXCLUSION
2024-05,No Elegible por Intenciones,Vulnerabilidad Elevada,2.700708215,1.0,3.251728045,1.0,1.0,1.498900966,1.790108696,1.043888889,sotap,3,average,jefatura_masculina,no,espanol_uno_mas_adultos,adultos_ninguno_analfabeta,,0,-500,24.2379543,10.52243148,3.015143476,35.20176501987042,EXCLUSION
2024-05,No Elegible,Vulnerabilidad Elevada,2.070141643,1.0,3.251728045,1.0,1.0,1.498900966,1.790108696,1.043888889,sotap,1,low,,,espanol_ningun_adulto,adultos_uno_mas_analfabeta,,0,0,20.51851115,10.52243148,2.904430968,31.362626469860267,EXCLUSION
2023-11,No Elegible por Intenciones,Vulnerabilidad Baja,2.070141643,1.0,1.0,1.0,1.0,1.0,1.790108696,1.043888889,sotap,2,low,jefatura_femenina,no,espanol_uno_mas_adultos,adultos_ninguno_analfabeta,0.0,0,0,6.702282231,6.061858428,2.368684842,12.78475013740434,EXCLUSION
2023-09,Lista de Reserva,Vulnerabilidad Elevada,1.0,1.0,1.0,1.0,1.776038647,2.823478261,2.580217391,1.043888889,sotap,6,low,jefatura_masculina,no,espanol_uno_mas_adultos,adultos_uno_mas_analfabeta,0.0,0,0,0.0,32.85812825,2.917065088,31.80072082478675,EXCLUSION
2023-10,No Elegible,Vulnerabilidad Baja,1.0,1.0,1.0,1.0,1.0,1.498900966,1.0,1.0,fomon,1,low,,,espanol_ningun_adulto,adultos_uno_mas_analfabeta,,0,0,0.0,3.815111519,2.10647915,3.692337415207061,EXCLUSION
2024-02,No Elegible,Vulnerabilidad Elevada,1.0,1.0,2.578385269,1.0,1.776038647,2.823478261,2.580217391,1.043888889,foten,2,average,jefatura_femenina,si,espanol_uno_mas_adultos,adultos_uno_mas_analfabeta,0.0,0,0,8.975915299,32.85812825,3.184241129,41.06549005402387,EXCLUSION
2024-04,No Elegible,Vulnerabilidad Baja,2.070141643,1.0,1.0,1.0,1.0,1.0,1.790108696,1.043888889,sotap,1,low,,,espanol_uno_mas_adultos,adultos_ninguno_analfabeta,,0,0,6.702282231,6.061858428,2.368684842,12.78475013740434,EXCLUSION
2023-08,Lista de Reserva,Vulnerabilidad Severa,2.700708215,1.0,3.251728045,1.0,1.776038647,2.117608696,2.580217391,1.043888889,sotap,1,low,,,espanol_uno_mas_adultos,adultos_ninguno_analfabeta,0.0,0,0,24.2379543,28.09152966,3.505494188,52.20547205133984,EXCLUSION
2024-04,No Elegible por Duplicidad,Vulnerabilidad Moderada,2.070141643,1.0,1.0,1.0,1.776038647,2.117608696,1.790108696,1.043888889,sotap,4,average,jefatura_masculina,no,espanol_uno_mas_adultos,adultos_ninguno_analfabeta,0.0,0,0,6.702282231,22.50821784,2.827700095,28.70184925716677,EXCLUSION
2024-05,Elegible,Vulnerabilidad Elevada,2.070141643,1.0,2.578385269,1.0,1.776038647,2.823478261,1.0,1.738466184,sotap,1,low,,,espanol_uno_mas_adultos,adultos_ninguno_analfabeta,-500.0,0,0,17.46888676,25.73669646,3.238283901,42.93951683604431,INCLUSION
2024-01,Elegible,Vulnerabilidad Elevada,1.0,2.051104816,2.578385269,1.0,1.776038647,2.117608696,1.790108696,1.0,foten,3,low,jefatura_femenina,si,espanol_uno_mas_adultos,adultos_ninguno_analfabeta,-500.0,0,0,17.3510839,21.88512181,3.127280564,39.090295836018285,INCLUSION
2023-11,Elegible,Vulnerabilidad Baja,1.0,1.0,1.0,1.0,1.776038647,1.0,2.580217391,1.0,pcr_cdmx,1,low,,,espanol_uno_mas_adultos,adultos_ninguno_analfabeta,0.0,0,0,0.0,16.59309681,2.46311067,16.059114361557388,INCLUSION
2023-07,No Elegible,Vulnerabilidad Elevada,1.0,1.0,2.578385269,1.0,1.776038647,2.823478261,1.790108696,1.0,foten,3,average,jefatura_masculina,no,espanol_uno_mas_adultos,adultos_ninguno_analfabeta,-500.0,0,0,8.975915299,26.18890898,2.998104289,34.61089292935174,EXCLUSION
2023-09,Lista de Reserva,Vulnerabilidad Elevada,2.070141643,1.0,1.0,1.0,1.776038647,2.117608696,2.580217391,1.043888889,foten,3,average,jefatura_masculina,si,espanol_ningun_adulto,adultos_uno_mas_analfabeta,,0,0,6.702282231,28.09152966,2.983529432,34.10548451948735,EXCLUSION
2024-05,No Elegible,Vulnerabilidad Elevada,2.070141643,1.0,1.0,1.0,1.776038647,1.498900966,2.580217391,2.544987923,sotap,1,low,,,espanol_uno_mas_adultos,adultos_ninguno_analfabeta,500.0,0,0,6.702282231,37.43330939,3.244257006,43.14663643599621,EXCLUSION
2023-10,Elegible,Vulnerabilidad Baja,1.0,1.0,1.0,1.0,1.0,2.823478261,1.790108696,1.0,fupal,1,low,,,espanol_uno_mas_adultos,adultos_ninguno_analfabeta,0.0,0,0,0.0,17.8931401,2.49939467,17.3173209584419,INCLUSION
2024-05,No Elegible por Intenciones,Vulnerabilidad Baja,1.0,1.0,1.0,1.0,1.776038647,2.117608696,1.790108696,1.043888889,sotap,2,average,jefatura_femenina,si,espanol_uno_mas_adultos,adultos_ninguno_analfabeta,,0,0,0.0,22.50821784,2.628200749,21.78388088169096,EXCLUSION
2024-06,Lista de Reserva,Vulnerabilidad Moderada,1.0,1.0,1.0,1.0,1.776038647,2.823478261,1.790108696,1.0,futij,4,average,jefatura_masculina,no,espanol_uno_mas_adultos,adultos_ninguno_analfabeta,,0,0,0.0,26.18890898,2.730928248,25.34612370011462,EXCLUSION
2024-07,No Elegible,Vulnerabilidad Elevada,2.070141643,2.051104816,2.578385269,1.0,1.0,2.117608696,1.790108696,1.043888889,fupal,1,low,,,espanol_uno_mas_adultos,adultos_ninguno_analfabeta,0.0,0,0,27.51489601,14.70478802,3.229413438,42.63192611522619,EXCLUSION
2024-06,Lista de Reserva,Vulnerabilidad Elevada,2.070141643,1.0,1.0,1.0,1.776038647,2.823478261,2.580217391,1.043888889,sotap,4,average,jefatura_masculina,no,espanol_uno_mas_adultos,adultos_ninguno_analfabeta,,0,0,6.702282231,32.85812825,3.116564434,38.71868920026256,EXCLUSION
2024-03,Lista de Reserva,Vulnerabilidad Baja,1.0,1.0,2.578385269,1.0,1.0,1.0,1.790108696,1.0,sotap,1,low,,,espanol_uno_mas_adultos,adultos_ninguno_analfabeta,,0,0,8.975915299,5.614422911,2.423873683,14.69851439653823,EXCLUSION
2024-02,No Elegible,Vulnerabilidad Baja,1.0,1.0,2.578385269,1.0,1.776038647,1.0,1.790108696,1.0,pcr_cdmx,1,low,,,espanol_uno_mas_adultos,adultos_ninguno_analfabeta,0.0,0,0,8.975915299,12.01413641,2.602488661,20.89227871542691,EXCLUSION
2023-07,Lista de Reserva,Vulnerabilidad Baja,2.700708215,1.0,1.0,1.0,1.776038647,1.0,1.790108696,1.0,sotap,1,low,,,espanol_uno_mas_adultos,adultos_ninguno_analfabeta,500.0,0,0,9.472088355,12.01413641,2.61725769,21.404419116542044,EXCLUSION
2023-07,Lista de Reserva,Vulnerabilidad Moderada,1.0,1.525552408,1.0,1.0,1.776038647,2.823478261,1.790108696,1.0,sotap,3,average,jefatura_masculina,no,espanol_uno_mas_adultos,adultos_ninguno_analfabeta,0.0,0,0,3.741369748,26.18890898,2.842293421,29.20789446797501,EXCLUSION
2023-08,No Elegible,Vulnerabilidad Moderada,1.0,2.051104816,1.0,1.0,1.776038647,2.823478261,1.0,1.043888889,sotap,3,average,jefatura_masculina,no,espanol_ningun_adulto,adultos_ninguno_analfabeta,0.0,0,0,6.609317356,18.36611881,2.709327594,24.597090538408825,EXCLUSION
2023-10,Lista de Reserva,Vulnerabilidad Baja,1.0,1.0,1.0,1.0,1.0,2.117608696,1.790108696,1.0,sotap,1,low,,,espanol_uno_mas_adultos,adultos_ninguno_analfabeta,0.0,0,0,0.0,14.16503897,2.395343965,13.709193850906429,EXCLUSION
2023-07,No Elegible,Vulnerabilidad Baja,1.0,1.0,1.0,1.564135978,1.0,1.498900966,1.0,1.0,sotap,4,average,jefatura_masculina,no,espanol_uno_mas_adultos,adultos_ninguno_analfabeta,0.0,0,0,3.975239986,3.815111519,2.224805677,7.795504599196527,EXCLUSION
2023-10,No Elegible,Vulnerabilidad Baja,1.0,1.525552408,1.0,1.0,1.0,1.498900966,1.0,1.0,sotap,1,low,,,espanol_uno_mas_adultos,adultos_ninguno_analfabeta,,0,0,3.741369748,3.815111519,2.217844323,7.554108183067449,EXCLUSION
2024-05,No Elegible,Vulnerabilidad Baja,1.0,1.0,3.251728045,1.0,1.776038647,1.0,1.790108696,1.043888889,sotap,1,low,,,espanol_uno_mas_adultos,adultos_ninguno_analfabeta,,0,0,11.51832969,12.53066404,2.692582072,24.01641579828265,EXCLUSION
2024-06,No Elegible,Vulnerabilidad Baja,2.070141643,1.0,1.0,1.0,1.0,2.117608696,1.790108696,1.043888889,sotap,2,average,jefatura_masculina,no,espanol_uno_mas_adultos,adultos_ninguno_analfabeta,,0,0,6.702282231,14.70478802,2.60990762,21.14954161220419,EXCLUSION
2024-03,No Elegible,Vulnerabilidad Baja,1.0,1.0,1.0,1.0,1.0,1.498900966,1.790108696,1.0,sotap,1,low,,,espanol_uno_mas_adultos,adultos_ninguno_analfabeta,-500.0,0,0,0.0,10.02735341,2.279861825,9.70466314991279,EXCLUSION
2023-11,No Elegible,Vulnerabilidad Elevada,2.070141643,1.0,1.0,1.0,1.776038647,2.823478261,2.580217391,1.043888889,fupal,5,high,jefatura_masculina,no,espanol_ningun_adulto,adultos_ninguno_analfabeta,,0,0,6.702282231,32.85812825,3.116564434,38.71868920026256,EXCLUSION
2023-07,No Elegible,Vulnerabilidad Moderada,2.700708215,1.0,3.251728045,1.0,1.0,1.0,1.790108696,1.0,sotap,1,low,,,espanol_uno_mas_adultos,adultos_ninguno_analfabeta,,0,0,24.2379543,5.614422911,2.878161744,30.45170107462941,EXCLUSION
2024-02,Elegible,Vulnerabilidad Elevada,2.070141643,1.0,1.0,1.0,1.776038647,2.823478261,1.790108696,1.043888889,sotap,4,average,jefatura_masculina,no,espanol_uno_mas_adultos,adultos_ninguno_analfabeta,0.0,0,0,6.702282231,26.85846924,2.949114914,32.912105216863374,INCLUSION
2024-04,No Elegible por Duplicidad,Vulnerabilidad Baja,1.0,1.0,1.0,1.0,1.776038647,2.117608696,1.790108696,1.0,sotap,5,average,jefatura_masculina,no,espanol_uno_mas_adultos,adultos_ninguno_analfabeta,,0,0,0.0,21.88512181,2.610810239,21.18083670503239,EXCLUSION
2023-08,No Elegible,Vulnerabilidad Elevada,2.700708215,1.0,2.578385269,1.0,1.776038647,2.823478261,1.790108696,1.0,fupal,2,average,jefatura_masculina,si,espanol_uno_mas_adultos,adultos_ninguno_analfabeta,,0,0,20.97871872,26.18890898,3.355378326,46.99995856724294,EXCLUSION
2024-02,No Elegible,Vulnerabilidad Baja,1.0,1.0,1.0,1.0,1.776038647,2.823478261,1.0,1.0,sotap,1,low,,,espanol_uno_mas_adultos,adultos_ninguno_analfabeta,-500.0,0,0,0.0,17.78726377,2.496439678,17.21485183461763,EXCLUSION
2023-09,Lista de Reserva,Vulnerabilidad Elevada,2.700708215,1.0,3.251728045,1.0,1.776038647,2.823478261,1.790108696,1.043888889,sotap,3,complete,jefatura_femenina,si,espanol_uno_mas_adultos,adultos_ninguno_analfabeta,-500.0,0,0,24.2379543,26.85846924,3.471079669,51.01209274871586,EXCLUSION
2024-04,No Elegible,Vulnerabilidad Baja,1.0,1.0,1.0,1.0,1.0,1.0,1.0,1.0,sotap,3,low,jefatura_masculina,no,espanol_uno_mas_adultos,adultos_ninguno_analfabeta,,0,0,0.0,0.0,2.0,0.0,EXCLUSION
2024-04,Elegible,Vulnerabilidad Baja,1.0,1.0,1.0,1.0,1.776038647,1.0,2.580217391,1.043888889,sotap,1,low,,,espanol_uno_mas_adultos,adultos_ninguno_analfabeta,,0,0,0.0,17.15905947,2.478906597,16.60686377719593,INCLUSION
2024-06,No Elegible,Vulnerabilidad Baja,1.0,1.0,1.0,1.0,1.776038647,2.117608696,1.790108696,1.0,sotap,1,low,,,espanol_ningun_adulto,adultos_uno_mas_analfabeta,,0,0,0.0,21.88512181,2.610810239,21.18083670503239,EXCLUSION
2024-06,No Elegible,Vulnerabilidad Severa,2.070141643,2.051104816,2.578385269,1.0,1.776038647,2.117608696,2.580217391,1.043888889,sotap,3,average,jefatura_femenina,si,espanol_uno_mas_adultos,adultos_ninguno_analfabeta,0.0,0,0,27.51489601,28.09152966,3.60303525,55.58786902250935,EXCLUSION
2023-12,No Elegible,Vulnerabilidad Baja,1.0,1.0,1.0,1.0,1.776038647,1.498900966,1.790108696,1.0,pcr_cdmx,1,low,,,espanol_uno_mas_adultos,adultos_ninguno_analfabeta,,0,0,0.0,17.10850297,2.477495573,16.55793423592243,EXCLUSION
2024-04,No Elegible,Vulnerabilidad Moderada,2.700708215,1.0,1.0,1.0,1.776038647,2.117608696,1.790108696,1.0,sotap,1,low,,,espanol_ningun_adulto,adultos_uno_mas_analfabeta,,0,0,9.472088355,21.88512181,2.892755308,30.95774633538465,EXCLUSION
2024-02,Elegible,Vulnerabilidad Baja,1.0,1.0,1.0,1.0,1.0,2.117608696,1.790108696,1.0,sotap,2,average,jefatura_masculina,no,espanol_ningun_adulto,adultos_ninguno_analfabeta,,0,0,0.0,14.16503897,2.395343965,13.709193850906429,INCLUSION
2024-02,No Elegible,Vulnerabilidad Elevada,2.700708215,1.0,3.251728045,1.0,1.776038647,2.117608696,2.580217391,1.0,sotap,3,average,jefatura_masculina,no,espanol_uno_mas_adultos,adultos_ninguno_analfabeta,0.0,0,0,24.2379543,27.40879931,3.486439293,51.54471264673319,EXCLUSION
2023-07,No Elegible,Vulnerabilidad Elevada,2.700708215,1.0,2.578385269,1.0,1.776038647,1.498900966,1.790108696,1.0,sotap,2,average,jefatura_masculina,no,espanol_uno_mas_adultos,adultos_ninguno_analfabeta,0.0,0,0,20.97871872,17.10850297,3.101945651,38.21176910305076,EXCLUSION
2023-07,No Elegible,Vulnerabilidad Baja,1.0,1.525552408,1.0,1.0,1.0,1.0,1.0,1.0,sotap,4,average,jefatura_masculina,no,espanol_uno_mas_adultos,adultos_ninguno_analfabeta,0.0,0,0,3.741369748,0.0,2.111365173,3.861770767860388,EXCLUSION
2023-07,No Elegible,Vulnerabilidad Severa,2.700708215,1.0,3.251728045,1.0,1.776038647,2.823478261,2.580217391,1.0,sotap,2,complete,jefatura_femenina,si,espanol_uno_mas_adultos,adultos_ninguno_analfabeta,0.0,0,0,24.2379543,32.12448674,3.618053373,56.108644539548365,EXCLUSION
2024-06,No Elegible,Vulnerabilidad Moderada,1.0,1.0,1.0,1.0,1.776038647,2.823478261,1.790108696,1.0,sotap,1,low,,,espanol_ningun_adulto,adultos_ninguno_analfabeta,,0,0,0.0,26.18890898,2.730928248,25.34612370011462,EXCLUSION
2023-08,No Elegible,Vulnerabilidad Moderada,1.0,1.0,2.578385269,1.0,1.776038647,2.117608696,1.790108696,1.0,sotap,3,average,jefatura_masculina,no,espanol_uno_mas_adultos,adultos_ninguno_analfabeta,,0,0,8.975915299,21.88512181,2.877986279,30.44560593426951,EXCLUSION
2023-12,Elegible,Vulnerabilidad Baja,1.0,1.0,1.249197356,1.0,1.776038647,1.498900966,1.790108696,1.043888889,sotap,1,low,,,espanol_ningun_adulto,adultos_ninguno_analfabeta,0.0,0,0,1.921713018,17.68003002,2.550648286,19.09462463855864,INCLUSION
2024-05,Elegible,Vulnerabilidad Moderada,1.0,1.525552408,2.578385269,1.0,1.776038647,1.0,1.790108696,1.043888889,foten,2,average,jefatura_femenina,si,espanol_uno_mas_adultos,adultos_ninguno_analfabeta,,0,0,13.7168894,12.53066404,2.758024142,26.28572735831016,INCLUSION
2023-07,Lista de Reserva,Vulnerabilidad Baja,1.0,1.0,2.578385269,1.0,1.0,1.0,1.790108696,1.0,sotap,1,low,,,espanol_uno_mas_adultos,adultos_ninguno_analfabeta,0.0,0,0,8.975915299,5.614422911,2.423873683,14.69851439653823,EXCLUSION
2023-12,No Elegible por Intenciones,Vulnerabilidad Baja,1.0,1.0,2.578385269,1.0,1.0,1.498900966,1.0,1.0,sotap,1,low,,,espanol_uno_mas_adultos,adultos_ninguno_analfabeta,,0,0,8.975915299,3.815111519,2.373655191,12.95710664444418,EXCLUSION
2024-01,Elegible,Vulnerabilidad Moderada,2.070141643,1.0,1.0,1.0,1.776038647,1.0,1.790108696,1.738466184,fupal,1,low,,,espanol_uno_mas_adultos,adultos_ninguno_analfabeta,-500.0,0,0,6.702282231,19.10762501,2.732790095,25.410690905029,INCLUSION
2023-08,Lista de Reserva,Vulnerabilidad Baja,1.0,1.525552408,2.578385269,1.0,1.0,1.0,1.790108696,1.0,sotap,1,low,,,espanol_uno_mas_adultos,adultos_ninguno_analfabeta,-500.0,0,0,13.7168894,5.614422911,2.564992962,19.59205778508251,EXCLUSION
2024-01,Lista de Reserva,Vulnerabilidad Elevada,2.700708215,1.0,1.0,1.0,1.776038647,2.823478261,1.790108696,1.0,sotap,4,average,jefatura_masculina,no,espanol_uno_mas_adultos,adultos_ninguno_analfabeta,,0,0,9.472088355,26.18890898,3.012873318,35.123033330466875,EXCLUSION
2023-10,Elegible,Vulnerabilidad Moderada,1.0,1.0,2.578385269,1.0,1.776038647,1.498900966,1.790108696,1.0,foten,1,low,,,espanol_uno_mas_adultos,adultos_ninguno_analfabeta,0.0,0,0,8.975915299,17.10850297,2.744671614,25.82270346515955,INCLUSION
2024-03,Elegible,Vulnerabilidad Elevada,2.700708215,1.0,3.251728045,1.0,1.776038647,2.117608696,1.790108696,1.043888889,pcr_cdmx,6,average,jefatura_femenina,no,espanol_uno_mas_adultos,adultos_ninguno_analfabeta,,0,0,24.2379543,22.50821784,3.34966485,46.80183678901926,INCLUSION
2024-02,No Elegible,Vulnerabilidad Moderada,1.0,1.0,1.0,1.0,1.776038647,2.823478261,2.580217391,1.0,sotap,1,low,,,espanol_ningun_adulto,adultos_uno_mas_analfabeta,0.0,0,0,0.0,32.12448674,2.896589272,31.09068863222006,EXCLUSION
2024-04,Lista de Reserva,Vulnerabilidad Elevada,1.0,2.051104816,1.0,1.0,1.776038647,2.117608696,2.580217391,1.043888889,sotap,1,low,,,espanol_uno_mas_adultos,adultos_uno_mas_analfabeta,,0,0,6.609317356,28.09152966,2.980762251,34.00952794184498,EXCLUSION
2024-04,No Elegible por Intenciones,Vulnerabilidad Moderada,1.0,1.0,1.0,1.0,1.776038647,2.823478261,1.790108696,1.0,sotap,3,low,jefatura_femenina,no,espanol_uno_mas_adultos,adultos_ninguno_analfabeta,0.0,-500,0,0.0,26.18890898,2.730928248,25.34612370011462,EXCLUSION
2023-08,Lista de Reserva,Vulnerabilidad Baja,1.0,1.0,1.0,1.0,1.0,1.0,1.0,1.0,sotap,1,low,,,espanol_uno_mas_adultos,adultos_ninguno_analfabeta,,0,0,0.0,0.0,2.0,0.0,EXCLUSION
2024-06,Lista de Reserva,Vulnerabilidad Moderada,2.700708215,1.0,1.0,1.0,1.0,1.0,1.790108696,2.544987923,sotap,4,average,jefatura_masculina,no,espanol_uno_mas_adultos,adultos_ninguno_analfabeta,0.0,0,0,9.472088355,16.51639539,2.742915015,25.761790900306664,EXCLUSION
2024-02,No Elegible,Vulnerabilidad Moderada,1.0,1.0,1.0,1.0,1.776038647,2.823478261,1.790108696,1.0,sotap,1,low,,,espanol_ningun_adulto,adultos_ninguno_analfabeta,0.0,0,0,0.0,26.18890898,2.730928248,25.34612370011462,EXCLUSION
2024-06,No Elegible,Vulnerabilidad Moderada,1.0,2.051104816,1.0,1.0,1.776038647,2.117608696,1.790108696,1.0,sotap,1,low,,,espanol_uno_mas_adultos,adultos_ninguno_analfabeta,,0,0,6.609317356,21.88512181,2.807542403,28.002848502865827,EXCLUSION
2024-02,Elegible,Vulnerabilidad Elevada,2.700708215,1.0,1.0,1.0,1.776038647,2.823478261,2.580217391,1.0,foten,3,average,jefatura_femenina,si,espanol_uno_mas_adultos,adultos_ninguno_analfabeta,0.0,0,-500,9.472088355,32.12448674,3.178534341,40.86759826257232,INCLUSION
2024-05,No Elegible por Intenciones,Vulnerabilidad Baja,1.0,1.525552408,1.0,1.0,1.776038647,1.498900966,1.790108696,1.0,sotap,1,low,,,espanol_uno_mas_adultos,adultos_ninguno_analfabeta,,0,0,3.741369748,17.10850297,2.588860746,20.41970500378282,EXCLUSION
2024-05,Elegible,Vulnerabilidad Elevada,1.0,2.051104816,2.578385269,1.564135978,1.776038647,2.823478261,1.790108696,1.0,sotap,2,complete,jefatura_femenina,si,espanol_uno_mas_adultos,adultos_ninguno_analfabeta,,0,0,23.37941737,26.18890898,3.42683724,49.4779141004986,INCLUSION
2024-06,Lista de Reserva,Vulnerabilidad Elevada,1.0,1.0,1.0,1.0,1.776038647,2.823478261,2.580217391,1.043888889,foten,3,average,jefatura_masculina,no,espanol_uno_mas_adultos,adultos_ninguno_analfabeta,0.0,0,0,0.0,32.85812825,2.917065088,31.80072082478675,EXCLUSION
2024-01,Elegible,Vulnerabilidad Baja,1.0,1.0,1.0,1.0,1.0,1.0,1.0,1.0,pcr_cdmx,1,low,,,espanol_uno_mas_adultos,adultos_ninguno_analfabeta,,0,-500,0.0,0.0,2.0,0.0,INCLUSION
2023-11,Elegible,Vulnerabilidad Elevada,2.700708215,1.0,2.578385269,1.0,1.776038647,2.823478261,1.790108696,1.0,sotap,1,low,,,espanol_uno_mas_adultos,adultos_ninguno_analfabeta,0.0,0,0,20.97871872,26.18890898,3.355378326,46.99995856724294,INCLUSION
2024-06,No Elegible,Vulnerabilidad Baja,1.0,1.0,1.0,1.0,1.0,1.498900966,1.0,1.0,sotap,1,low,,,espanol_uno_mas_adultos,adultos_ninguno_analfabeta,,0,0,0.0,3.815111519,2.10647915,3.692337415207061,EXCLUSION
2023-10,Lista de Reserva,Vulnerabilidad Baja,1.0,1.0,2.578385269,1.0,1.0,1.0,1.0,1.0,sotap,1,low,,,espanol_uno_mas_adultos,adultos_ninguno_analfabeta,0.0,0,0,8.975915299,0.0,2.267176041,9.26476922923712,EXCLUSION
2024-01,Elegible,Vulnerabilidad Moderada,1.0,1.0,2.578385269,1.0,1.776038647,2.117608696,1.790108696,1.043888889,sotap,4,average,jefatura_masculina,no,espanol_uno_mas_adultos,adultos_ninguno_analfabeta,0.0,0,0,8.975915299,22.50821784,2.89537679,31.04865011092808,INCLUSION
2023-12,Elegible,Vulnerabilidad Elevada,1.0,1.0,3.251728045,1.0,1.776038647,2.823478261,2.580217391,1.043888889,foten,1,low,,,espanol_uno_mas_adultos,adultos_ninguno_analfabeta,0.0,0,0,11.51832969,32.85812825,3.259918337,43.68972188254064,INCLUSION
2024-05,Elegible,Vulnerabilidad Moderada,1.0,2.051104816,2.578385269,1.0,1.776038647,1.0,1.790108696,1.0,sotap,4,average,jefatura_femenina,no,espanol_uno_mas_adultos,adultos_ninguno_analfabeta,0.0,0,0,17.3510839,12.01413641,2.851782945,29.536968617175688,INCLUSION
2023-07,No Elegible,Vulnerabilidad Moderada,1.0,1.0,2.578385269,1.0,1.776038647,2.117608696,1.790108696,1.0,sotap,5,high,jefatura_masculina,no,espanol_uno_mas_adultos,adultos_ninguno_analfabeta,,0,0,8.975915299,21.88512181,2.877986279,30.44560593426951,EXCLUSION
2024-02,Elegible,Vulnerabilidad Baja,1.0,1.0,1.0,1.0,1.776038647,2.117608696,1.790108696,1.0,sotap,1,low,,,espanol_uno_mas_adultos,adultos_ninguno_analfabeta,,-500,0,0.0,21.88512181,2.610810239,21.18083670503239,INCLUSION
2023-07,No Elegible,Vulnerabilidad Moderada,2.070141643,1.0,2.578385269,1.0,1.776038647,1.0,1.790108696,1.0,sotap,1,low,,,espanol_uno_mas_adultos,adultos_ninguno_analfabeta,0.0,0,0,17.46888676,12.01413641,2.855289452,29.658562491013356,EXCLUSION
2024-04,Lista de Reserva,Vulnerabilidad Elevada,1.0,1.0,1.0,1.0,1.776038647,2.823478261,2.580217391,1.043888889,sotap,3,average,jefatura_masculina,no,espanol_uno_mas_adultos,adultos_ninguno_analfabeta,0.0,0,0,0.0,32.85812825,2.917065088,31.80072082478675,EXCLUSION
2024-01,Lista de Reserva,Vulnerabilidad Baja,1.0,1.0,1.0,1.0,1.776038647,2.117608696,1.790108696,1.0,futij,1,low,,,espanol_uno_mas_adultos,adultos_ninguno_analfabeta,,0,0,0.0,21.88512181,2.610810239,21.18083670503239,EXCLUSION
2023-09,No Elegible,Vulnerabilidad Baja,1.0,1.0,1.0,1.0,1.0,1.498900966,1.0,1.0,sotap,1,low,,,espanol_uno_mas_adultos,adultos_ninguno_analfabeta,,0,0,0.0,3.815111519,2.10647915,3.692337415207061,EXCLUSION
2023-07,No Elegible,Vulnerabilidad Baja,1.0,1.0,1.0,1.0,1.776038647,1.0,1.790108696,1.0,fomon,1,low,,,espanol_uno_mas_adultos,adultos_ninguno_analfabeta,,0,0,0.0,12.01413641,2.33531262,11.62750948618979,EXCLUSION
2024-03,Elegible,Vulnerabilidad Moderada,1.0,1.525552408,1.0,1.0,1.776038647,2.823478261,1.790108696,1.0,sotap,1,low,,,espanol_uno_mas_adultos,adultos_ninguno_analfabeta,,0,0,3.741369748,26.18890898,2.842293421,29.20789446797501,INCLUSION
2024-02,Lista de Reserva,Vulnerabilidad Elevada,2.700708215,1.0,3.251728045,1.0,1.776038647,2.117608696,1.790108696,1.0,sotap,4,average,jefatura_femenina,no,espanol_uno_mas_adultos,adultos_ninguno_analfabeta,0.0,0,0,24.2379543,21.88512181,3.33227434,46.19879261236069,EXCLUSION
2023-07,No Elegible,Vulnerabilidad Baja,1.0,1.525552408,1.0,1.0,1.0,1.0,1.790108696,1.043888889,fupal,2,average,jefatura_masculina,no,espanol_uno_mas_adultos,adultos_ninguno_analfabeta,,0,0,3.741369748,6.061858428,2.280550669,9.72855252978892,EXCLUSION
2024-05,No Elegible,Vulnerabilidad Baja,1.0,1.0,1.0,1.0,1.776038647,2.117608696,1.790108696,1.0,sotap,2,low,jefatura_femenina,no,espanol_uno_mas_adultos,adultos_ninguno_analfabeta,0.0,0,0,0.0,21.88512181,2.610810239,21.18083670503239,EXCLUSION
2024-05,No Elegible,Vulnerabilidad Baja,1.0,1.525552408,1.0,1.0,1.776038647,2.823478261,1.0,1.0,sotap,1,low,,,espanol_uno_mas_adultos,adultos_ninguno_analfabeta,,0,0,3.741369748,17.78726377,2.607804851,21.076622602478015,EXCLUSION
2023-08,No Elegible,Vulnerabilidad Baja,1.0,1.0,2.578385269,1.0,1.0,1.498900966,1.790108696,1.043888889,sotap,3,average,jefatura_masculina,no,espanol_uno_mas_adultos,adultos_ninguno_analfabeta,0.0,0,0,8.975915299,10.52243148,2.560855415,19.44857834177924,EXCLUSION
2024-06,Lista de Reserva,Vulnerabilidad Baja,1.0,1.0,1.0,1.0,1.776038647,2.117608696,1.790108696,1.0,pcr_cdmx,1,low,,,espanol_uno_mas_adultos,adultos_ninguno_analfabeta,0.0,0,0,0.0,21.88512181,2.610810239,21.18083670503239,EXCLUSION
2023-10,Elegible,Vulnerabilidad Elevada,2.070141643,2.051104816,1.0,1.0,1.776038647,2.117608696,1.790108696,1.0,foten,1,low,,,espanol_uno_mas_adultos,adultos_uno_mas_analfabeta,0.0,0,0,14.63015408,21.88512181,3.046289687,36.28180377348088,INCLUSION
2023-10,No Elegible,Vulnerabilidad Elevada,2.070141643,1.0,2.578385269,1.0,1.776038647,2.823478261,1.790108696,1.0,sotap,4,average,jefatura_femenina,si,espanol_ningun_adulto,adultos_uno_mas_analfabeta,,0,0,17.46888676,26.18890898,3.25090508,43.37717670493818,EXCLUSION
2023-08,No Elegible,Vulnerabilidad Baja,1.0,1.0,1.0,1.0,1.0,1.498900966,1.0,1.0,sotap,2,low,jefatura_masculina,no,espanol_uno_mas_adultos,adultos_ninguno_analfabeta,0.0,0,0,0.0,3.815111519,2.10647915,3.692337415207061,EXCLUSION
2023-06,No Elegible,Vulnerabilidad Baja,1.0,1.0,1.0,1.0,1.0,1.0,1.790108696,1.0,sotap,1,low,,,espanol_uno_mas_adultos,adultos_ninguno_analfabeta,0.0,0,0,0.0,5.614422911,2.156697643,5.433745167301109,EXCLUSION
2023-09,Lista de Reserva,Vulnerabilidad Baja,1.0,2.051104816,1.0,1.0,1.0,1.0,1.790108696,1.0,sotap,1,low,,,espanol_uno_mas_adultos,adultos_ninguno_analfabeta,0.0,0,0,6.609317356,5.614422911,2.353429807,12.255756965134545,EXCLUSION
2024-03,No Elegible,Vulnerabilidad Elevada,1.0,2.051104816,1.0,1.0,1.776038647,2.823478261,2.580217391,1.0,sotap,4,average,jefatura_masculina,no,espanol_uno_mas_adultos,adultos_ninguno_analfabeta,,0,0,6.609317356,32.12448674,3.093321436,37.9127004300535,EXCLUSION
2024-04,Lista de Reserva,Vulnerabilidad Severa,2.700708215,1.0,3.251728045,1.0,1.776038647,2.823478261,2.580217391,2.544987923,fupal,4,average,jefatura_femenina,si,espanol_uno_mas_adultos,adultos_uno_mas_analfabeta,,0,0,24.2379543,50.0,4.11695608,73.40890590732829,EXCLUSION
2023-07,No Elegible,Vulnerabilidad Moderada,2.070141643,1.0,3.251728045,1.0,1.776038647,1.498900966,1.0,1.0,sotap,3,low,jefatura_masculina,no,espanol_ningun_adulto,adultos_ninguno_analfabeta,,0,0,20.51851115,9.93697889,2.88809108,30.79601432965906,EXCLUSION
2023-09,Elegible,Vulnerabilidad Moderada,1.0,1.0,2.578385269,1.0,1.776038647,2.117608696,1.790108696,1.0,foten,3,average,jefatura_masculina,no,espanol_ningun_adulto,adultos_uno_mas_analfabeta,,0,0,8.975915299,21.88512181,2.877986279,30.44560593426951,INCLUSION
2024-01,No Elegible,Vulnerabilidad Moderada,1.0,1.0,1.0,1.0,1.776038647,2.823478261,2.580217391,1.0,sotap,3,low,jefatura_femenina,no,espanol_uno_mas_adultos,adultos_ninguno_analfabeta,0.0,0,0,0.0,32.12448674,2.896589272,31.09068863222006,EXCLUSION
2023-09,No Elegible,Vulnerabilidad Baja,1.599560907,1.0,1.249197356,1.0,1.0,1.498900966,1.790108696,1.043888889,foten,1,low,,,espanol_uno_mas_adultos,adultos_ninguno_analfabeta,0.0,0,0,6.347353616,10.52243148,2.482613957,16.735426915258614,EXCLUSION
2024-04,Elegible,Vulnerabilidad Severa,2.070141643,1.0,2.578385269,1.0,1.776038647,2.823478261,2.580217391,2.544987923,sotap,1,low,,,espanol_uno_mas_adultos,adultos_uno_mas_analfabeta,0.0,0,0,17.46888676,50.0,3.915468811,66.42200300482355,INCLUSION
2024-01,Lista de Reserva,Vulnerabilidad Elevada,2.070141643,1.0,1.0,1.0,1.776038647,1.498900966,2.580217391,2.544987923,sotap,1,low,,,espanol_ningun_adulto,adultos_uno_mas_analfabeta,0.0,0,0,6.702282231,37.43330939,3.244257006,43.14663643599621,EXCLUSION
2023-08,No Elegible por Intenciones,Vulnerabilidad Moderada,2.070141643,1.0,1.0,1.0,1.776038647,1.498900966,2.580217391,1.043888889,sotap,3,average,jefatura_femenina,no,espanol_uno_mas_adultos,adultos_ninguno_analfabeta,,0,0,6.702282231,22.80125306,2.835878661,28.985454310751948,EXCLUSION
2024-01,No Elegible,Vulnerabilidad Baja,1.0,1.0,1.0,1.0,1.776038647,1.0,1.790108696,1.0,sotap,2,average,jefatura_femenina,si,espanol_uno_mas_adultos,adultos_ninguno_analfabeta,-500.0,0,0,0.0,12.01413641,2.33531262,11.62750948618979,EXCLUSION
2023-11,Lista de Reserva,Vulnerabilidad Elevada,2.700708215,2.051104816,2.578385269,1.0,1.776038647,1.0,1.790108696,1.0,sotap,4,average,jefatura_femenina,no,espanol_uno_mas_adultos,adultos_ninguno_analfabeta,0.0,0,0,31.71522481,12.01413641,3.279344277,44.363361945800406,EXCLUSION
2024-03,No Elegible,Vulnerabilidad Baja,2.700708215,1.0,1.249197356,1.0,1.0,1.498900966,1.0,1.0,sotap,4,average,jefatura_femenina,si,espanol_uno_mas_adultos,adultos_ninguno_analfabeta,,0,0,11.93561888,3.815111519,2.46175338,16.012056446384342,EXCLUSION
2023-06,No Elegible,Vulnerabilidad Moderada,1.0,1.0,1.0,1.0,1.776038647,2.823478261,1.790108696,1.0,sotap,4,average,jefatura_femenina,no,espanol_uno_mas_adultos,adultos_ninguno_analfabeta,0.0,0,0,0.0,26.18890898,2.730928248,25.34612370011462,EXCLUSION
2024-02,No Elegible,Vulnerabilidad Baja,1.0,1.0,1.0,1.0,1.0,1.0,1.790108696,1.0,sotap,1,low,,,espanol_uno_mas_adultos,adultos_ninguno_analfabeta,0.0,0,0,0.0,5.614422911,2.156697643,5.433745167301109,EXCLUSION
2024-04,No Elegible,Vulnerabilidad Baja,1.0,1.0,2.578385269,1.0,1.0,1.0,1.790108696,1.0,sotap,1,low,,,espanol_uno_mas_adultos,adultos_ninguno_analfabeta,0.0,0,0,8.975915299,5.614422911,2.423873683,14.69851439653823,EXCLUSION
2023-11,No Elegible,Vulnerabilidad Baja,1.0,1.0,1.0,1.0,1.776038647,2.117608696,1.790108696,1.0,foten,2,average,jefatura_masculina,no,espanol_uno_mas_adultos,adultos_ninguno_analfabeta,0.0,0,0,0.0,21.88512181,2.610810239,21.18083670503239,EXCLUSION
2024-02,No Elegible,Vulnerabilidad Elevada,2.700708215,1.0,3.251728045,1.0,1.776038647,1.498900966,1.790108696,1.0,sotap,4,average,jefatura_masculina,no,espanol_ningun_adulto,adultos_ninguno_analfabeta,0.0,-500,0,24.2379543,17.10850297,3.198959675,41.57589014325073,EXCLUSION
2024-06,Lista de Reserva,Vulnerabilidad Baja,1.0,1.0,1.0,1.0,1.776038647,2.117608696,1.790108696,1.0,sotap,2,low,jefatura_masculina,no,espanol_uno_mas_adultos,adultos_ninguno_analfabeta,0.0,0,0,0.0,21.88512181,2.610810239,21.18083670503239,EXCLUSION
2023-10,No Elegible,Vulnerabilidad Moderada,2.070141643,1.0,1.0,1.0,1.776038647,1.498900966,2.580217391,1.043888889,sotap,4,average,jefatura_masculina,no,espanol_uno_mas_adultos,adultos_ninguno_analfabeta,0.0,0,0,6.702282231,22.80125306,2.835878661,28.985454310751948,EXCLUSION
2023-07,No Elegible,Vulnerabilidad Elevada,1.599560907,1.0,1.0,1.0,1.776038647,2.823478261,2.580217391,1.043888889,sotap,2,average,jefatura_femenina,si,espanol_uno_mas_adultos,adultos_ninguno_analfabeta,-500.0,0,0,4.186184624,32.85812825,3.041670568,36.1216210561717,EXCLUSION
2023-08,No Elegible,Vulnerabilidad Elevada,2.700708215,2.051104816,1.0,1.0,1.776038647,2.823478261,1.790108696,1.0,sotap,4,average,jefatura_femenina,no,espanol_uno_mas_adultos,adultos_ninguno_analfabeta,0.0,0,0,17.94487015,26.18890898,3.265073146,43.868477716411775,EXCLUSION
2024-02,Lista de Reserva,Vulnerabilidad Elevada,2.700708215,1.0,3.251728045,1.0,1.776038647,2.117608696,1.790108696,1.0,foten,4,average,jefatura_femenina,no,espanol_uno_mas_adultos,adultos_ninguno_analfabeta,,0,0,24.2379543,21.88512181,3.33227434,46.19879261236069,EXCLUSION
2024-02,Lista de Reserva,Vulnerabilidad Elevada,2.700708215,1.525552408,1.249197356,1.0,1.776038647,2.823478261,1.790108696,1.0,sotap,4,average,jefatura_femenina,no,espanol_uno_mas_adultos,adultos_ninguno_analfabeta,0.0,0,0,17.00620089,26.18890898,3.237132827,42.89960114095571,EXCLUSION
2024-04,No Elegible,Vulnerabilidad Moderada,2.700708215,1.0,2.578385269,1.0,1.0,1.0,1.790108696,1.0,sotap,1,low,,,espanol_uno_mas_adultos,adultos_ninguno_analfabeta,,0,0,20.97871872,5.614422911,2.78114772,27.08758003442943,EXCLUSION
2024-03,No Elegible,Vulnerabilidad Baja,1.0,1.0,1.0,1.0,1.0,1.0,1.790108696,1.0,sotap,1,low,,,espanol_uno_mas_adultos,adultos_ninguno_analfabeta,-500.0,0,0,0.0,5.614422911,2.156697643,5.433745167301109,EXCLUSION
2023-06,No Elegible,Vulnerabilidad Elevada,1.0,1.0,2.578385269,1.0,1.776038647,2.117608696,2.580217391,1.043888889,sotap,1,low,,,espanol_uno_mas_adultos,adultos_ninguno_analfabeta,,0,0,8.975915299,28.09152966,3.051206127,36.45228537324866,EXCLUSION
2024-01,Elegible,Vulnerabilidad Moderada,1.0,1.0,1.0,1.0,1.776038647,2.823478261,2.580217391,1.0,sotap,3,low,jefatura_masculina,no,espanol_uno_mas_adultos,adultos_ninguno_analfabeta,,0,0,0.0,32.12448674,2.896589272,31.09068863222006,INCLUSION
2023-11,No Elegible,Vulnerabilidad Elevada,1.0,1.525552408,2.578385269,1.0,1.776038647,2.117608696,2.580217391,1.043888889,sotap,4,average,jefatura_femenina,si,espanol_uno_mas_adultos,adultos_ninguno_analfabeta,0.0,0,0,13.7168894,28.09152966,3.192325406,41.34582876179294,EXCLUSION
2023-07,Elegible,Vulnerabilidad Elevada,1.0,1.0,2.578385269,1.0,1.776038647,2.823478261,2.580217391,1.043888889,fupal,1,low,,,espanol_uno_mas_adultos,adultos_ninguno_analfabeta,,0,0,8.975915299,32.85812825,3.184241129,41.06549005402387,INCLUSION
2023-10,No Elegible por Intenciones,Vulnerabilidad Elevada,2.070141643,1.0,3.251728045,1.0,1.776038647,2.117608696,2.580217391,1.043888889,sotap,2,average,jefatura_femenina,si,espanol_uno_mas_adultos,adultos_ninguno_analfabeta,0.0,0,0,20.51851115,28.09152966,3.39478168,48.36633350132969,EXCLUSION
2024-02,Lista de Reserva,Vulnerabilidad Baja,1.0,1.525552408,1.0,1.0,1.0,2.823478261,1.0,1.0,sotap,2,low,jefatura_masculina,no,espanol_uno_mas_adultos,adultos_ninguno_analfabeta,0.0,0,0,3.741369748,10.61532135,2.407637089,14.13548046149604,EXCLUSION
2023-07,Lista de Reserva,Vulnerabilidad Baja,1.0,1.0,2.578385269,1.0,1.0,2.117608696,1.790108696,1.0,sotap,2,low,jefatura_femenina,no,espanol_uno_mas_adultos,adultos_ninguno_analfabeta,-500.0,0,0,8.975915299,14.16503897,2.662520006,22.973963080143548,EXCLUSION
2024-04,No Elegible,Vulnerabilidad Baja,1.0,1.0,1.0,1.0,1.0,1.0,1.0,1.0,sotap,1,low,,,espanol_uno_mas_adultos,adultos_ninguno_analfabeta,0.0,0,0,0.0,0.0,2.0,0.0,EXCLUSION
2024-02,Elegible,Vulnerabilidad Moderada,1.0,2.051104816,1.0,1.0,1.776038647,2.117608696,1.790108696,1.0,sotap,1,low,,,espanol_ningun_adulto,adultos_ninguno_analfabeta,0.0,0,0,6.609317356,21.88512181,2.807542403,28.002848502865827,INCLUSION
2023-09,Lista de Reserva,Vulnerabilidad Baja,1.0,1.0,1.0,1.0,1.0,2.117608696,1.0,1.0,foten,1,low,,,espanol_uno_mas_adultos,adultos_ninguno_analfabeta,,0,0,0.0,7.392265486,2.206316944,7.154374990395034,EXCLUSION
2024-06,No Elegible,Vulnerabilidad Moderada,1.0,1.0,1.0,1.0,1.776038647,2.823478261,2.580217391,1.0,foten,2,low,jefatura_masculina,no,espanol_ningun_adulto,adultos_ninguno_analfabeta,,0,0,0.0,32.12448674,2.896589272,31.09068863222006,EXCLUSION
2024-04,Elegible,Vulnerabilidad Moderada,1.0,1.0,1.0,1.0,1.776038647,2.117608696,2.580217391,1.043888889,fupal,1,low,,,espanol_uno_mas_adultos,adultos_ninguno_analfabeta,,0,0,0.0,28.09152966,2.784030087,27.18751614401154,INCLUSION
2023-10,No Elegible,Vulnerabilidad Moderada,1.0,1.0,1.0,1.0,1.776038647,2.823478261,1.790108696,1.0,fupal,1,low,,,espanol_uno_mas_adultos,adultos_ninguno_analfabeta,,0,0,0.0,26.18890898,2.730928248,25.34612370011462,EXCLUSION
2023-08,Lista de Reserva,Vulnerabilidad Baja,2.070141643,1.0,1.0,1.0,1.776038647,1.498900966,1.790108696,1.043888889,sotap,1,low,,,espanol_uno_mas_adultos,adultos_ninguno_analfabeta,,0,0,6.702282231,17.68003002,2.692946147,24.029037349402188,EXCLUSION
2023-07,No Elegible,Vulnerabilidad Severa,2.700708215,1.0,3.251728045,1.0,1.776038647,2.823478261,2.580217391,1.0,sotap,3,complete,jefatura_femenina,si,espanol_uno_mas_adultos,adultos_ninguno_analfabeta,0.0,0,0,24.2379543,32.12448674,3.618053373,56.108644539548365,EXCLUSION
2023-12,Elegible,Vulnerabilidad Moderada,1.0,1.0,1.0,1.0,1.776038647,2.823478261,2.580217391,1.0,sotap,1,low,,,espanol_ningun_adulto,adultos_ninguno_analfabeta,-500.0,0,0,0.0,32.12448674,2.896589272,31.09068863222006,INCLUSION
2024-02,No Elegible,Vulnerabilidad Moderada,1.599560907,1.0,2.578385269,1.0,1.0,1.498900966,1.790108696,1.043888889,foten,1,low,,,espanol_uno_mas_adultos,adultos_ninguno_analfabeta,,0,0,14.28054816,10.52243148,2.718752494,24.92391959287908,EXCLUSION
2023-09,Elegible,Vulnerabilidad Moderada,1.0,2.051104816,1.0,1.0,1.776038647,2.117608696,1.790108696,1.0,sotap,1,low,,,espanol_uno_mas_adultos,adultos_ninguno_analfabeta,0.0,0,0,6.609317356,21.88512181,2.807542403,28.002848502865827,INCLUSION
2023-07,No Elegible,Vulnerabilidad Baja,1.0,1.0,1.0,1.0,1.0,1.498900966,1.0,1.0,foten,1,low,,,espanol_uno_mas_adultos,adultos_ninguno_analfabeta,0.0,0,0,0.0,3.815111519,2.10647915,3.692337415207061,EXCLUSION
2023-09,No Elegible,Vulnerabilidad Elevada,2.070141643,1.0,2.578385269,1.0,1.776038647,1.498900966,1.790108696,1.043888889,foten,2,average,jefatura_femenina,si,espanol_uno_mas_adultos,adultos_ninguno_analfabeta,,0,0,17.46888676,17.68003002,3.013423633,35.14212197874994,EXCLUSION
2024-06,Lista de Reserva,Vulnerabilidad Baja,1.0,1.0,1.0,1.0,1.0,2.117608696,1.0,1.0,sotap,1,low,,,espanol_ningun_adulto,adultos_uno_mas_analfabeta,,0,0,0.0,7.392265486,2.206316944,7.154374990395034,EXCLUSION
2023-07,Lista de Reserva,Vulnerabilidad Severa,2.700708215,2.051104816,3.251728045,1.0,1.776038647,2.823478261,2.580217391,1.0,,2,average,jefatura_femenina,si,espanol_uno_mas_adultos,adultos_ninguno_analfabeta,,0,0,35.61565687,32.12448674,3.956720731,67.85249295595354,EXCLUSION
2023-12,Lista de Reserva,Vulnerabilidad Baja,1.0,1.0,1.0,1.0,1.0,1.0,1.790108696,1.0,sotap,1,low,,,espanol_uno_mas_adultos,adultos_ninguno_analfabeta,,0,0,0.0,5.614422911,2.156697643,5.433745167301109,EXCLUSION
2024-03,No Elegible,Vulnerabilidad Baja,1.0,1.0,1.0,1.0,1.0,1.0,2.580217391,1.0,sotap,3,low,jefatura_masculina,no,espanol_uno_mas_adultos,adultos_ninguno_analfabeta,0.0,0,0,0.0,9.580889352,2.267401085,9.272566751763287,EXCLUSION
2023-09,Elegible,Vulnerabilidad Severa,2.070141643,1.0,2.578385269,1.0,1.776038647,2.823478261,2.580217391,2.544987923,,1,low,,,espanol_uno_mas_adultos,adultos_uno_mas_analfabeta,,0,0,17.46888676,50.0,3.915468811,66.42200300482355,INCLUSION
2024-03,No Elegible,Vulnerabilidad Baja,1.0,1.0,2.578385269,1.0,1.0,1.0,1.0,1.043888889,sotap,3,low,jefatura_femenina,si,espanol_uno_mas_adultos,adultos_ninguno_analfabeta,-500.0,0,0,8.975915299,0.386821499,2.277972167,9.6391424255778,EXCLUSION
2024-01,No Elegible,Vulnerabilidad Baja,1.0,1.0,1.0,1.0,1.0,1.498900966,1.0,1.0,foten,4,average,jefatura_masculina,no,espanol_uno_mas_adultos,adultos_ninguno_analfabeta,,0,0,0.0,3.815111519,2.10647915,3.692337415207061,EXCLUSION
2023-07,Lista de Reserva,Vulnerabilidad Severa,2.700708215,2.051104816,2.578385269,1.564135978,1.0,2.117608696,1.0,2.544987923,sotap,2,complete,jefatura_femenina,si,espanol_uno_mas_adultos,adultos_ninguno_analfabeta,,0,0,39.44321718,18.76190405,3.697703903,58.87066656783652,EXCLUSION
2023-10,No Elegible,Vulnerabilidad Baja,1.0,1.0,1.0,1.564135978,1.0,1.0,1.0,1.043888889,sotap,3,low,jefatura_femenina,no,espanol_uno_mas_adultos,adultos_ninguno_analfabeta,0.0,0,0,3.975239986,0.386821499,2.129122653,4.477540380330147,EXCLUSION
2024-01,Elegible,Vulnerabilidad Moderada,1.0,2.051104816,1.0,1.0,1.776038647,2.117608696,1.790108696,1.0,sotap,1,low,,,espanol_uno_mas_adultos,adultos_ninguno_analfabeta,,0,0,6.609317356,21.88512181,2.807542403,28.002848502865827,INCLUSION
2024-01,Elegible por Proceso Acelerado,Vulnerabilidad Elevada,1.0,1.0,1.0,1.0,1.776038647,2.823478261,2.580217391,1.043888889,foten,3,average,jefatura_masculina,no,espanol_uno_mas_adultos,adultos_ninguno_analfabeta,,0,0,0.0,32.85812825,2.917065088,31.80072082478675,INCLUSION
2024-05,No Elegible,Vulnerabilidad Baja,1.0,1.0,1.0,1.0,1.776038647,1.0,1.790108696,1.0,sotap,3,low,jefatura_masculina,no,espanol_uno_mas_adultos,adultos_ninguno_analfabeta,-500.0,0,0,0.0,12.01413641,2.33531262,11.62750948618979,EXCLUSION
2023-07,No Elegible,Vulnerabilidad Baja,2.700708215,1.0,1.0,1.0,1.0,1.0,1.790108696,1.0,sotap,1,low,,,espanol_uno_mas_adultos,adultos_ninguno_analfabeta,0.0,0,-500,9.472088355,5.614422911,2.438642712,15.210654797653364,EXCLUSION
2023-06,No Elegible,Vulnerabilidad Baja,1.0,1.0,1.0,1.0,1.0,2.117608696,1.0,1.0,foten,1,low,,,espanol_uno_mas_adultos,adultos_ninguno_analfabeta,,-500,0,0.0,7.392265486,2.206316944,7.154374990395034,EXCLUSION
2023-06,Lista de Reserva,Vulnerabilidad Baja,1.0,1.0,1.0,1.0,1.0,2.117608696,1.790108696,1.0,sotap,1,low,,,espanol_uno_mas_adultos,adultos_ninguno_analfabeta,-500.0,0,0,0.0,14.16503897,2.395343965,13.709193850906429,EXCLUSION
2023-10,Lista de Reserva,Vulnerabilidad Elevada,1.0,1.525552408,2.578385269,1.0,1.776038647,2.823478261,1.790108696,1.0,sotap,1,low,,,espanol_uno_mas_adultos,adultos_uno_mas_analfabeta,,0,0,13.7168894,26.18890898,3.139223567,39.50443631789602,EXCLUSION
2023-09,No Elegible,Vulnerabilidad Baja,1.0,1.0,2.578385269,1.0,1.0,1.0,1.0,1.0,sotap,1,low,,,espanol_uno_mas_adultos,adultos_ninguno_analfabeta,0.0,0,0,8.975915299,0.0,2.267176041,9.26476922923712,EXCLUSION
2023-12,No Elegible,Vulnerabilidad Baja,1.0,1.0,1.0,1.0,1.0,1.498900966,1.0,1.0,sotap,1,low,,,espanol_uno_mas_adultos,adultos_ninguno_analfabeta,,0,0,0.0,3.815111519,2.10647915,3.692337415207061,EXCLUSION
2023-07,No Elegible,Vulnerabilidad Elevada,2.070141643,1.0,1.0,1.0,1.776038647,2.823478261,2.580217391,1.0,sotap,4,average,jefatura_masculina,no,espanol_uno_mas_adultos,adultos_uno_mas_analfabeta,0.0,0,0,6.702282231,32.12448674,3.096088617,38.008657007695874,EXCLUSION
2023-08,No Elegible,Vulnerabilidad Baja,1.0,1.0,1.0,1.0,1.0,2.117608696,1.0,1.0,sotap,3,low,jefatura_masculina,no,espanol_uno_mas_adultos,adultos_ninguno_analfabeta,,0,0,0.0,7.392265486,2.206316944,7.154374990395034,EXCLUSION
2024-06,No Elegible,Vulnerabilidad Elevada,2.700708215,1.0,2.578385269,1.0,1.0,1.498900966,1.790108696,1.0,sotap,1,low,,,espanol_uno_mas_adultos,adultos_ninguno_analfabeta,0.0,0,0,20.97871872,10.02735341,2.904311903,31.35849801704111,EXCLUSION
2023-08,No Elegible,Vulnerabilidad Baja,1.0,1.0,1.0,1.0,1.0,2.117608696,1.0,1.0,sotap,1,low,,,espanol_uno_mas_adultos,adultos_ninguno_analfabeta,,0,0,0.0,7.392265486,2.206316944,7.154374990395034,EXCLUSION
2023-12,No Elegible,Vulnerabilidad Baja,1.0,1.0,2.578385269,1.0,1.0,1.0,1.0,1.0,sotap,1,low,,,espanol_uno_mas_adultos,adultos_ninguno_analfabeta,-500.0,-500,0,8.975915299,0.0,2.267176041,9.26476922923712,EXCLUSION
2023-08,Lista de Reserva,Vulnerabilidad Moderada,2.700708215,1.525552408,1.249197356,1.0,1.0,1.498900966,1.790108696,1.043888889,sotap,2,average,jefatura_masculina,si,espanol_uno_mas_adultos,adultos_ninguno_analfabeta,,0,0,17.00620089,10.52243148,2.799883953,27.737286553383207,EXCLUSION
2024-03,No Elegible,Vulnerabilidad Elevada,1.0,1.525552408,1.249197356,1.0,1.776038647,2.823478261,2.580217391,1.0,fupal,2,average,jefatura_femenina,si,espanol_uno_mas_adultos,adultos_uno_mas_analfabeta,,0,0,5.877094669,32.12448674,3.071526181,37.15691408476315,EXCLUSION
2023-09,No Elegible,Vulnerabilidad Severa,2.070141643,1.0,2.578385269,1.0,1.776038647,2.823478261,2.580217391,2.544987923,fupal,3,complete,jefatura_femenina,si,espanol_uno_mas_adultos,adultos_ninguno_analfabeta,,0,0,17.46888676,50.0,3.915468811,66.42200300482355,EXCLUSION
2023-07,Lista de Reserva,Vulnerabilidad Moderada,1.0,1.0,1.0,1.0,1.776038647,2.117608696,2.580217391,1.043888889,sotap,1,low,,,espanol_ningun_adulto,adultos_ninguno_analfabeta,-500.0,0,0,0.0,28.09152966,2.784030087,27.18751614401154,EXCLUSION
2023-12,Elegible,Vulnerabilidad Elevada,2.700708215,1.0,3.251728045,1.0,1.0,1.498900966,1.790108696,1.0,sotap,4,average,jefatura_masculina,no,espanol_uno_mas_adultos,adultos_ninguno_analfabeta,0.0,0,0,24.2379543,10.02735341,3.001325926,34.72261905724109,INCLUSION
2023-07,Lista de Reserva,Vulnerabilidad Baja,2.070141643,1.0,1.0,1.0,1.0,1.0,1.790108696,1.0,sotap,1,low,,,espanol_uno_mas_adultos,adultos_ninguno_analfabeta,,0,0,6.702282231,5.614422911,2.356196989,12.35171354277692,EXCLUSION
2023-09,No Elegible,Vulnerabilidad Baja,2.070141643,2.051104816,1.0,1.0,1.0,1.0,1.0,1.043888889,sotap,1,low,,,espanol_uno_mas_adultos,adultos_ninguno_analfabeta,,0,0,14.63015408,0.386821499,2.446275574,15.475340264789162,EXCLUSION
2024-02,Lista de Reserva,Vulnerabilidad Moderada,1.0,1.0,2.578385269,1.0,1.776038647,2.117608696,1.790108696,1.0,fupal,1,low,,,espanol_uno_mas_adultos,adultos_ninguno_analfabeta,0.0,0,0,8.975915299,21.88512181,2.877986279,30.44560593426951,EXCLUSION
2023-08,Elegible,Vulnerabilidad Moderada,1.0,1.0,1.0,1.0,1.776038647,2.823478261,1.790108696,1.0,foten,4,average,jefatura_masculina,no,espanol_uno_mas_adultos,adultos_ninguno_analfabeta,,0,0,0.0,26.18890898,2.730928248,25.34612370011462,INCLUSION
2023-08,No Elegible,Vulnerabilidad Baja,1.0,1.0,1.0,1.0,1.0,1.0,1.0,1.0,sotap,4,average,jefatura_femenina,si,espanol_uno_mas_adultos,adultos_ninguno_analfabeta,-500.0,0,0,0.0,0.0,2.0,0.0,EXCLUSION
2023-07,No Elegible,Vulnerabilidad Baja,1.0,1.0,1.0,1.0,1.776038647,2.117608696,1.790108696,1.043888889,sotap,4,low,jefatura_masculina,no,espanol_uno_mas_adultos,adultos_ninguno_analfabeta,,0,0,0.0,22.50821784,2.628200749,21.78388088169096,EXCLUSION
2024-03,Lista de Reserva,Vulnerabilidad Elevada,2.700708215,1.0,1.249197356,1.0,1.776038647,2.823478261,1.790108696,1.043888889,sotap,2,complete,jefatura_masculina,si,espanol_uno_mas_adultos,adultos_ninguno_analfabeta,,0,0,11.93561888,26.85846924,3.104889798,38.31385587256485,EXCLUSION
2024-04,No Elegible,Vulnerabilidad Elevada,2.070141643,1.0,1.0,1.0,1.776038647,2.823478261,2.580217391,1.043888889,fupal,4,average,jefatura_femenina,si,espanol_uno_mas_adultos,adultos_ninguno_analfabeta,-500.0,0,0,6.702282231,32.85812825,3.116564434,38.71868920026256,EXCLUSION
2024-06,No Elegible,Vulnerabilidad Baja,1.0,1.0,1.0,1.0,1.776038647,1.498900966,1.790108696,1.0,pcr_cdmx,1,low,,,espanol_uno_mas_adultos,adultos_ninguno_analfabeta,,0,0,0.0,17.10850297,2.477495573,16.55793423592243,EXCLUSION
2024-04,No Elegible,Vulnerabilidad Baja,1.0,1.0,1.0,1.0,1.0,2.117608696,1.790108696,1.0,pcr_cdmx,2,average,jefatura_masculina,si,espanol_uno_mas_adultos,adultos_ninguno_analfabeta,,0,0,0.0,14.16503897,2.395343965,13.709193850906429,EXCLUSION
2024-05,Lista de Reserva,Vulnerabilidad Moderada,1.0,1.0,1.0,1.0,1.776038647,2.823478261,1.790108696,1.0,sotap,1,low,,,espanol_uno_mas_adultos,adultos_ninguno_analfabeta,,0,0,0.0,26.18890898,2.730928248,25.34612370011462,EXCLUSION
2023-08,Elegible,Vulnerabilidad Baja,1.0,1.0,1.0,1.0,1.0,1.0,1.790108696,1.0,sotap,3,average,jefatura_femenina,si,espanol_uno_mas_adultos,adultos_ninguno_analfabeta,0.0,0,0,0.0,5.614422911,2.156697643,5.433745167301109,INCLUSION
2023-07,Lista de Reserva,Vulnerabilidad Moderada,1.0,1.0,1.0,1.0,1.776038647,2.823478261,2.580217391,1.0,sotap,3,average,jefatura_masculina,no,espanol_ningun_adulto,adultos_ninguno_analfabeta,,0,0,0.0,32.12448674,2.896589272,31.09068863222006,EXCLUSION
2023-07,No Elegible por Intenciones,Vulnerabilidad Moderada,1.0,1.0,2.578385269,1.0,1.776038647,1.498900966,1.790108696,1.0,sotap,4,average,jefatura_masculina,no,espanol_ningun_adulto,adultos_ninguno_analfabeta,,0,0,8.975915299,17.10850297,2.744671614,25.82270346515955,EXCLUSION
2023-12,Elegible,Vulnerabilidad Elevada,2.700708215,1.0,3.251728045,1.0,1.776038647,2.117608696,1.790108696,1.043888889,sotap,6,high,jefatura_masculina,no,espanol_uno_mas_adultos,adultos_ninguno_analfabeta,,0,0,24.2379543,22.50821784,3.34966485,46.80183678901926,INCLUSION
2023-11,Elegible,Vulnerabilidad Elevada,2.070141643,2.051104816,1.0,1.0,1.776038647,2.117608696,2.580217391,1.043888889,sotap,4,average,jefatura_masculina,no,espanol_ningun_adulto,adultos_uno_mas_analfabeta,,0,0,14.63015408,28.09152966,3.219509535,42.28848321246002,INCLUSION
2024-06,No Elegible,Vulnerabilidad Moderada,1.0,1.0,1.0,1.0,1.776038647,2.823478261,1.790108696,1.0,sotap,1,low,,,espanol_uno_mas_adultos,adultos_ninguno_analfabeta,0.0,0,0,0.0,26.18890898,2.730928248,25.34612370011462,EXCLUSION
2024-04,No Elegible,Vulnerabilidad Severa,1.599560907,1.0,1.0,1.0,1.776038647,2.823478261,2.580217391,2.544987923,foten,4,average,jefatura_femenina,si,espanol_uno_mas_adultos,adultos_uno_mas_analfabeta,,0,0,4.186184624,50.0,3.520097459,52.71185023138494,EXCLUSION
2024-02,No Elegible,Vulnerabilidad Baja,1.0,1.0,1.0,1.0,1.0,1.0,1.0,1.0,fupal,1,low,,,espanol_uno_mas_adultos,adultos_ninguno_analfabeta,0.0,0,0,0.0,0.0,2.0,0.0,EXCLUSION
2024-05,No Elegible,Vulnerabilidad Elevada,1.0,2.051104816,1.0,1.0,1.776038647,2.823478261,2.580217391,1.0,foten,2,average,jefatura_masculina,si,espanol_uno_mas_adultos,adultos_uno_mas_analfabeta,,-500,0,6.609317356,32.12448674,3.093321436,37.9127004300535,EXCLUSION
2024-02,Lista de Reserva,Vulnerabilidad Baja,1.0,1.0,1.0,1.0,1.0,1.0,1.0,1.0,sotap,3,low,jefatura_masculina,no,espanol_uno_mas_adultos,adultos_ninguno_analfabeta,-500.0,0,0,0.0,0.0,2.0,0.0,EXCLUSION
2023-08,No Elegible,Vulnerabilidad Elevada,1.0,1.0,2.578385269,1.0,1.776038647,1.498900966,2.580217391,1.043888889,sotap,1,low,,,espanol_ningun_adulto,adultos_ninguno_analfabeta,,0,0,8.975915299,22.80125306,2.903555356,31.332255164513256,EXCLUSION
2024-02,Elegible,Vulnerabilidad Elevada,1.0,2.051104816,1.0,1.0,1.776038647,2.823478261,2.580217391,1.043888889,sotap,5,high,jefatura_femenina,no,espanol_uno_mas_adultos,adultos_ninguno_analfabeta,,0,0,6.609317356,32.85812825,3.113797253,38.62273262262019,INCLUSION
2024-07,No Elegible,Vulnerabilidad Baja,1.0,1.0,2.578385269,1.0,1.0,1.0,1.0,1.0,sotap,1,low,,,espanol_uno_mas_adultos,adultos_ninguno_analfabeta,,0,0,8.975915299,0.0,2.267176041,9.26476922923712,EXCLUSION
2024-06,Lista de Reserva,Vulnerabilidad Elevada,1.0,1.0,2.578385269,1.0,1.776038647,2.823478261,1.790108696,1.0,sotap,3,average,jefatura_masculina,no,espanol_ningun_adulto,adultos_ninguno_analfabeta,0.0,0,0,8.975915299,26.18890898,2.998104289,34.61089292935174,EXCLUSION
2024-03,No Elegible,Vulnerabilidad Baja,2.070141643,1.0,1.0,1.0,1.0,1.0,1.790108696,1.0,sotap,1,low,,,espanol_uno_mas_adultos,adultos_ninguno_analfabeta,0.0,0,0,6.702282231,5.614422911,2.356196989,12.35171354277692,EXCLUSION
2023-06,No Elegible,Vulnerabilidad Baja,1.0,1.0,1.0,1.0,1.0,2.823478261,1.790108696,1.0,sotap,4,average,jefatura_femenina,no,espanol_uno_mas_adultos,adultos_ninguno_analfabeta,,0,0,0.0,17.8931401,2.49939467,17.3173209584419,EXCLUSION
2023-07,No Elegible,Vulnerabilidad Baja,1.0,2.051104816,1.0,1.0,1.776038647,1.498900966,1.790108696,1.0,sotap,1,low,,,espanol_uno_mas_adultos,adultos_ninguno_analfabeta,,0,0,6.609317356,17.10850297,2.674227738,23.379946033755868,EXCLUSION
2023-10,No Elegible,Vulnerabilidad Elevada,1.0,1.0,2.578385269,1.0,1.776038647,2.823478261,2.580217391,1.043888889,sotap,1,low,,,espanol_ningun_adulto,adultos_ninguno_analfabeta,0.0,0,0,8.975915299,32.85812825,3.184241129,41.06549005402387,EXCLUSION
2023-10,No Elegible,Vulnerabilidad Baja,1.0,1.0,1.0,1.0,1.776038647,2.117608696,1.790108696,1.043888889,sotap,1,low,,,espanol_uno_mas_adultos,adultos_ninguno_analfabeta,0.0,-500,0,0.0,22.50821784,2.628200749,21.78388088169096,EXCLUSION
2023-09,No Elegible,Vulnerabilidad Elevada,2.070141643,1.0,1.0,1.0,1.776038647,2.117608696,2.580217391,1.043888889,fupal,1,low,,,espanol_uno_mas_adultos,adultos_ninguno_analfabeta,,0,0,6.702282231,28.09152966,2.983529432,34.10548451948735,EXCLUSION
2023-08,No Elegible,Vulnerabilidad Baja,2.700708215,1.0,1.0,1.0,1.0,1.0,1.790108696,1.0,sotap,1,low,,,espanol_ningun_adulto,adultos_uno_mas_analfabeta,,0,0,9.472088355,5.614422911,2.438642712,15.210654797653364,EXCLUSION
2024-06,No Elegible,Vulnerabilidad Moderada,1.0,2.051104816,1.0,1.0,1.776038647,2.117608696,1.790108696,1.0,fupal,1,low,,,espanol_uno_mas_adultos,adultos_ninguno_analfabeta,0.0,0,0,6.609317356,21.88512181,2.807542403,28.002848502865827,EXCLUSION
2023-09,Elegible,Vulnerabilidad Baja,1.0,1.0,1.0,1.0,1.0,1.0,1.0,1.0,fupal,4,average,jefatura_femenina,si,espanol_uno_mas_adultos,adultos_ninguno_analfabeta,,0,0,0.0,0.0,2.0,0.0,INCLUSION
2024-07,No Elegible,Vulnerabilidad Baja,1.0,1.0,1.0,1.0,1.776038647,1.498900966,1.790108696,1.0,sotap,3,average,jefatura_femenina,si,espanol_uno_mas_adultos,adultos_ninguno_analfabeta,,0,0,0.0,17.10850297,2.477495573,16.55793423592243,EXCLUSION
2024-06,Lista de Reserva,Vulnerabilidad Baja,1.0,1.0,1.0,1.0,1.0,1.0,1.0,1.0,sotap,1,low,,,espanol_uno_mas_adultos,adultos_ninguno_analfabeta,,0,0,0.0,0.0,2.0,0.0,EXCLUSION
2024-06,Lista de Reserva,Vulnerabilidad Moderada,1.0,1.0,1.0,1.0,1.776038647,2.823478261,1.790108696,1.0,pcr_cdmx,4,average,jefatura_femenina,si,espanol_uno_mas_adultos,adultos_ninguno_analfabeta,-500.0,-500,0,0.0,26.18890898,2.730928248,25.34612370011462,EXCLUSION
2024-01,Elegible,Vulnerabilidad Elevada,2.070141643,1.0,2.578385269,1.0,1.776038647,2.823478261,2.580217391,1.043888889,fupal,3,low,jefatura_femenina,no,espanol_uno_mas_adultos,adultos_ninguno_analfabeta,,0,0,17.46888676,32.85812825,3.43704192,49.83177382961031,INCLUSION
2024-02,No Elegible,Vulnerabilidad Elevada,1.0,1.0,2.578385269,1.0,1.776038647,2.117608696,2.580217391,1.738466184,pcr_cdmx,1,low,,,espanol_ningun_adulto,adultos_ninguno_analfabeta,0.0,0,0,8.975915299,36.78475459,3.29383264,44.86575363177633,EXCLUSION
2023-12,Elegible,Vulnerabilidad Elevada,2.700708215,1.0,3.251728045,1.0,1.776038647,2.117608696,1.790108696,1.0,sotap,5,average,jefatura_femenina,no,espanol_uno_mas_adultos,adultos_ninguno_analfabeta,,0,0,24.2379543,21.88512181,3.33227434,46.19879261236069,INCLUSION
2024-04,No Elegible,Vulnerabilidad Elevada,1.0,1.0,3.251728045,1.0,1.776038647,2.117608696,1.790108696,1.0,sotap,1,low,,,espanol_uno_mas_adultos,adultos_ninguno_analfabeta,,0,0,11.51832969,21.88512181,2.953663487,33.06983776278628,EXCLUSION
2024-03,No Elegible,Vulnerabilidad Baja,2.700708215,1.0,1.249197356,1.0,1.0,1.0,1.0,1.0,sotap,1,low,,,espanol_uno_mas_adultos,adultos_ninguno_analfabeta,0.0,0,0,11.93561888,0.0,2.35527423,12.31971903117728,EXCLUSION
2023-07,No Elegible,Vulnerabilidad Elevada,2.700708215,1.0,1.0,1.0,1.776038647,2.823478261,1.790108696,1.0,sotap,2,complete,jefatura_femenina,si,espanol_uno_mas_adultos,adultos_ninguno_analfabeta,0.0,0,0,9.472088355,26.18890898,3.012873318,35.123033330466875,EXCLUSION
2023-12,Elegible,Vulnerabilidad Moderada,2.700708215,1.0,2.578385269,1.0,1.0,1.0,1.790108696,1.0,sotap,1,low,,,espanol_uno_mas_adultos,adultos_ninguno_analfabeta,0.0,0,0,20.97871872,5.614422911,2.78114772,27.08758003442943,INCLUSION
2024-03,Lista de Reserva,Vulnerabilidad Moderada,1.0,1.0,1.0,1.0,1.776038647,2.823478261,1.790108696,1.0,sotap,1,low,,,espanol_uno_mas_adultos,adultos_ninguno_analfabeta,0.0,0,0,0.0,26.18890898,2.730928248,25.34612370011462,EXCLUSION
2023-06,No Elegible,Vulnerabilidad Elevada,2.700708215,1.0,1.249197356,1.0,1.776038647,2.117608696,1.790108696,1.043888889,fupal,4,average,jefatura_masculina,si,espanol_uno_mas_adultos,adultos_ninguno_analfabeta,0.0,0,0,11.93561888,22.50821784,2.983474979,34.10359991286824,EXCLUSION
2023-07,No Elegible,Vulnerabilidad Moderada,2.070141643,1.0,1.0,1.0,1.776038647,1.498900966,2.580217391,1.043888889,sotap,1,low,,,espanol_uno_mas_adultos,adultos_ninguno_analfabeta,,0,0,6.702282231,22.80125306,2.835878661,28.985454310751948,EXCLUSION
2024-03,No Elegible,Vulnerabilidad Baja,1.0,1.0,1.0,1.0,1.776038647,2.117608696,1.790108696,1.0,sotap,1,low,,,espanol_uno_mas_adultos,adultos_ninguno_analfabeta,,0,0,0.0,21.88512181,2.610810239,21.18083670503239,EXCLUSION
2023-11,Lista de Reserva,Vulnerabilidad Moderada,1.0,1.0,1.0,1.0,1.776038647,2.823478261,1.790108696,1.0,sotap,2,average,jefatura_femenina,si,espanol_uno_mas_adultos,adultos_ninguno_analfabeta,,0,0,0.0,26.18890898,2.730928248,25.34612370011462,EXCLUSION
2023-10,No Elegible,Vulnerabilidad Baja,2.070141643,1.525552408,1.0,1.0,1.776038647,1.0,1.0,1.0,sotap,1,low,,,espanol_ningun_adulto,adultos_ninguno_analfabeta,,0,0,11.1900528,5.532745347,2.487499832,16.904855958144992,EXCLUSION
2024-07,No Elegible,Vulnerabilidad Baja,1.0,1.0,3.251728045,1.0,1.776038647,1.0,1.790108696,1.0,sotap,1,low,,,espanol_uno_mas_adultos,adultos_ninguno_analfabeta,-500.0,0,0,11.51832969,12.01413641,2.678165869,23.51651054394368,EXCLUSION
2023-08,Elegible,Vulnerabilidad Moderada,1.0,1.525552408,1.0,1.0,1.776038647,2.823478261,1.790108696,1.0,sotap,1,low,,,espanol_uno_mas_adultos,adultos_ninguno_analfabeta,0.0,0,0,3.741369748,26.18890898,2.842293421,29.20789446797501,INCLUSION
2024-02,No Elegible,Vulnerabilidad Baja,2.070141643,1.0,1.0,1.0,1.776038647,1.0,1.790108696,1.043888889,sotap,1,low,,,espanol_uno_mas_adultos,adultos_ninguno_analfabeta,,0,0,6.702282231,12.53066404,2.549228169,19.04538311600457,EXCLUSION
2023-07,No Elegible,Vulnerabilidad Elevada,2.700708215,1.0,3.251728045,1.0,1.776038647,2.117608696,1.790108696,1.0,sotap,3,average,jefatura_masculina,no,espanol_uno_mas_adultos,adultos_ninguno_analfabeta,0.0,0,0,24.2379543,21.88512181,3.33227434,46.19879261236069,EXCLUSION
2023-07,Lista de Reserva,Vulnerabilidad Baja,2.070141643,1.0,1.0,1.0,1.0,1.0,1.0,1.043888889,sotap,1,low,,,espanol_uno_mas_adultos,adultos_ninguno_analfabeta,,0,0,6.702282231,0.386821499,2.210295472,7.2923415718164915,EXCLUSION
2024-02,No Elegible,Vulnerabilidad Baja,2.700708215,1.0,2.578385269,1.0,1.0,1.0,1.0,1.0,fupal,2,low,jefatura_femenina,no,espanol_uno_mas_adultos,adultos_ninguno_analfabeta,,0,0,20.97871872,0.0,2.624450078,21.65383486712832,EXCLUSION
2024-02,No Elegible por Duplicidad,Vulnerabilidad Severa,2.700708215,2.051104816,3.251728045,1.0,1.776038647,2.823478261,2.580217391,1.043888889,foten,1,low,,,espanol_uno_mas_adultos,adultos_ninguno_analfabeta,0.0,0,0,35.61565687,32.85812825,3.977196548,68.56252514852022,EXCLUSION
2024-01,Elegible,Vulnerabilidad Moderada,2.070141643,1.0,1.0,1.0,1.776038647,2.117608696,1.790108696,1.043888889,sotap,4,average,jefatura_femenina,si,espanol_uno_mas_adultos,adultos_ninguno_analfabeta,0.0,0,0,6.702282231,22.50821784,2.827700095,28.70184925716677,INCLUSION
2024-04,No Elegible por Duplicidad,Vulnerabilidad Elevada,1.599560907,1.0,2.578385269,1.0,1.776038647,2.823478261,1.790108696,1.043888889,sotap,3,low,jefatura_masculina,no,espanol_uno_mas_adultos,adultos_ninguno_analfabeta,0.0,0,0,14.28054816,26.85846924,3.174688687,40.73424732172453,EXCLUSION
2024-03,Elegible,Vulnerabilidad Baja,1.0,1.0,1.0,1.0,1.0,1.498900966,1.790108696,1.738466184,sotap,1,low,,,espanol_uno_mas_adultos,adultos_uno_mas_analfabeta,,0,0,0.0,16.8262746,2.469618625,16.2847882570974,INCLUSION
2024-06,Lista de Reserva,Vulnerabilidad Baja,1.0,1.0,1.0,1.564135978,1.0,1.498900966,1.790108696,1.0,sotap,1,low,,,espanol_uno_mas_adultos,adultos_ninguno_analfabeta,,0,0,3.975239986,10.02735341,2.398188352,13.807830333902256,EXCLUSION
2024-02,No Elegible,Vulnerabilidad Baja,1.0,1.0,1.0,1.0,1.0,2.117608696,1.790108696,1.0,sotap,3,low,jefatura_masculina,si,espanol_uno_mas_adultos,adultos_ninguno_analfabeta,,0,0,0.0,14.16503897,2.395343965,13.709193850906429,EXCLUSION
2024-06,Lista de Reserva,Vulnerabilidad Elevada,1.0,1.0,2.578385269,1.0,1.776038647,2.823478261,2.580217391,1.0,foten,4,average,jefatura_femenina,si,espanol_uno_mas_adultos,adultos_uno_mas_analfabeta,,0,0,8.975915299,32.12448674,3.163765312,40.35545786145718,EXCLUSION
2023-10,No Elegible,Vulnerabilidad Elevada,2.700708215,1.0,1.249197356,1.0,1.776038647,2.117608696,1.790108696,1.0,sotap,3,average,jefatura_femenina,si,espanol_uno_mas_adultos,adultos_ninguno_analfabeta,0.0,0,0,11.93561888,21.88512181,2.966084469,33.50055573620967,EXCLUSION
2024-05,No Elegible,Vulnerabilidad Elevada,2.070141643,1.0,2.578385269,1.0,1.776038647,2.117608696,2.580217391,1.043888889,fusal,5,high,jefatura_masculina,no,espanol_uno_mas_adultos,adultos_ninguno_analfabeta,0.0,0,0,17.46888676,28.09152966,3.304006918,45.2185691488351,EXCLUSION
2023-06,No Elegible,Vulnerabilidad Moderada,1.0,1.0,1.0,1.0,1.776038647,2.823478261,2.580217391,1.0,foten,1,low,,,espanol_uno_mas_adultos,adultos_ninguno_analfabeta,,0,0,0.0,32.12448674,2.896589272,31.09068863222006,EXCLUSION
2024-02,Lista de Reserva,Vulnerabilidad Moderada,1.0,1.0,1.0,1.0,1.776038647,2.823478261,1.790108696,1.0,sotap,1,low,,,espanol_uno_mas_adultos,adultos_ninguno_analfabeta,,0,0,0.0,26.18890898,2.730928248,25.34612370011462,EXCLUSION
2023-07,No Elegible,Vulnerabilidad Elevada,1.0,1.0,1.0,1.0,1.776038647,2.823478261,2.580217391,1.043888889,sotap,1,low,,,espanol_uno_mas_adultos,adultos_ninguno_analfabeta,0.0,0,0,0.0,32.85812825,2.917065088,31.80072082478675,EXCLUSION
2023-08,No Elegible,Vulnerabilidad Baja,2.700708215,1.0,1.0,1.0,1.0,1.498900966,2.580217391,1.043888889,sotap,1,low,,,espanol_uno_mas_adultos,adultos_ninguno_analfabeta,,0,0,9.472088355,14.95862607,2.699437924,24.254152154793587,EXCLUSION
2023-08,Lista de Reserva,Vulnerabilidad Moderada,1.0,1.0,1.0,1.0,1.776038647,2.117608696,2.580217391,1.043888889,sotap,1,low,,,espanol_uno_mas_adultos,adultos_ninguno_analfabeta,,0,0,0.0,28.09152966,2.784030087,27.18751614401154,EXCLUSION
2023-06,No Elegible,Vulnerabilidad Moderada,1.0,1.0,1.0,1.0,1.776038647,2.823478261,2.580217391,1.0,sotap,3,average,jefatura_masculina,no,espanol_uno_mas_adultos,adultos_ninguno_analfabeta,,0,0,0.0,32.12448674,2.896589272,31.09068863222006,EXCLUSION
2023-09,Lista de Reserva,Vulnerabilidad Elevada,1.0,1.0,2.578385269,1.0,1.776038647,2.823478261,2.580217391,1.0,foten,4,average,jefatura_masculina,no,espanol_uno_mas_adultos,adultos_ninguno_analfabeta,-500.0,0,0,8.975915299,32.12448674,3.163765312,40.35545786145718,EXCLUSION
2023-12,No Elegible,Vulnerabilidad Elevada,2.070141643,1.0,1.0,1.0,1.776038647,2.823478261,1.790108696,1.043888889,foten,2,average,jefatura_femenina,si,espanol_uno_mas_adultos,adultos_ninguno_analfabeta,,0,0,6.702282231,26.85846924,2.949114914,32.912105216863374,EXCLUSION
2023-09,No Elegible,Vulnerabilidad Baja,1.0,1.0,1.0,1.0,1.776038647,1.498900966,1.790108696,1.0,sotap,4,average,jefatura_masculina,no,espanol_ningun_adulto,adultos_ninguno_analfabeta,,0,0,0.0,17.10850297,2.477495573,16.55793423592243,EXCLUSION
2023-12,Elegible,Vulnerabilidad Baja,1.0,1.0,2.578385269,1.0,1.0,1.0,2.580217391,1.043888889,sotap,1,low,,,espanol_uno_mas_adultos,adultos_ninguno_analfabeta,0.0,-500,0,8.975915299,10.07114734,2.548260147,19.01181697668858,INCLUSION
2024-06,No Elegible,Vulnerabilidad Elevada,2.700708215,1.0,2.578385269,1.0,1.776038647,2.823478261,1.790108696,1.043888889,sotap,3,complete,jefatura_femenina,si,espanol_uno_mas_adultos,adultos_ninguno_analfabeta,0.0,0,0,20.97871872,26.85846924,3.374065645,47.64797170851588,EXCLUSION
2023-10,No Elegible por Intenciones,Vulnerabilidad Baja,1.0,1.0,1.0,1.0,1.776038647,1.0,1.790108696,1.0,sotap,1,low,,,espanol_uno_mas_adultos,adultos_ninguno_analfabeta,0.0,0,0,0.0,12.01413641,2.33531262,11.62750948618979,EXCLUSION
2024-01,No Elegible,Vulnerabilidad Moderada,1.0,1.525552408,1.0,1.0,1.776038647,2.823478261,1.790108696,1.0,sotap,1,low,,,espanol_uno_mas_adultos,adultos_ninguno_analfabeta,,0,0,3.741369748,26.18890898,2.842293421,29.20789446797501,EXCLUSION
2023-11,Lista de Reserva,Vulnerabilidad Baja,1.0,1.0,1.0,1.0,1.0,1.0,1.790108696,1.0,sotap,1,low,,,espanol_uno_mas_adultos,adultos_ninguno_analfabeta,-500.0,0,0,0.0,5.614422911,2.156697643,5.433745167301109,EXCLUSION
2023-06,No Elegible,Vulnerabilidad Moderada,1.0,2.051104816,2.578385269,1.564135978,1.0,1.498900966,1.0,1.0,sotap,1,low,,,espanol_ningun_adulto,adultos_ninguno_analfabeta,0.0,0,0,23.37941737,3.815111519,2.802388142,27.82412781559103,EXCLUSION
2024-03,Elegible,Vulnerabilidad Baja,1.0,1.0,1.0,1.0,1.776038647,2.117608696,1.0,1.0,sotap,4,average,jefatura_masculina,no,espanol_uno_mas_adultos,adultos_ninguno_analfabeta,0.0,0,0,0.0,14.06650994,2.392594036,13.61383558362086,INCLUSION
2024-05,No Elegible,Vulnerabilidad Baja,1.0,1.0,1.0,1.0,1.776038647,2.117608696,1.790108696,1.0,sotap,1,low,,,espanol_uno_mas_adultos,adultos_ninguno_analfabeta,,0,0,0.0,21.88512181,2.610810239,21.18083670503239,EXCLUSION
2023-06,No Elegible,Vulnerabilidad Severa,2.700708215,1.0,2.578385269,1.0,1.776038647,2.823478261,2.580217391,1.043888889,sotap,3,average,jefatura_femenina,si,espanol_ningun_adulto,adultos_ninguno_analfabeta,,0,0,20.97871872,32.85812825,3.541515166,53.45455569191508,EXCLUSION
2023-06,Lista de Reserva,Vulnerabilidad Baja,1.0,1.0,1.0,1.0,1.0,1.498900966,1.790108696,1.043888889,pcr_cdmx,1,low,,,espanol_ningun_adulto,adultos_ninguno_analfabeta,,0,0,0.0,10.52243148,2.293679375,10.18380911254212,EXCLUSION
2023-07,No Elegible,Vulnerabilidad Elevada,2.700708215,1.0,2.578385269,1.0,1.776038647,2.117608696,1.790108696,1.0,sotap,1,low,,,espanol_uno_mas_adultos,adultos_ninguno_analfabeta,,0,0,20.97871872,21.88512181,3.235260316,42.83467157216072,EXCLUSION
2023-09,No Elegible,Vulnerabilidad Baja,1.0,1.0,1.0,1.0,1.0,1.498900966,1.0,1.0,foten,1,low,,,espanol_uno_mas_adultos,adultos_ninguno_analfabeta,-500.0,0,0,0.0,3.815111519,2.10647915,3.692337415207061,EXCLUSION
2024-03,Lista de Reserva,Vulnerabilidad Moderada,1.0,1.0,2.578385269,1.0,1.776038647,2.117608696,1.790108696,1.043888889,foten,1,low,,,espanol_uno_mas_adultos,adultos_ninguno_analfabeta,,0,0,8.975915299,22.50821784,2.89537679,31.04865011092808,EXCLUSION
2023-12,Lista de Reserva,Vulnerabilidad Baja,1.0,1.0,1.0,1.0,1.776038647,1.0,1.790108696,1.0,sotap,2,low,jefatura_masculina,no,espanol_uno_mas_adultos,adultos_ninguno_analfabeta,,0,0,0.0,12.01413641,2.33531262,11.62750948618979,EXCLUSION
2024-06,No Elegible,Vulnerabilidad Baja,1.0,1.0,1.0,1.0,1.776038647,2.117608696,1.0,1.0,sotap,4,average,jefatura_femenina,si,espanol_uno_mas_adultos,adultos_ninguno_analfabeta,0.0,0,0,0.0,14.06650994,2.392594036,13.61383558362086,EXCLUSION
2024-06,No Elegible,Vulnerabilidad Baja,1.0,1.0,1.0,1.0,1.776038647,1.0,1.790108696,1.0,sotap,1,low,,,espanol_uno_mas_adultos,adultos_ninguno_analfabeta,0.0,0,0,0.0,12.01413641,2.33531262,11.62750948618979,EXCLUSION
2023-06,Lista de Reserva,Vulnerabilidad Severa,2.700708215,1.0,2.578385269,1.0,1.776038647,2.823478261,2.580217391,1.0,foten,4,average,jefatura_masculina,no,espanol_uno_mas_adultos,adultos_ninguno_analfabeta,,0,0,20.97871872,32.12448674,3.521039349,52.74452349934838,EXCLUSION
2024-02,No Elegible,Vulnerabilidad Elevada,2.700708215,1.0,3.251728045,1.0,1.776038647,2.823478261,1.790108696,1.0,sotap,1,low,,,espanol_ningun_adulto,adultos_ninguno_analfabeta,,0,0,24.2379543,26.18890898,3.45239235,50.36407960744292,EXCLUSION
2024-01,Lista de Reserva,Vulnerabilidad Moderada,1.0,1.0,1.0,1.0,1.776038647,2.823478261,2.580217391,1.0,sotap,3,low,jefatura_masculina,no,espanol_ningun_adulto,adultos_ninguno_analfabeta,,0,0,0.0,32.12448674,2.896589272,31.09068863222006,EXCLUSION
2024-05,Lista de Reserva,Vulnerabilidad Elevada,1.0,1.0,2.578385269,1.0,1.776038647,1.498900966,2.580217391,1.043888889,sotap,1,low,,,espanol_ningun_adulto,adultos_ninguno_analfabeta,0.0,0,0,8.975915299,22.80125306,2.903555356,31.332255164513256,EXCLUSION
2023-12,Elegible,Vulnerabilidad Elevada,1.0,1.525552408,2.578385269,1.0,1.776038647,2.823478261,1.790108696,1.0,foten,3,average,jefatura_femenina,si,espanol_uno_mas_adultos,adultos_ninguno_analfabeta,0.0,0,0,13.7168894,26.18890898,3.139223567,39.50443631789602,INCLUSION
2023-08,Lista de Reserva,Vulnerabilidad Moderada,1.0,1.0,3.251728045,1.0,1.776038647,1.0,2.580217391,1.0,futij,1,low,,,espanol_uno_mas_adultos,adultos_ninguno_analfabeta,0.0,0,0,11.51832969,16.59309681,2.805963919,27.94811541931128,EXCLUSION
2023-10,Elegible,Vulnerabilidad Moderada,1.0,1.0,1.0,1.0,1.776038647,2.823478261,2.580217391,1.0,sotap,9,average,jefatura_femenina,no,espanol_uno_mas_adultos,adultos_ninguno_analfabeta,,0,0,0.0,32.12448674,2.896589272,31.09068863222006,INCLUSION
2024-03,No Elegible,Vulnerabilidad Elevada,2.070141643,1.0,1.0,1.0,1.776038647,2.823478261,1.790108696,1.043888889,sotap,4,average,jefatura_masculina,no,espanol_uno_mas_adultos,adultos_ninguno_analfabeta,,0,-500,6.702282231,26.85846924,2.949114914,32.912105216863374,EXCLUSION
2023-11,Elegible,Vulnerabilidad Baja,1.0,1.0,1.0,1.0,1.0,1.0,1.0,1.0,sotap,1,low,,,espanol_uno_mas_adultos,adultos_ninguno_analfabeta,-500.0,0,0,0.0,0.0,2.0,0.0,INCLUSION
2023-07,Elegible,Vulnerabilidad Baja,1.599560907,1.0,1.0,1.0,1.0,1.0,1.790108696,1.043888889,pcr_cdmx,1,low,,,espanol_uno_mas_adultos,adultos_ninguno_analfabeta,,0,0,4.186184624,6.061858428,2.293790976,10.187681993313475,INCLUSION
2024-06,No Elegible,Vulnerabilidad Elevada,1.599560907,1.0,1.0,1.564135978,1.776038647,2.823478261,2.580217391,1.043888889,sotap,4,average,jefatura_femenina,si,espanol_uno_mas_adultos,adultos_ninguno_analfabeta,,0,0,8.656761296,32.85812825,3.174741228,40.73606535605333,EXCLUSION
2024-01,Elegible,Vulnerabilidad Moderada,1.0,1.0,1.0,1.0,1.776038647,2.823478261,1.790108696,1.0,fupal,1,low,,,espanol_uno_mas_adultos,adultos_ninguno_analfabeta,,0,0,0.0,26.18890898,2.730928248,25.34612370011462,INCLUSION
2024-04,No Elegible por Duplicidad,Vulnerabilidad Baja,1.0,1.0,1.0,1.0,1.776038647,2.117608696,1.790108696,1.0,sotap,1,low,,,espanol_uno_mas_adultos,adultos_ninguno_analfabeta,0.0,0,0,0.0,21.88512181,2.610810239,21.18083670503239,EXCLUSION
2023-09,Elegible,Vulnerabilidad Severa,2.700708215,1.0,3.251728045,1.0,1.776038647,2.117608696,2.580217391,1.043888889,foten,3,average,jefatura_masculina,no,espanol_uno_mas_adultos,adultos_ninguno_analfabeta,,0,0,24.2379543,28.09152966,3.505494188,52.20547205133984,INCLUSION
2023-07,No Elegible,Vulnerabilidad Elevada,2.070141643,1.0,1.0,1.0,1.776038647,2.823478261,1.790108696,1.043888889,sotap,2,low,jefatura_masculina,no,espanol_uno_mas_adultos,adultos_ninguno_analfabeta,0.0,0,0,6.702282231,26.85846924,2.949114914,32.912105216863374,EXCLUSION
2023-11,No Elegible,Vulnerabilidad Baja,1.0,1.0,1.0,1.0,1.0,1.498900966,1.0,1.0,futij,2,average,jefatura_femenina,si,espanol_uno_mas_adultos,adultos_ninguno_analfabeta,0.0,0,0,0.0,3.815111519,2.10647915,3.692337415207061,EXCLUSION
2024-04,No Elegible,Vulnerabilidad Elevada,2.070141643,1.0,1.0,1.0,1.776038647,1.498900966,2.580217391,2.544987923,foten,2,average,jefatura_masculina,si,espanol_uno_mas_adultos,adultos_uno_mas_analfabeta,,0,0,6.702282231,37.43330939,3.244257006,43.14663643599621,EXCLUSION
2023-08,No Elegible,Vulnerabilidad Moderada,1.0,1.0,1.0,1.0,1.776038647,2.823478261,1.790108696,1.0,sotap,4,average,jefatura_masculina,no,espanol_uno_mas_adultos,adultos_ninguno_analfabeta,0.0,0,0,0.0,26.18890898,2.730928248,25.34612370011462,EXCLUSION
2024-01,No Elegible,Vulnerabilidad Elevada,2.700708215,1.0,2.578385269,1.0,1.776038647,2.823478261,1.790108696,1.0,sotap,1,low,,,espanol_uno_mas_adultos,adultos_ninguno_analfabeta,,0,0,20.97871872,26.18890898,3.355378326,46.99995856724294,EXCLUSION
2024-04,No Elegible,Vulnerabilidad Elevada,1.0,1.0,1.0,1.0,1.776038647,2.823478261,2.580217391,1.043888889,fupal,1,low,,,espanol_uno_mas_adultos,adultos_ninguno_analfabeta,0.0,0,0,0.0,32.85812825,2.917065088,31.80072082478675,EXCLUSION
2023-10,Lista de Reserva,Vulnerabilidad Elevada,1.0,1.0,1.0,1.0,1.776038647,2.823478261,2.580217391,1.043888889,fupal,5,high,jefatura_masculina,no,espanol_ningun_adulto,adultos_ninguno_analfabeta,,0,0,0.0,32.85812825,2.917065088,31.80072082478675,EXCLUSION
2024-01,Lista de Reserva,Vulnerabilidad Elevada,1.0,2.051104816,2.578385269,1.0,1.776038647,2.823478261,1.790108696,1.0,sotap,3,average,jefatura_femenina,si,espanol_uno_mas_adultos,adultos_uno_mas_analfabeta,0.0,0,0,17.3510839,26.18890898,3.247398574,43.25558283110052,EXCLUSION
2024-06,No Elegible,Vulnerabilidad Moderada,2.700708215,1.0,1.0,1.0,1.776038647,1.0,2.580217391,1.0,foten,1,low,,,espanol_uno_mas_adultos,adultos_ninguno_analfabeta,0.0,0,0,9.472088355,16.59309681,2.74505574,25.83602399190964,EXCLUSION
2023-12,No Elegible,Vulnerabilidad Severa,2.700708215,1.0,3.251728045,1.0,1.776038647,2.117608696,2.580217391,1.043888889,sotap,6,high,jefatura_femenina,si,espanol_ningun_adulto,adultos_ninguno_analfabeta,-500.0,0,0,24.2379543,28.09152966,3.505494188,52.20547205133984,EXCLUSION
2024-03,Elegible,Vulnerabilidad Elevada,2.070141643,1.0,1.0,1.0,1.776038647,1.498900966,2.580217391,2.544987923,foten,1,low,,,espanol_uno_mas_adultos,adultos_ninguno_analfabeta,0.0,0,0,6.702282231,37.43330939,3.244257006,43.14663643599621,INCLUSION
2024-02,Elegible,Vulnerabilidad Elevada,1.0,1.525552408,1.0,1.0,1.776038647,2.823478261,2.580217391,1.0,sotap,1,low,,,espanol_uno_mas_adultos,adultos_ninguno_analfabeta,,0,0,3.741369748,32.12448674,3.007954444,34.95245940008045,INCLUSION
2023-09,Elegible,Vulnerabilidad Severa,1.0,2.051104816,2.578385269,1.564135978,1.776038647,2.823478261,2.580217391,1.0,sotap,2,complete,jefatura_femenina,si,espanol_ningun_adulto,adultos_uno_mas_analfabeta,,0,0,23.37941737,32.12448674,3.592498263,55.22247903260403,INCLUSION
2024-05,No Elegible,Vulnerabilidad Elevada,2.070141643,1.0,1.0,1.0,1.776038647,1.0,2.580217391,2.544987923,sotap,4,average,jefatura_masculina,no,espanol_uno_mas_adultos,adultos_uno_mas_analfabeta,,0,0,6.702282231,30.38303782,3.047485057,36.32324965539039,EXCLUSION
2023-07,No Elegible,Vulnerabilidad Elevada,1.0,1.0,2.578385269,1.0,1.776038647,2.823478261,1.790108696,1.0,fupal,3,average,jefatura_femenina,si,espanol_uno_mas_adultos,adultos_ninguno_analfabeta,,0,0,8.975915299,26.18890898,2.998104289,34.61089292935174,EXCLUSION
2024-03,Elegible,Vulnerabilidad Elevada,1.0,1.0,3.251728045,1.0,1.776038647,2.117608696,2.580217391,1.738466184,sotap,1,low,,,espanol_ningun_adulto,adultos_ninguno_analfabeta,-500.0,0,0,11.51832969,36.78475459,3.369509848,47.4899854602931,INCLUSION
2024-01,No Elegible,Vulnerabilidad Elevada,2.700708215,1.0,1.249197356,1.0,1.776038647,1.0,1.790108696,2.544987923,foten,2,average,jefatura_femenina,si,espanol_uno_mas_adultos,adultos_ninguno_analfabeta,,0,0,11.93561888,24.59957006,3.041844284,36.12765032707642,EXCLUSION
2023-10,No Elegible,Vulnerabilidad Elevada,2.700708215,1.0,1.249197356,1.0,1.776038647,2.823478261,1.790108696,1.043888889,sotap,6,average,jefatura_masculina,no,espanol_uno_mas_adultos,adultos_ninguno_analfabeta,,0,0,11.93561888,26.85846924,3.104889798,38.31385587256485,EXCLUSION
2023-07,No Elegible por Duplicidad,Vulnerabilidad Baja,1.0,1.0,1.0,1.0,1.776038647,2.823478261,1.0,1.0,foten,4,average,jefatura_masculina,no,espanol_uno_mas_adultos,adultos_ninguno_analfabeta,,0,0,0.0,17.78726377,2.496439678,17.21485183461763,EXCLUSION
2024-01,Elegible,Vulnerabilidad Elevada,2.700708215,1.525552408,1.249197356,1.0,1.776038647,2.117608696,1.790108696,1.043888889,sotap,1,low,,,espanol_ningun_adulto,adultos_ninguno_analfabeta,,0,0,17.00620089,22.50821784,3.134405327,39.33735832253205,INCLUSION
2023-11,No Elegible,Vulnerabilidad Elevada,2.070141643,1.0,1.0,1.0,1.776038647,2.823478261,2.580217391,1.043888889,sotap,1,low,,,espanol_uno_mas_adultos,adultos_ninguno_analfabeta,0.0,0,0,6.702282231,32.85812825,3.116564434,38.71868920026256,EXCLUSION
2024-05,Elegible,Vulnerabilidad Baja,1.0,1.0,1.0,1.0,1.776038647,2.117608696,1.0,1.738466184,pcr_cdmx,4,average,jefatura_masculina,no,espanol_ningun_adulto,adultos_ninguno_analfabeta,,0,0,0.0,21.46429064,2.599064908,20.77354830291416,INCLUSION
2024-06,No Elegible,Vulnerabilidad Baja,1.0,1.0,1.0,1.0,1.776038647,2.117608696,1.790108696,1.0,sotap,1,low,,,espanol_uno_mas_adultos,adultos_ninguno_analfabeta,,0,0,0.0,21.88512181,2.610810239,21.18083670503239,EXCLUSION
2024-06,No Elegible,Vulnerabilidad Moderada,1.0,2.051104816,1.0,2.128271955,1.0,1.0,2.580217391,1.0,sotap,3,average,jefatura_masculina,no,espanol_ningun_adulto,adultos_ninguno_analfabeta,,0,0,14.96519485,9.580889352,2.712853317,24.719356537231132,EXCLUSION
2024-06,No Elegible,Vulnerabilidad Moderada,1.0,1.0,1.0,1.0,1.776038647,2.823478261,2.580217391,1.0,sotap,5,average,jefatura_femenina,si,espanol_uno_mas_adultos,adultos_ninguno_analfabeta,0.0,0,0,0.0,32.12448674,2.896589272,31.09068863222006,EXCLUSION
2023-08,No Elegible,Vulnerabilidad Elevada,1.0,2.051104816,2.578385269,1.564135978,1.776038647,2.823478261,1.790108696,1.0,sotap,1,low,,,espanol_uno_mas_adultos,adultos_ninguno_analfabeta,0.0,0,0,23.37941737,26.18890898,3.42683724,49.4779141004986,EXCLUSION
2023-10,Elegible,Vulnerabilidad Elevada,1.0,1.0,2.578385269,1.0,1.776038647,2.823478261,2.580217391,1.738466184,sotap,3,complete,jefatura_femenina,si,espanol_uno_mas_adultos,adultos_ninguno_analfabeta,,-500,0,8.975915299,42.19960637,3.444960285,50.10635006664415,INCLUSION
2024-02,Lista de Reserva,Vulnerabilidad Elevada,1.0,1.0,2.578385269,1.0,1.776038647,2.823478261,2.580217391,1.0,sotap,1,low,,,espanol_ningun_adulto,adultos_ninguno_analfabeta,0.0,0,0,8.975915299,32.12448674,3.163765312,40.35545786145718,EXCLUSION
2024-03,No Elegible,Vulnerabilidad Elevada,2.070141643,1.0,1.0,1.0,1.776038647,2.823478261,2.580217391,1.043888889,foten,1,low,,,espanol_uno_mas_adultos,adultos_ninguno_analfabeta,0.0,0,0,6.702282231,32.85812825,3.116564434,38.71868920026256,EXCLUSION
2023-08,No Elegible,Vulnerabilidad Baja,2.070141643,1.0,1.0,1.0,1.0,1.0,1.0,1.0,futij,1,low,,,espanol_uno_mas_adultos,adultos_ninguno_analfabeta,,0,0,6.702282231,0.0,2.199499346,6.917968375475811,EXCLUSION
2024-04,No Elegible por Duplicidad,Vulnerabilidad Baja,1.0,1.0,2.578385269,1.0,1.776038647,1.0,1.790108696,1.043888889,sotap,1,low,,,espanol_uno_mas_adultos,adultos_ninguno_analfabeta,,0,0,8.975915299,12.53066404,2.616904864,21.39218396976588,EXCLUSION
2023-12,Lista de Reserva,Vulnerabilidad Elevada,1.599560907,1.0,2.578385269,1.0,1.776038647,1.0,1.790108696,2.544987923,sotap,3,low,jefatura_femenina,no,espanol_uno_mas_adultos,adultos_ninguno_analfabeta,-500.0,0,0,14.28054816,24.59957006,3.111643173,38.5480417762361,EXCLUSION
2023-09,No Elegible por Intenciones,Vulnerabilidad Baja,1.0,1.0,1.0,1.0,1.776038647,1.0,1.790108696,1.0,pcr_cdmx,1,low,,,espanol_uno_mas_adultos,adultos_ninguno_analfabeta,0.0,0,0,0.0,12.01413641,2.33531262,11.62750948618979,EXCLUSION
2024-05,No Elegible,Vulnerabilidad Moderada,1.0,1.0,1.0,1.0,1.776038647,2.823478261,1.790108696,1.0,futij,4,average,jefatura_femenina,si,espanol_uno_mas_adultos,adultos_ninguno_analfabeta,,0,0,0.0,26.18890898,2.730928248,25.34612370011462,EXCLUSION
2023-10,No Elegible,Vulnerabilidad Elevada,1.0,1.0,2.578385269,1.0,1.776038647,2.117608696,2.580217391,1.043888889,foten,2,average,jefatura_masculina,no,espanol_uno_mas_adultos,adultos_ninguno_analfabeta,,0,0,8.975915299,28.09152966,3.051206127,36.45228537324866,EXCLUSION
2023-07,Lista de Reserva,Vulnerabilidad Baja,2.700708215,1.0,1.249197356,1.0,1.776038647,1.498900966,1.0,1.0,sotap,1,low,,,espanol_uno_mas_adultos,adultos_ninguno_analfabeta,500.0,0,0,11.93561888,9.93697889,2.632613717,21.936916003518192,EXCLUSION
2023-10,No Elegible,Vulnerabilidad Moderada,1.0,1.0,1.0,1.0,1.776038647,2.823478261,1.790108696,1.0,fupal,1,low,,,espanol_uno_mas_adultos,adultos_ninguno_analfabeta,0.0,0,0,0.0,26.18890898,2.730928248,25.34612370011462,EXCLUSION
2024-06,Elegible,Vulnerabilidad Baja,2.070141643,1.0,1.0,1.0,1.0,2.117608696,1.790108696,1.043888889,pcr_cdmx,1,low,,,espanol_ningun_adulto,adultos_ninguno_analfabeta,0.0,0,0,6.702282231,14.70478802,2.60990762,21.14954161220419,INCLUSION
2024-02,No Elegible,Vulnerabilidad Elevada,2.070141643,1.0,1.0,1.0,1.776038647,2.117608696,2.580217391,2.544987923,sotap,2,complete,jefatura_femenina,si,espanol_uno_mas_adultos,adultos_ninguno_analfabeta,,0,0,6.702282231,44.04383881,3.428755821,49.5444324087312,EXCLUSION
2023-10,No Elegible,Vulnerabilidad Baja,1.0,1.0,1.0,1.0,1.0,1.0,1.790108696,1.0,sotap,2,average,jefatura_femenina,si,espanol_uno_mas_adultos,adultos_ninguno_analfabeta,,0,0,0.0,5.614422911,2.156697643,5.433745167301109,EXCLUSION
2023-10,Elegible,Vulnerabilidad Elevada,1.0,1.0,1.0,1.0,1.776038647,2.823478261,2.580217391,1.043888889,sotap,2,average,jefatura_femenina,si,espanol_uno_mas_adultos,adultos_ninguno_analfabeta,0.0,0,0,0.0,32.85812825,2.917065088,31.80072082478675,INCLUSION
2023-12,Elegible,Vulnerabilidad Elevada,1.0,2.051104816,1.0,1.0,1.776038647,2.823478261,1.790108696,1.0,sotap,2,average,jefatura_masculina,no,espanol_ningun_adulto,adultos_ninguno_analfabeta,0.0,0,0,6.609317356,26.18890898,2.927660413,32.16813549794806,INCLUSION
2024-03,No Elegible,Vulnerabilidad Baja,1.0,1.0,1.0,1.0,1.0,1.0,1.790108696,1.0,sotap,1,low,,,espanol_uno_mas_adultos,adultos_ninguno_analfabeta,0.0,0,0,0.0,5.614422911,2.156697643,5.433745167301109,EXCLUSION
2023-11,No Elegible,Vulnerabilidad Elevada,2.070141643,1.0,1.0,1.0,1.776038647,1.498900966,2.580217391,2.544987923,futij,2,average,jefatura_femenina,si,espanol_ningun_adulto,adultos_ninguno_analfabeta,,0,0,6.702282231,37.43330939,3.244257006,43.14663643599621,EXCLUSION
2023-10,Lista de Reserva,Vulnerabilidad Baja,1.0,1.0,1.0,1.0,1.0,1.498900966,1.0,1.0,sotap,3,low,jefatura_masculina,no,espanol_ningun_adulto,adultos_ninguno_analfabeta,,0,0,0.0,3.815111519,2.10647915,3.692337415207061,EXCLUSION
2023-06,No Elegible,Vulnerabilidad Moderada,1.0,1.0,2.578385269,1.0,1.0,2.823478261,1.790108696,1.0,sotap,1,low,,,espanol_ningun_adulto,adultos_ninguno_analfabeta,,0,0,8.975915299,17.8931401,2.76657071,26.58209018767902,EXCLUSION
2024-05,Lista de Reserva,Vulnerabilidad Baja,1.0,1.0,1.0,1.0,1.0,2.117608696,2.580217391,1.0,sotap,2,low,jefatura_femenina,no,espanol_ningun_adulto,adultos_ninguno_analfabeta,,0,0,0.0,18.94985465,2.528887403,18.340029377508348,EXCLUSION
2024-05,Lista de Reserva,Vulnerabilidad Severa,2.070141643,1.0,1.0,1.0,1.776038647,2.823478261,2.580217391,2.544987923,futij,3,average,jefatura_femenina,si,espanol_uno_mas_adultos,adultos_ninguno_analfabeta,,0,0,6.702282231,50.0,3.594991325,55.308918375475805,EXCLUSION
2023-08,No Elegible,Vulnerabilidad Baja,1.0,1.0,1.0,1.0,1.776038647,2.117608696,1.790108696,1.0,sotap,1,low,,,espanol_ningun_adulto,adultos_ninguno_analfabeta,,0,0,0.0,21.88512181,2.610810239,21.18083670503239,EXCLUSION
2024-04,No Elegible,Vulnerabilidad Baja,1.0,1.0,2.578385269,1.0,1.776038647,1.0,1.790108696,1.0,sotap,1,low,,,espanol_uno_mas_adultos,adultos_ninguno_analfabeta,0.0,0,0,8.975915299,12.01413641,2.602488661,20.89227871542691,EXCLUSION
2024-02,No Elegible,Vulnerabilidad Baja,1.0,1.525552408,1.0,1.564135978,1.776038647,1.498900966,1.0,1.0,sotap,1,low,,,espanol_uno_mas_adultos,adultos_ninguno_analfabeta,0.0,0,0,8.159313021,9.93697889,2.52020864,18.039084845669716,EXCLUSION
2023-07,Lista de Reserva,Vulnerabilidad Baja,1.0,1.0,1.0,1.0,1.776038647,1.498900966,1.0,1.0,sotap,1,low,,,espanol_uno_mas_adultos,adultos_uno_mas_analfabeta,,0,0,0.0,9.93697889,2.277339487,9.61719697234091,EXCLUSION
2023-08,Elegible,Vulnerabilidad Baja,1.0,1.0,1.0,1.0,1.0,1.0,2.580217391,1.0,fomon,2,average,jefatura_femenina,si,espanol_uno_mas_adultos,adultos_ninguno_analfabeta,0.0,0,0,0.0,9.580889352,2.267401085,9.272566751763287,INCLUSION
2023-12,No Elegible por Duplicidad,Vulnerabilidad Baja,1.0,1.525552408,1.0,1.0,1.776038647,1.0,1.0,1.0,sotap,1,low,,,espanol_uno_mas_adultos,adultos_ninguno_analfabeta,,0,0,3.741369748,5.532745347,2.265783208,9.21646683684858,EXCLUSION
2023-07,Lista de Reserva,Vulnerabilidad Baja,1.0,1.0,1.0,1.0,1.0,1.498900966,1.0,1.0,futij,2,low,jefatura_masculina,no,espanol_ningun_adulto,adultos_ninguno_analfabeta,,0,-500,0.0,3.815111519,2.10647915,3.692337415207061,EXCLUSION
2024-06,No Elegible,Vulnerabilidad Baja,1.0,2.051104816,1.0,1.0,1.0,1.0,1.0,1.0,fusal,2,average,jefatura_femenina,si,espanol_uno_mas_adultos,adultos_ninguno_analfabeta,-500.0,0,0,6.609317356,0.0,2.196732164,6.8220117978334365,EXCLUSION
2024-04,No Elegible,Vulnerabilidad Moderada,2.700708215,1.0,2.578385269,1.0,1.0,2.117608696,1.0,1.0,sotap,1,low,,,espanol_ningun_adulto,adultos_ninguno_analfabeta,,0,0,20.97871872,7.392265486,2.830767021,28.808209857523355,EXCLUSION
2023-11,No Elegible,Vulnerabilidad Moderada,1.0,1.0,1.0,1.0,1.776038647,2.823478261,2.580217391,1.0,sotap,1,low,,,espanol_ningun_adulto,adultos_ninguno_analfabeta,,0,0,0.0,32.12448674,2.896589272,31.09068863222006,EXCLUSION
2023-10,No Elegible por Intenciones,Vulnerabilidad Moderada,1.0,1.0,1.0,1.0,1.776038647,2.823478261,1.790108696,1.0,sotap,4,average,jefatura_masculina,no,espanol_uno_mas_adultos,adultos_ninguno_analfabeta,0.0,0,0,0.0,26.18890898,2.730928248,25.34612370011462,EXCLUSION
2023-11,No Elegible,Vulnerabilidad Moderada,1.0,1.0,1.0,1.0,1.776038647,2.823478261,2.580217391,1.0,sotap,1,low,,,espanol_ningun_adulto,adultos_ninguno_analfabeta,0.0,0,0,0.0,32.12448674,2.896589272,31.09068863222006,EXCLUSION
2023-09,Elegible,Vulnerabilidad Baja,1.0,1.0,1.0,1.0,1.776038647,2.117608696,1.790108696,1.0,fupal,1,low,,,espanol_uno_mas_adultos,adultos_ninguno_analfabeta,0.0,0,0,0.0,21.88512181,2.610810239,21.18083670503239,INCLUSION
2023-10,No Elegible,Vulnerabilidad Moderada,1.0,1.0,1.0,1.0,1.776038647,2.117608696,2.580217391,1.043888889,sotap,4,average,jefatura_femenina,si,espanol_uno_mas_adultos,adultos_ninguno_analfabeta,,0,0,0.0,28.09152966,2.784030087,27.18751614401154,EXCLUSION
2023-10,No Elegible,Vulnerabilidad Moderada,2.700708215,1.0,1.249197356,1.0,1.776038647,1.498900966,1.790108696,1.0,pcr_cdmx,1,low,,,espanol_uno_mas_adultos,adultos_ninguno_analfabeta,-500.0,0,0,11.93561888,17.10850297,2.832769803,28.87765326709971,EXCLUSION
2023-07,No Elegible,Vulnerabilidad Baja,1.0,1.0,2.578385269,1.0,1.0,1.0,1.790108696,1.043888889,foten,1,low,,,espanol_uno_mas_adultos,adultos_ninguno_analfabeta,,0,0,8.975915299,6.061858428,2.436361537,15.13155099116565,EXCLUSION
2024-02,Elegible,Vulnerabilidad Moderada,1.0,1.0,1.0,1.0,1.776038647,2.823478261,1.790108696,1.0,sotap,1,low,,,espanol_uno_mas_adultos,adultos_ninguno_analfabeta,,0,0,0.0,26.18890898,2.730928248,25.34612370011462,INCLUSION
2023-08,Elegible,Vulnerabilidad Moderada,1.0,1.0,1.0,1.0,1.776038647,2.823478261,2.580217391,1.0,sotap,1,low,,,espanol_ningun_adulto,adultos_ninguno_analfabeta,0.0,0,-500,0.0,32.12448674,2.896589272,31.09068863222006,INCLUSION
2023-06,No Elegible,Vulnerabilidad Moderada,1.0,1.0,1.0,1.0,1.776038647,2.117608696,2.580217391,1.043888889,foten,3,average,jefatura_masculina,no,espanol_uno_mas_adultos,adultos_ninguno_analfabeta,,0,0,0.0,28.09152966,2.784030087,27.18751614401154,EXCLUSION
2023-09,Elegible,Vulnerabilidad Elevada,2.700708215,1.0,2.578385269,2.128271955,1.776038647,1.0,2.580217391,1.0,sotap,1,low,,,espanol_uno_mas_adultos,adultos_ninguno_analfabeta,,0,0,32.32102758,16.59309681,3.425174581,49.42026493010937,INCLUSION
2024-05,Lista de Reserva,Vulnerabilidad Baja,1.0,1.0,1.0,1.0,1.776038647,1.498900966,1.790108696,1.0,sotap,2,low,jefatura_masculina,no,espanol_uno_mas_adultos,adultos_ninguno_analfabeta,,-500,0,0.0,17.10850297,2.477495573,16.55793423592243,EXCLUSION
2024-04,No Elegible,Vulnerabilidad Elevada,1.0,2.051104816,2.578385269,1.0,1.776038647,2.823478261,1.790108696,1.0,fupal,3,average,jefatura_femenina,no,espanol_uno_mas_adultos,adultos_ninguno_analfabeta,-500.0,0,0,17.3510839,26.18890898,3.247398574,43.25558283110052,EXCLUSION
2023-09,Lista de Reserva,Vulnerabilidad Elevada,1.0,2.051104816,2.578385269,1.0,1.776038647,2.117608696,1.790108696,1.0,sotap,4,average,jefatura_femenina,si,espanol_uno_mas_adultos,adultos_ninguno_analfabeta,0.0,0,0,17.3510839,21.88512181,3.127280564,39.090295836018285,EXCLUSION
2024-03,Elegible,Vulnerabilidad Baja,1.0,1.0,1.0,1.0,1.776038647,2.117608696,1.790108696,1.0,foten,1,low,,,espanol_ningun_adulto,adultos_ninguno_analfabeta,,0,0,0.0,21.88512181,2.610810239,21.18083670503239,INCLUSION
2024-05,Lista de Reserva,Vulnerabilidad Elevada,2.070141643,1.0,1.0,1.0,1.776038647,2.823478261,1.790108696,1.0,sotap,4,average,jefatura_masculina,no,espanol_uno_mas_adultos,adultos_ninguno_analfabeta,-500.0,0,0,6.702282231,26.18890898,2.930427594,32.26409207559043,EXCLUSION
2024-01,No Elegible,Vulnerabilidad Elevada,2.070141643,1.0,1.0,1.0,1.776038647,2.823478261,2.580217391,1.043888889,foten,2,average,jefatura_femenina,si,espanol_uno_mas_adultos,adultos_uno_mas_analfabeta,0.0,0,0,6.702282231,32.85812825,3.116564434,38.71868920026256,EXCLUSION
2024-03,Elegible,Vulnerabilidad Elevada,1.0,1.525552408,3.251728045,1.0,1.776038647,2.117608696,1.790108696,1.0,sotap,2,complete,jefatura_femenina,si,espanol_uno_mas_adultos,adultos_ninguno_analfabeta,0.0,0,0,16.54244021,21.88512181,3.103210571,38.2556291834304,INCLUSION
2024-01,No Elegible,Vulnerabilidad Baja,2.700708215,1.0,2.578385269,1.0,1.0,1.0,1.0,1.0,sotap,1,low,,,espanol_uno_mas_adultos,adultos_ninguno_analfabeta,0.0,0,0,20.97871872,0.0,2.624450078,21.65383486712832,EXCLUSION
2024-05,No Elegible,Vulnerabilidad Baja,1.0,1.0,1.0,1.0,1.0,2.117608696,1.0,1.0,,1,low,,,espanol_uno_mas_adultos,adultos_ninguno_analfabeta,-500.0,0,0,0.0,7.392265486,2.206316944,7.154374990395034,EXCLUSION
2024-01,Lista de Reserva,Vulnerabilidad Baja,1.0,1.0,1.0,1.0,1.776038647,2.117608696,1.0,1.0,sotap,5,average,jefatura_femenina,no,espanol_uno_mas_adultos,adultos_ninguno_analfabeta,0.0,0,-500,0.0,14.06650994,2.392594036,13.61383558362086,EXCLUSION
2023-09,Lista de Reserva,Vulnerabilidad Moderada,1.0,1.0,1.0,1.0,1.776038647,2.823478261,2.580217391,1.0,fupal,1,low,,,espanol_ningun_adulto,adultos_ninguno_analfabeta,,0,0,0.0,32.12448674,2.896589272,31.09068863222006,EXCLUSION
2024-01,Elegible,Vulnerabilidad Baja,1.0,1.0,1.0,1.0,1.0,1.498900966,1.0,1.0,fupal,1,low,,,espanol_uno_mas_adultos,adultos_uno_mas_analfabeta,0.0,0,0,0.0,3.815111519,2.10647915,3.692337415207061,INCLUSION
2023-09,No Elegible,Vulnerabilidad Severa,2.700708215,1.525552408,2.578385269,1.0,1.776038647,2.823478261,1.790108696,1.0,,2,average,jefatura_femenina,si,espanol_uno_mas_adultos,adultos_ninguno_analfabeta,0.0,0,0,27.05638709,26.18890898,3.536285489,53.27321238305791,EXCLUSION
2023-07,Elegible,Vulnerabilidad Baja,1.0,1.0,1.0,1.0,1.776038647,2.823478261,1.0,1.0,pcr_cdmx,1,low,,,espanol_uno_mas_adultos,adultos_ninguno_analfabeta,,0,0,0.0,17.78726377,2.496439678,17.21485183461763,INCLUSION
2024-03,Elegible,Vulnerabilidad Moderada,1.0,1.0,1.0,1.0,1.776038647,2.117608696,2.580217391,1.043888889,sotap,1,low,,,espanol_uno_mas_adultos,adultos_ninguno_analfabeta,,0,0,0.0,28.09152966,2.784030087,27.18751614401154,INCLUSION
2024-06,Lista de Reserva,Vulnerabilidad Baja,1.0,1.0,2.578385269,1.0,1.0,1.498900966,1.0,1.0,sotap,2,average,jefatura_masculina,si,espanol_uno_mas_adultos,adultos_ninguno_analfabeta,-500.0,0,0,8.975915299,3.815111519,2.373655191,12.95710664444418,EXCLUSION
2024-03,No Elegible,Vulnerabilidad Baja,1.0,1.0,1.0,1.0,1.0,1.498900966,2.580217391,1.0,sotap,3,average,jefatura_femenina,si,espanol_uno_mas_adultos,adultos_ninguno_analfabeta,0.0,0,0,0.0,14.41616583,2.402352876,13.95223919742477,EXCLUSION
2023-08,Lista de Reserva,Vulnerabilidad Baja,1.0,1.0,1.0,1.0,1.776038647,1.498900966,1.790108696,1.0,sotap,3,average,jefatura_masculina,no,espanol_uno_mas_adultos,adultos_ninguno_analfabeta,,0,0,0.0,17.10850297,2.477495573,16.55793423592243,EXCLUSION
2024-01,Lista de Reserva,Vulnerabilidad Moderada,1.0,1.0,1.0,1.0,1.776038647,2.823478261,2.580217391,1.0,foten,1,low,,,espanol_ningun_adulto,adultos_uno_mas_analfabeta,,0,0,0.0,32.12448674,2.896589272,31.09068863222006,EXCLUSION
2024-03,No Elegible,Vulnerabilidad Baja,1.0,1.525552408,1.0,1.0,1.776038647,1.498900966,1.790108696,1.0,sotap,2,average,jefatura_masculina,no,espanol_uno_mas_adultos,adultos_ninguno_analfabeta,0.0,0,0,3.741369748,17.10850297,2.588860746,20.41970500378282,EXCLUSION
2023-08,Elegible,Vulnerabilidad Baja,1.0,1.0,1.0,1.0,1.0,1.0,1.0,1.0,sotap,1,low,,,espanol_uno_mas_adultos,adultos_ninguno_analfabeta,0.0,0,0,0.0,0.0,2.0,0.0,INCLUSION
2023-08,Elegible,Vulnerabilidad Elevada,1.0,1.0,2.578385269,1.0,1.776038647,2.823478261,1.790108696,1.0,sotap,1,low,,,espanol_ningun_adulto,adultos_ninguno_analfabeta,0.0,0,0,8.975915299,26.18890898,2.998104289,34.61089292935174,INCLUSION
2023-09,Elegible,Vulnerabilidad Baja,1.0,1.0,1.0,1.0,1.776038647,1.498900966,1.790108696,1.0,sotap,1,low,,,espanol_uno_mas_adultos,adultos_ninguno_analfabeta,0.0,0,0,0.0,17.10850297,2.477495573,16.55793423592243,INCLUSION
2023-11,Elegible,Vulnerabilidad Baja,1.0,1.0,1.0,1.0,1.0,1.0,1.790108696,1.0,sotap,5,average,jefatura_masculina,no,espanol_uno_mas_adultos,adultos_ninguno_analfabeta,,0,0,0.0,5.614422911,2.156697643,5.433745167301109,INCLUSION
2024-05,Lista de Reserva,Vulnerabilidad Severa,2.700708215,2.051104816,3.251728045,1.0,1.776038647,2.823478261,2.580217391,1.0,fupal,2,average,jefatura_femenina,si,espanol_ningun_adulto,adultos_uno_mas_analfabeta,,0,0,35.61565687,32.12448674,3.956720731,67.85249295595354,EXCLUSION
2023-10,Elegible,Vulnerabilidad Baja,1.0,1.0,1.249197356,1.0,1.776038647,2.117608696,1.790108696,1.043888889,sotap,1,low,,,espanol_uno_mas_adultos,adultos_ninguno_analfabeta,0.0,0,0,1.921713018,22.50821784,2.685402233,23.767436546323214,INCLUSION
2024-06,No Elegible,Vulnerabilidad Elevada,2.070141643,2.051104816,1.0,1.0,1.776038647,1.498900966,1.790108696,1.043888889,fupal,1,low,,,espanol_uno_mas_adultos,adultos_ninguno_analfabeta,,0,0,14.63015408,17.68003002,2.92892625,32.21203604237486,EXCLUSION
2024-01,Lista de Reserva,Vulnerabilidad Baja,1.0,1.525552408,1.0,1.0,1.776038647,1.498900966,1.0,1.0,sotap,4,average,jefatura_femenina,si,espanol_uno_mas_adultos,adultos_ninguno_analfabeta,,-500,0,3.741369748,9.93697889,2.388704659,13.478967740201298,EXCLUSION
2024-04,No Elegible,Vulnerabilidad Elevada,1.0,2.051104816,2.578385269,1.0,1.776038647,2.823478261,1.790108696,1.0,futij,3,average,jefatura_masculina,no,espanol_ningun_adulto,adultos_ninguno_analfabeta,,0,0,17.3510839,26.18890898,3.247398574,43.25558283110052,EXCLUSION
2023-08,No Elegible,Vulnerabilidad Baja,2.070141643,1.0,1.0,1.0,1.776038647,1.498900966,1.790108696,1.043888889,pcr_cdmx,1,low,,,espanol_uno_mas_adultos,adultos_ninguno_analfabeta,0.0,0,0,6.702282231,17.68003002,2.692946147,24.029037349402188,EXCLUSION
2023-09,Elegible,Vulnerabilidad Elevada,2.070141643,1.0,1.0,1.0,1.776038647,2.117608696,1.790108696,2.544987923,sotap,1,low,,,espanol_uno_mas_adultos,adultos_ninguno_analfabeta,,0,0,6.702282231,37.06714366,3.234037379,42.792254285353344,INCLUSION
2024-06,No Elegible,Vulnerabilidad Baja,1.0,1.0,1.0,1.0,1.0,1.498900966,1.790108696,1.0,fusal,2,low,jefatura_masculina,no,espanol_uno_mas_adultos,adultos_ninguno_analfabeta,0.0,0,0,0.0,10.02735341,2.279861825,9.70466314991279,EXCLUSION
2023-10,No Elegible,Vulnerabilidad Baja,1.0,1.0,1.0,1.0,1.776038647,2.117608696,1.0,1.0,sotap,2,average,jefatura_femenina,si,espanol_uno_mas_adultos,adultos_ninguno_analfabeta,0.0,0,0,0.0,14.06650994,2.392594036,13.61383558362086,EXCLUSION
2024-01,Elegible,Vulnerabilidad Baja,2.070141643,1.0,1.0,1.0,1.776038647,1.498900966,1.790108696,1.0,sotap,1,low,,,espanol_uno_mas_adultos,adultos_ninguno_analfabeta,,0,0,6.702282231,17.10850297,2.676994919,23.47590261139824,INCLUSION
2023-07,Lista de Reserva,Vulnerabilidad Elevada,2.700708215,1.0,2.578385269,1.0,1.776038647,2.823478261,1.790108696,1.0,foten,3,average,jefatura_femenina,no,espanol_ningun_adulto,adultos_uno_mas_analfabeta,0.0,0,0,20.97871872,26.18890898,3.355378326,46.99995856724294,EXCLUSION
2023-10,Lista de Reserva,Vulnerabilidad Severa,2.700708215,1.0,3.251728045,1.564135978,1.776038647,2.823478261,1.790108696,1.043888889,sotap,7,high,jefatura_masculina,no,espanol_uno_mas_adultos,adultos_uno_mas_analfabeta,-500.0,0,0,31.08118723,26.85846924,3.674774537,58.07554775763619,EXCLUSION
2024-05,Lista de Reserva,Vulnerabilidad Moderada,1.0,1.0,1.0,1.0,1.776038647,2.823478261,1.790108696,1.043888889,fupal,1,low,,,espanol_uno_mas_adultos,adultos_ninguno_analfabeta,0.0,0,0,0.0,26.85846924,2.749615568,25.99413684138756,EXCLUSION
2023-07,Lista de Reserva,Vulnerabilidad Baja,1.0,1.0,1.0,1.0,1.0,1.0,1.790108696,1.0,sotap,1,low,,,espanol_ningun_adulto,adultos_uno_mas_analfabeta,,0,0,0.0,5.614422911,2.156697643,5.433745167301109,EXCLUSION
2023-07,No Elegible,Vulnerabilidad Baja,1.0,1.0,1.0,1.0,1.776038647,2.117608696,1.790108696,1.0,fupal,1,low,,,espanol_uno_mas_adultos,adultos_ninguno_analfabeta,,0,0,0.0,21.88512181,2.610810239,21.18083670503239,EXCLUSION
2023-07,Elegible,Vulnerabilidad Moderada,1.0,1.0,2.578385269,1.0,1.776038647,2.117608696,1.790108696,1.0,pcr_cdmx,2,average,jefatura_masculina,no,espanol_uno_mas_adultos,adultos_ninguno_analfabeta,,0,0,8.975915299,21.88512181,2.877986279,30.44560593426951,INCLUSION
2023-08,No Elegible por Intenciones,Vulnerabilidad Baja,1.0,1.525552408,1.0,1.0,1.0,1.498900966,1.0,1.0,sotap,1,low,,,espanol_uno_mas_adultos,adultos_ninguno_analfabeta,,0,0,3.741369748,3.815111519,2.217844323,7.554108183067449,EXCLUSION
2024-04,Lista de Reserva,Vulnerabilidad Moderada,2.700708215,1.0,1.249197356,1.0,1.776038647,1.498900966,1.790108696,1.0,fupal,3,low,jefatura_masculina,no,espanol_uno_mas_adultos,adultos_ninguno_analfabeta,,0,0,11.93561888,17.10850297,2.832769803,28.87765326709971,EXCLUSION
2024-02,No Elegible,Vulnerabilidad Elevada,1.0,1.0,2.578385269,1.0,1.776038647,2.823478261,1.790108696,1.0,sotap,1,low,,,espanol_uno_mas_adultos,adultos_ninguno_analfabeta,,0,0,8.975915299,26.18890898,2.998104289,34.61089292935174,EXCLUSION
2024-06,No Elegible,Vulnerabilidad Elevada,2.700708215,1.525552408,3.251728045,1.0,1.776038647,2.823478261,1.0,1.0,sotap,1,low,,,espanol_uno_mas_adultos,adultos_ninguno_analfabeta,0.0,0,0,30.67858802,17.78726377,3.409614926,48.88070749568925,EXCLUSION
2024-02,Lista de Reserva,Vulnerabilidad Baja,1.0,1.0,1.0,1.0,1.0,1.0,1.0,1.0,sotap,1,low,,,espanol_uno_mas_adultos,adultos_ninguno_analfabeta,0.0,0,0,0.0,0.0,2.0,0.0,EXCLUSION
2024-06,Lista de Reserva,Vulnerabilidad Moderada,1.0,1.0,1.0,1.0,1.776038647,2.823478261,1.790108696,1.0,sotap,1,low,,,espanol_ningun_adulto,adultos_ninguno_analfabeta,,0,-500,0.0,26.18890898,2.730928248,25.34612370011462,EXCLUSION
2023-11,Elegible,Vulnerabilidad Baja,2.070141643,1.0,1.0,1.0,1.776038647,1.498900966,1.790108696,1.043888889,pcr_cdmx,1,low,,,espanol_ningun_adulto,adultos_ninguno_analfabeta,,0,0,6.702282231,17.68003002,2.692946147,24.029037349402188,INCLUSION
2024-01,Elegible,Vulnerabilidad Baja,1.0,1.0,2.578385269,1.564135978,1.0,1.0,1.0,1.0,sotap,1,low,,,espanol_uno_mas_adultos,adultos_ninguno_analfabeta,0.0,0,0,14.01324416,0.0,2.41711658,14.46420437031296,INCLUSION
2023-12,Elegible,Vulnerabilidad Baja,1.0,1.0,1.0,1.0,1.0,2.117608696,1.790108696,1.043888889,fupal,2,average,jefatura_masculina,no,espanol_uno_mas_adultos,adultos_ninguno_analfabeta,,0,0,0.0,14.70478802,2.410408275,14.23157323672838,INCLUSION
2024-06,Lista de Reserva,Vulnerabilidad Elevada,2.070141643,2.051104816,1.0,1.0,1.776038647,2.823478261,1.790108696,1.043888889,foten,2,average,jefatura_masculina,no,espanol_uno_mas_adultos,adultos_uno_mas_analfabeta,,0,0,14.63015408,26.85846924,3.185095016,41.09510390983604,EXCLUSION
2023-07,Lista de Reserva,Vulnerabilidad Elevada,1.0,1.525552408,1.0,1.0,1.776038647,2.823478261,2.580217391,1.0,foten,3,average,jefatura_femenina,si,espanol_uno_mas_adultos,adultos_ninguno_analfabeta,,0,0,3.741369748,32.12448674,3.007954444,34.95245940008045,EXCLUSION
2023-09,Lista de Reserva,Vulnerabilidad Elevada,1.0,2.051104816,2.578385269,1.0,1.776038647,2.823478261,2.580217391,1.043888889,sotap,1,low,,,espanol_uno_mas_adultos,adultos_ninguno_analfabeta,,0,0,17.3510839,32.85812825,3.433535414,49.710179955772645,EXCLUSION
2023-10,Elegible,Vulnerabilidad Baja,1.0,1.0,2.578385269,1.0,1.0,1.498900966,1.790108696,1.043888889,sotap,3,low,jefatura_masculina,no,espanol_uno_mas_adultos,adultos_ninguno_analfabeta,,0,0,8.975915299,10.52243148,2.560855415,19.44857834177924,INCLUSION
2024-06,No Elegible por Duplicidad,Vulnerabilidad Moderada,1.0,1.0,1.0,1.0,1.776038647,2.117608696,2.580217391,1.043888889,sotap,1,low,,,espanol_uno_mas_adultos,adultos_ninguno_analfabeta,0.0,0,0,0.0,28.09152966,2.784030087,27.18751614401154,EXCLUSION
2023-10,Lista de Reserva,Vulnerabilidad Baja,1.0,1.0,1.0,1.0,1.0,1.498900966,1.0,1.0,sotap,1,low,,,espanol_uno_mas_adultos,adultos_ninguno_analfabeta,0.0,0,0,0.0,3.815111519,2.10647915,3.692337415207061,EXCLUSION
2023-11,Elegible,Vulnerabilidad Baja,1.0,1.0,2.578385269,1.0,1.0,2.117608696,1.790108696,1.0,fupal,4,average,jefatura_masculina,no,espanol_uno_mas_adultos,adultos_ninguno_analfabeta,,0,0,8.975915299,14.16503897,2.662520006,22.973963080143548,INCLUSION
2023-09,Lista de Reserva,Vulnerabilidad Severa,2.700708215,1.0,3.251728045,1.0,1.776038647,2.117608696,2.580217391,1.043888889,sotap,3,complete,jefatura_femenina,si,espanol_uno_mas_adultos,adultos_ninguno_analfabeta,,0,0,24.2379543,28.09152966,3.505494188,52.20547205133984,EXCLUSION
2024-05,No Elegible,Vulnerabilidad Elevada,1.0,1.525552408,2.578385269,1.0,1.776038647,2.823478261,2.580217391,1.043888889,sotap,3,low,jefatura_masculina,no,espanol_uno_mas_adultos,adultos_uno_mas_analfabeta,,0,0,13.7168894,32.85812825,3.325360407,45.95903344256815,EXCLUSION
2024-02,Lista de Reserva,Vulnerabilidad Elevada,2.070141643,1.0,1.0,1.0,1.776038647,2.117608696,2.580217391,1.043888889,sotap,2,complete,jefatura_femenina,si,espanol_uno_mas_adultos,adultos_ninguno_analfabeta,,0,0,6.702282231,28.09152966,2.983529432,34.10548451948735,EXCLUSION
2023-11,Elegible,Vulnerabilidad Baja,1.0,1.0,2.578385269,1.0,1.776038647,1.0,1.790108696,1.043888889,fomon,2,low,jefatura_masculina,no,espanol_uno_mas_adultos,adultos_ninguno_analfabeta,0.0,0,0,8.975915299,12.53066404,2.616904864,21.39218396976588,INCLUSION
2023-10,No Elegible,Vulnerabilidad Baja,1.0,1.0,1.0,1.0,1.776038647,2.117608696,1.790108696,1.0,pcr_cdmx,4,average,jefatura_masculina,no,espanol_uno_mas_adultos,adultos_ninguno_analfabeta,-500.0,0,0,0.0,21.88512181,2.610810239,21.18083670503239,EXCLUSION
2023-08,No Elegible,Vulnerabilidad Elevada,1.0,1.525552408,2.578385269,1.0,1.776038647,2.823478261,2.580217391,1.0,sotap,1,low,,,espanol_uno_mas_adultos,adultos_ninguno_analfabeta,,0,0,13.7168894,32.12448674,3.304884591,45.24900125000146,EXCLUSION
2024-06,No Elegible,Vulnerabilidad Moderada,1.0,1.0,1.0,1.0,1.776038647,2.117608696,2.580217391,1.043888889,fupal,1,low,,,espanol_ningun_adulto,adultos_ninguno_analfabeta,,0,0,0.0,28.09152966,2.784030087,27.18751614401154,EXCLUSION
2023-06,No Elegible,Vulnerabilidad Elevada,1.0,1.0,2.578385269,1.0,1.776038647,2.117608696,2.580217391,1.043888889,sotap,2,complete,jefatura_femenina,si,espanol_uno_mas_adultos,adultos_ninguno_analfabeta,,0,0,8.975915299,28.09152966,3.051206127,36.45228537324866,EXCLUSION
2023-11,No Elegible por Duplicidad,Vulnerabilidad Severa,2.700708215,1.0,2.578385269,1.0,1.776038647,2.823478261,2.580217391,1.043888889,sotap,3,average,jefatura_femenina,si,espanol_uno_mas_adultos,adultos_uno_mas_analfabeta,,0,0,20.97871872,32.85812825,3.541515166,53.45455569191508,EXCLUSION
2024-02,Elegible,Vulnerabilidad Moderada,1.0,1.525552408,2.578385269,1.0,1.776038647,1.0,1.790108696,1.0,foten,1,low,,,espanol_uno_mas_adultos,adultos_ninguno_analfabeta,,0,0,13.7168894,12.01413641,2.743607939,25.785822103971192,INCLUSION
2023-07,Lista de Reserva,Vulnerabilidad Baja,1.0,1.0,2.578385269,1.0,1.0,1.0,1.790108696,1.0,sotap,1,low,,,espanol_uno_mas_adultos,adultos_ninguno_analfabeta,,0,0,8.975915299,5.614422911,2.423873683,14.69851439653823,EXCLUSION
2023-10,Elegible,Vulnerabilidad Severa,2.700708215,2.051104816,3.251728045,1.0,1.776038647,2.823478261,2.580217391,1.043888889,sotap,1,low,,,espanol_uno_mas_adultos,adultos_uno_mas_analfabeta,,0,-500,35.61565687,32.85812825,3.977196548,68.56252514852022,INCLUSION
2024-04,No Elegible,Vulnerabilidad Baja,1.0,1.0,1.0,1.0,1.0,1.498900966,2.580217391,1.0,sotap,3,average,jefatura_masculina,no,espanol_uno_mas_adultos,adultos_ninguno_analfabeta,,0,0,0.0,14.41616583,2.402352876,13.95223919742477,EXCLUSION
2024-06,No Elegible por Intenciones,Vulnerabilidad Elevada,2.070141643,1.0,2.578385269,1.0,1.776038647,2.823478261,2.580217391,1.043888889,sotap,3,complete,jefatura_femenina,si,espanol_uno_mas_adultos,adultos_ninguno_analfabeta,-500.0,0,0,17.46888676,32.85812825,3.43704192,49.83177382961031,EXCLUSION
2024-05,No Elegible,Vulnerabilidad Baja,1.0,1.0,1.0,1.0,1.776038647,2.117608696,1.790108696,1.0,sotap,4,average,jefatura_femenina,si,espanol_uno_mas_adultos,adultos_ninguno_analfabeta,,0,0,0.0,21.88512181,2.610810239,21.18083670503239,EXCLUSION
2024-02,Elegible,Vulnerabilidad Moderada,1.0,1.0,1.0,1.0,1.776038647,2.823478261,1.790108696,1.0,fupal,1,low,,,espanol_uno_mas_adultos,adultos_ninguno_analfabeta,,0,0,0.0,26.18890898,2.730928248,25.34612370011462,INCLUSION
2023-07,No Elegible,Vulnerabilidad Elevada,2.700708215,1.0,2.578385269,1.0,1.776038647,1.0,1.790108696,1.0,foten,4,average,jefatura_femenina,no,espanol_uno_mas_adultos,adultos_ninguno_analfabeta,,0,0,20.97871872,12.01413641,2.959762698,33.28134435331811,EXCLUSION
2023-10,Elegible,Vulnerabilidad Elevada,1.0,1.0,2.578385269,1.0,1.776038647,2.823478261,2.580217391,1.043888889,sotap,1,low,,,espanol_uno_mas_adultos,adultos_ninguno_analfabeta,,0,0,8.975915299,32.85812825,3.184241129,41.06549005402387,INCLUSION
2024-05,No Elegible,Vulnerabilidad Baja,1.0,1.0,1.0,1.0,1.0,1.498900966,1.790108696,1.0,fomon,2,low,jefatura_femenina,no,espanol_uno_mas_adultos,adultos_ninguno_analfabeta,-500.0,0,0,0.0,10.02735341,2.279861825,9.70466314991279,EXCLUSION
2023-09,Elegible,Vulnerabilidad Baja,1.0,1.0,1.0,1.0,1.776038647,2.117608696,1.790108696,1.0,sotap,2,low,jefatura_masculina,no,espanol_uno_mas_adultos,adultos_ninguno_analfabeta,0.0,0,0,0.0,21.88512181,2.610810239,21.18083670503239,INCLUSION
2024-01,No Elegible,Vulnerabilidad Severa,1.0,1.525552408,2.578385269,1.0,1.776038647,2.823478261,2.580217391,2.544987923,sotap,3,complete,jefatura_femenina,si,espanol_uno_mas_adultos,adultos_ninguno_analfabeta,,0,0,13.7168894,50.0,3.803787298,62.5492626177814,EXCLUSION
2023-11,No Elegible por Duplicidad,Vulnerabilidad Elevada,2.700708215,1.525552408,2.578385269,1.0,1.776038647,1.498900966,1.790108696,1.043888889,sotap,1,low,,,espanol_uno_mas_adultos,adultos_ninguno_analfabeta,,0,0,27.05638709,17.68003002,3.298804042,45.03815765686967,EXCLUSION
2023-11,Elegible,Vulnerabilidad Baja,1.0,1.0,1.0,1.0,1.776038647,1.498900966,2.580217391,1.043888889,fomon,4,average,jefatura_masculina,no,espanol_uno_mas_adultos,adultos_ninguno_analfabeta,0.0,-500,0,0.0,22.80125306,2.636379315,22.06748593527614,INCLUSION
2024-06,No Elegible,Vulnerabilidad Elevada,2.070141643,1.0,2.578385269,1.0,1.776038647,2.823478261,2.580217391,1.043888889,sotap,4,average,jefatura_femenina,si,espanol_uno_mas_adultos,adultos_ninguno_analfabeta,-500.0,0,0,17.46888676,32.85812825,3.43704192,49.83177382961031,EXCLUSION
2023-07,Lista de Reserva,Vulnerabilidad Severa,2.070141643,1.0,1.0,1.0,1.776038647,2.823478261,2.580217391,2.544987923,sotap,1,low,,,espanol_ningun_adulto,adultos_uno_mas_analfabeta,,0,0,6.702282231,50.0,3.594991325,55.308918375475805,EXCLUSION
2024-05,No Elegible,Vulnerabilidad Moderada,1.0,1.0,1.0,1.0,1.776038647,2.823478261,1.790108696,1.0,sotap,1,low,,,espanol_uno_mas_adultos,adultos_ninguno_analfabeta,,0,0,0.0,26.18890898,2.730928248,25.34612370011462,EXCLUSION
2024-05,No Elegible,Vulnerabilidad Moderada,1.0,1.0,1.0,1.0,1.776038647,2.823478261,1.790108696,1.0,foten,2,low,jefatura_masculina,no,espanol_uno_mas_adultos,adultos_ninguno_analfabeta,-500.0,0,0,0.0,26.18890898,2.730928248,25.34612370011462,EXCLUSION
2023-10,No Elegible,Vulnerabilidad Elevada,1.0,1.0,3.251728045,1.0,1.776038647,2.823478261,2.580217391,1.0,foten,2,average,jefatura_femenina,si,espanol_uno_mas_adultos,adultos_ninguno_analfabeta,0.0,0,0,11.51832969,32.12448674,3.23944252,42.97968968997395,EXCLUSION
2023-10,Elegible,Vulnerabilidad Elevada,1.0,1.0,3.251728045,1.0,1.776038647,2.823478261,1.790108696,1.0,sotap,1,low,,,espanol_uno_mas_adultos,adultos_ninguno_analfabeta,0.0,0,0,11.51832969,26.18890898,3.073781497,37.23512475786851,INCLUSION
2023-11,Elegible,Vulnerabilidad Elevada,1.0,1.0,2.578385269,1.0,1.776038647,2.823478261,2.580217391,1.0,sotap,3,low,jefatura_masculina,no,espanol_uno_mas_adultos,adultos_ninguno_analfabeta,,0,0,8.975915299,32.12448674,3.163765312,40.35545786145718,INCLUSION
2024-01,No Elegible,Vulnerabilidad Elevada,1.0,1.0,2.578385269,1.0,1.776038647,2.823478261,2.580217391,1.043888889,sotap,4,average,jefatura_masculina,no,espanol_uno_mas_adultos,adultos_ninguno_analfabeta,0.0,0,0,8.975915299,32.85812825,3.184241129,41.06549005402387,EXCLUSION
2023-12,No Elegible,Vulnerabilidad Elevada,1.0,2.051104816,1.0,1.0,1.776038647,2.823478261,2.580217391,1.0,sotap,1,low,,,espanol_uno_mas_adultos,adultos_uno_mas_analfabeta,,0,0,6.609317356,32.12448674,3.093321436,37.9127004300535,EXCLUSION
2024-03,No Elegible,Vulnerabilidad Moderada,2.070141643,1.0,1.249197356,1.0,1.776038647,2.117608696,1.790108696,1.043888889,sotap,1,low,,,espanol_uno_mas_adultos,adultos_ninguno_analfabeta,0.0,0,0,9.00737574,22.50821784,2.896313237,31.0811229803799,EXCLUSION
2024-05,No Elegible,Vulnerabilidad Moderada,2.700708215,1.0,1.0,1.0,1.776038647,1.0,2.580217391,1.0,sotap,4,average,jefatura_masculina,no,espanol_ningun_adulto,adultos_ninguno_analfabeta,,0,0,9.472088355,16.59309681,2.74505574,25.83602399190964,EXCLUSION
2023-11,No Elegible,Vulnerabilidad Baja,1.0,1.0,1.0,1.0,1.776038647,2.117608696,1.0,1.043888889,fupal,2,average,jefatura_femenina,si,espanol_uno_mas_adultos,adultos_ninguno_analfabeta,0.0,0,0,0.0,14.60519526,2.407628657,14.13518547133794,EXCLUSION
2023-08,No Elegible,Vulnerabilidad Elevada,1.0,2.051104816,1.0,1.0,1.776038647,2.823478261,1.790108696,1.0,sotap,1,low,,,espanol_ningun_adulto,adultos_ninguno_analfabeta,,0,0,6.609317356,26.18890898,2.927660413,32.16813549794806,EXCLUSION
2024-03,No Elegible,Vulnerabilidad Elevada,1.0,1.0,2.578385269,1.0,1.776038647,2.117608696,2.580217391,1.043888889,sotap,1,low,,,espanol_uno_mas_adultos,adultos_ninguno_analfabeta,500.0,0,0,8.975915299,28.09152966,3.051206127,36.45228537324866,EXCLUSION
2024-03,Elegible,Vulnerabilidad Baja,2.700708215,1.0,1.249197356,1.0,1.776038647,1.498900966,1.0,1.0,sotap,1,low,,,espanol_uno_mas_adultos,adultos_ninguno_analfabeta,,0,0,11.93561888,9.93697889,2.632613717,21.936916003518192,INCLUSION
2023-08,Elegible,Vulnerabilidad Baja,1.0,1.525552408,2.578385269,1.0,1.0,1.0,1.790108696,1.0,pcr_cdmx,4,average,jefatura_masculina,no,espanol_uno_mas_adultos,adultos_ninguno_analfabeta,0.0,0,0,13.7168894,5.614422911,2.564992962,19.59205778508251,INCLUSION
2023-08,Lista de Reserva,Vulnerabilidad Elevada,2.700708215,1.0,2.578385269,1.0,1.776038647,2.823478261,1.790108696,1.0,sotap,2,average,jefatura_femenina,si,espanol_uno_mas_adultos,adultos_uno_mas_analfabeta,,0,0,20.97871872,26.18890898,3.355378326,46.99995856724294,EXCLUSION
2024-05,No Elegible,Vulnerabilidad Moderada,1.0,1.0,2.578385269,1.0,1.0,2.117608696,2.580217391,1.043888889,sotap,1,low,,,espanol_ningun_adulto,adultos_ninguno_analfabeta,0.0,0,-500,8.975915299,19.54126117,2.812569505,28.177173073525346,EXCLUSION
2024-06,Elegible,Vulnerabilidad Elevada,1.0,1.0,2.578385269,1.0,1.776038647,2.823478261,1.790108696,1.0,sotap,3,average,jefatura_femenina,si,espanol_uno_mas_adultos,adultos_ninguno_analfabeta,0.0,0,0,8.975915299,26.18890898,2.998104289,34.61089292935174,INCLUSION
2024-01,No Elegible,Vulnerabilidad Baja,1.0,1.0,1.0,1.0,1.776038647,1.498900966,1.790108696,1.0,foten,1,low,,,espanol_ningun_adulto,adultos_ninguno_analfabeta,,0,0,0.0,17.10850297,2.477495573,16.55793423592243,EXCLUSION
2024-02,No Elegible,Vulnerabilidad Moderada,1.0,1.0,2.578385269,1.0,1.776038647,2.117608696,1.790108696,1.0,foten,1,low,,,espanol_uno_mas_adultos,adultos_ninguno_analfabeta,,0,0,8.975915299,21.88512181,2.877986279,30.44560593426951,EXCLUSION
2024-06,Lista de Reserva,Vulnerabilidad Baja,1.0,1.0,1.0,1.0,1.0,2.117608696,1.790108696,1.0,pcr_cdmx,1,low,,,espanol_ningun_adulto,adultos_ninguno_analfabeta,,0,0,0.0,14.16503897,2.395343965,13.709193850906429,EXCLUSION
2024-04,Elegible,Vulnerabilidad Elevada,1.0,2.051104816,2.578385269,1.0,1.776038647,2.823478261,1.790108696,1.043888889,futij,1,low,,,espanol_uno_mas_adultos,adultos_ninguno_analfabeta,,0,0,17.3510839,26.85846924,3.266085893,43.90359597237346,INCLUSION
2024-05,Lista de Reserva,Vulnerabilidad Baja,1.0,1.0,1.0,1.0,1.776038647,1.498900966,1.790108696,1.0,futij,2,average,jefatura_femenina,si,espanol_uno_mas_adultos,adultos_ninguno_analfabeta,0.0,0,0,0.0,17.10850297,2.477495573,16.55793423592243,EXCLUSION
2024-02,No Elegible,Vulnerabilidad Baja,2.700708215,1.0,1.0,1.0,1.0,1.0,1.790108696,1.0,sotap,1,low,,,espanol_ningun_adulto,adultos_uno_mas_analfabeta,,0,0,9.472088355,5.614422911,2.438642712,15.210654797653364,EXCLUSION
2024-05,Elegible,Vulnerabilidad Baja,1.0,1.0,1.0,1.0,1.0,2.117608696,1.0,1.0,foten,3,average,jefatura_femenina,si,espanol_uno_mas_adultos,adultos_ninguno_analfabeta,,0,0,0.0,7.392265486,2.206316944,7.154374990395034,INCLUSION
2023-11,Lista de Reserva,Vulnerabilidad Baja,1.0,1.0,1.0,1.564135978,1.0,1.0,1.0,1.0,pcr_cdmx,1,low,,,espanol_uno_mas_adultos,adultos_ninguno_analfabeta,,0,0,3.975239986,0.0,2.118326527,4.103167183989466,EXCLUSION
2023-10,Lista de Reserva,Vulnerabilidad Elevada,2.070141643,1.0,1.0,1.0,1.776038647,2.823478261,2.580217391,1.043888889,sotap,2,average,jefatura_femenina,si,espanol_uno_mas_adultos,adultos_ninguno_analfabeta,,0,0,6.702282231,32.85812825,3.116564434,38.71868920026256,EXCLUSION
2023-08,No Elegible,Vulnerabilidad Moderada,1.0,1.525552408,1.0,1.0,1.776038647,2.117608696,1.790108696,1.0,sotap,1,low,,,espanol_uno_mas_adultos,adultos_ninguno_analfabeta,0.0,0,0,3.741369748,21.88512181,2.722175411,25.04260747289278,EXCLUSION
2024-01,Lista de Reserva,Vulnerabilidad Baja,1.0,1.525552408,1.0,1.0,1.0,2.117608696,1.0,1.0,sotap,3,average,jefatura_masculina,si,espanol_uno_mas_adultos,adultos_ninguno_analfabeta,0.0,0,0,3.741369748,7.392265486,2.317682116,11.016145758255425,EXCLUSION
2024-03,No Elegible,Vulnerabilidad Baja,1.0,1.0,1.0,1.0,1.776038647,1.498900966,1.790108696,1.0,sotap,2,low,jefatura_masculina,no,espanol_ningun_adulto,adultos_ninguno_analfabeta,,0,0,0.0,17.10850297,2.477495573,16.55793423592243,EXCLUSION
2024-03,No Elegible,Vulnerabilidad Moderada,1.0,2.051104816,2.578385269,1.0,1.776038647,1.0,1.790108696,1.0,sotap,1,low,,,espanol_ningun_adulto,adultos_uno_mas_analfabeta,,0,0,17.3510839,12.01413641,2.851782945,29.536968617175688,EXCLUSION
2024-02,Lista de Reserva,Vulnerabilidad Baja,1.0,1.0,1.0,1.0,1.776038647,1.0,1.790108696,1.0,foten,1,low,,,espanol_uno_mas_adultos,adultos_ninguno_analfabeta,0.0,0,0,0.0,12.01413641,2.33531262,11.62750948618979,EXCLUSION
2023-06,No Elegible,Vulnerabilidad Baja,1.0,1.0,1.0,1.0,1.776038647,1.0,1.790108696,1.0,sotap,3,low,jefatura_femenina,no,espanol_uno_mas_adultos,adultos_ninguno_analfabeta,0.0,0,0,0.0,12.01413641,2.33531262,11.62750948618979,EXCLUSION
2024-06,No Elegible,Vulnerabilidad Baja,1.0,1.0,1.0,1.0,1.776038647,1.0,1.790108696,1.0,sotap,1,low,,,espanol_uno_mas_adultos,adultos_ninguno_analfabeta,,0,0,0.0,12.01413641,2.33531262,11.62750948618979,EXCLUSION
2023-06,Lista de Reserva,Vulnerabilidad Baja,1.0,1.0,1.0,1.0,1.776038647,2.117608696,1.0,1.0,sotap,1,low,,,espanol_ningun_adulto,adultos_ninguno_analfabeta,0.0,0,0,0.0,14.06650994,2.392594036,13.61383558362086,EXCLUSION
2023-09,No Elegible,Vulnerabilidad Elevada,1.0,1.0,3.251728045,1.0,1.776038647,2.823478261,2.580217391,1.0,foten,3,average,jefatura_masculina,no,espanol_ningun_adulto,adultos_ninguno_analfabeta,,0,0,11.51832969,32.12448674,3.23944252,42.97968968997395,EXCLUSION
2024-05,No Elegible,Vulnerabilidad Moderada,1.0,1.0,1.0,1.0,1.776038647,2.823478261,1.790108696,1.043888889,sotap,4,average,jefatura_femenina,no,espanol_uno_mas_adultos,adultos_ninguno_analfabeta,0.0,0,0,0.0,26.85846924,2.749615568,25.99413684138756,EXCLUSION
2024-04,Lista de Reserva,Vulnerabilidad Moderada,1.0,1.0,1.0,1.0,1.776038647,2.823478261,2.580217391,1.0,sotap,3,average,jefatura_masculina,no,espanol_uno_mas_adultos,adultos_ninguno_analfabeta,0.0,0,-500,0.0,32.12448674,2.896589272,31.09068863222006,EXCLUSION
2024-02,No Elegible,Vulnerabilidad Elevada,2.700708215,1.0,3.251728045,1.0,1.776038647,2.117608696,2.580217391,1.0,sotap,4,average,jefatura_masculina,no,espanol_uno_mas_adultos,adultos_ninguno_analfabeta,,0,0,24.2379543,27.40879931,3.486439293,51.54471264673319,EXCLUSION
2024-05,Lista de Reserva,Vulnerabilidad Moderada,1.0,1.0,2.578385269,1.0,1.0,2.823478261,1.790108696,1.043888889,sotap,3,average,jefatura_masculina,no,espanol_uno_mas_adultos,adultos_ninguno_analfabeta,0.0,0,0,8.975915299,18.47313819,2.782758364,27.143423359144727,EXCLUSION
2024-03,Lista de Reserva,Vulnerabilidad Baja,1.0,1.0,2.578385269,1.0,1.776038647,1.0,1.790108696,1.043888889,fomon,3,low,jefatura_masculina,no,espanol_uno_mas_adultos,adultos_ninguno_analfabeta,,0,0,8.975915299,12.53066404,2.616904864,21.39218396976588,EXCLUSION
2023-09,No Elegible,Vulnerabilidad Baja,1.0,1.0,1.0,1.0,1.0,1.498900966,1.790108696,1.0,pcr_cdmx,1,low,,,espanol_ningun_adulto,adultos_uno_mas_analfabeta,,0,0,0.0,10.02735341,2.279861825,9.70466314991279,EXCLUSION
2024-04,No Elegible,Vulnerabilidad Elevada,1.0,1.0,2.578385269,1.0,1.776038647,2.823478261,1.790108696,1.0,sotap,2,low,jefatura_masculina,no,espanol_uno_mas_adultos,adultos_ninguno_analfabeta,0.0,0,0,8.975915299,26.18890898,2.998104289,34.61089292935174,EXCLUSION
2024-03,Lista de Reserva,Vulnerabilidad Moderada,2.700708215,1.0,1.0,1.0,1.776038647,2.117608696,1.790108696,1.0,sotap,2,low,jefatura_masculina,no,espanol_uno_mas_adultos,adultos_ninguno_analfabeta,0.0,0,0,9.472088355,21.88512181,2.892755308,30.95774633538465,EXCLUSION
2024-01,Elegible por Proceso Acelerado,Vulnerabilidad Elevada,2.700708215,1.0,1.249197356,1.0,1.776038647,2.117608696,1.790108696,1.0,foten,3,average,jefatura_femenina,si,espanol_uno_mas_adultos,adultos_ninguno_analfabeta,0.0,0,0,11.93561888,21.88512181,2.966084469,33.50055573620967,INCLUSION
2024-02,No Elegible,Vulnerabilidad Baja,1.0,1.0,1.249197356,1.0,1.0,1.498900966,1.790108696,1.0,sotap,1,low,,,espanol_uno_mas_adultos,adultos_ninguno_analfabeta,,0,0,1.921713018,10.02735341,2.337063309,11.688218814545047,EXCLUSION
2023-07,No Elegible,Vulnerabilidad Baja,2.070141643,1.0,1.0,1.0,1.0,1.0,1.790108696,1.043888889,sotap,1,low,,,espanol_uno_mas_adultos,adultos_ninguno_analfabeta,0.0,0,0,6.702282231,6.061858428,2.368684842,12.78475013740434,EXCLUSION
2024-02,No Elegible,Vulnerabilidad Elevada,2.070141643,1.0,1.0,1.0,1.776038647,2.823478261,2.580217391,1.043888889,sotap,1,low,,,espanol_uno_mas_adultos,adultos_ninguno_analfabeta,0.0,0,0,6.702282231,32.85812825,3.116564434,38.71868920026256,EXCLUSION
2023-07,Lista de Reserva,Vulnerabilidad Elevada,1.0,1.525552408,2.578385269,1.0,1.776038647,2.823478261,1.790108696,1.0,sotap,1,low,,,espanol_uno_mas_adultos,adultos_uno_mas_analfabeta,,0,0,13.7168894,26.18890898,3.139223567,39.50443631789602,EXCLUSION
2023-06,Lista de Reserva,Vulnerabilidad Moderada,1.599560907,1.0,1.0,1.0,1.776038647,2.823478261,1.790108696,1.043888889,sotap,1,low,,,espanol_ningun_adulto,adultos_ninguno_analfabeta,,0,0,4.186184624,26.85846924,2.874221048,30.315037072772505,EXCLUSION
2024-02,Elegible,Vulnerabilidad Baja,1.0,1.0,1.0,1.0,1.0,1.0,1.790108696,1.043888889,foten,1,low,,,espanol_uno_mas_adultos,adultos_ninguno_analfabeta,0.0,0,0,0.0,6.061858428,2.169185496,5.866781761928531,INCLUSION
2024-02,No Elegible,Vulnerabilidad Baja,1.0,1.0,2.578385269,1.0,1.0,1.0,1.0,1.0,sotap,1,low,,,espanol_ningun_adulto,adultos_ninguno_analfabeta,,0,0,8.975915299,0.0,2.267176041,9.26476922923712,EXCLUSION
2023-07,No Elegible,Vulnerabilidad Elevada,2.070141643,1.0,3.251728045,1.0,1.776038647,1.0,2.580217391,2.544987923,sotap,4,average,jefatura_masculina,no,espanol_ningun_adulto,adultos_ninguno_analfabeta,0.0,-500,0,20.51851115,30.38303782,3.458737305,50.58409863723273,EXCLUSION
2023-09,No Elegible,Vulnerabilidad Elevada,1.0,1.0,2.578385269,1.0,1.776038647,2.117608696,2.580217391,1.0,sotap,3,average,jefatura_masculina,si,espanol_uno_mas_adultos,adultos_ninguno_analfabeta,0.0,-500,0,8.975915299,27.40879931,3.032151233,35.791525968642006,EXCLUSION
2023-11,No Elegible,Vulnerabilidad Elevada,1.0,1.0,2.578385269,1.0,1.776038647,2.823478261,1.790108696,1.043888889,foten,1,low,,,espanol_uno_mas_adultos,adultos_uno_mas_analfabeta,,0,0,8.975915299,26.85846924,3.016791609,35.25890607062468,EXCLUSION
2024-02,No Elegible por Intenciones,Vulnerabilidad Severa,2.700708215,2.051104816,3.251728045,1.0,1.776038647,2.823478261,1.790108696,1.0,sotap,2,low,jefatura_masculina,no,espanol_uno_mas_adultos,adultos_ninguno_analfabeta,,0,0,35.61565687,26.18890898,3.791059708,62.10792802384809,EXCLUSION
2024-02,No Elegible,Vulnerabilidad Baja,1.0,1.0,1.0,1.0,1.776038647,2.117608696,1.790108696,1.0,fupal,1,low,,,espanol_uno_mas_adultos,adultos_ninguno_analfabeta,,0,0,0.0,21.88512181,2.610810239,21.18083670503239,EXCLUSION
2023-08,No Elegible,Vulnerabilidad Elevada,1.0,1.525552408,2.578385269,1.0,1.776038647,2.823478261,1.790108696,1.0,sotap,1,low,,,espanol_uno_mas_adultos,adultos_ninguno_analfabeta,0.0,0,0,13.7168894,26.18890898,3.139223567,39.50443631789602,EXCLUSION
2024-06,No Elegible,Vulnerabilidad Elevada,2.070141643,1.0,1.0,1.0,1.776038647,1.0,2.580217391,2.544987923,sotap,2,low,jefatura_masculina,no,espanol_uno_mas_adultos,adultos_ninguno_analfabeta,0.0,0,-500,6.702282231,30.38303782,3.047485057,36.32324965539039,EXCLUSION
2023-12,Lista de Reserva,Vulnerabilidad Baja,1.0,1.525552408,1.0,1.0,1.0,1.498900966,1.0,1.0,sotap,4,average,jefatura_femenina,si,espanol_uno_mas_adultos,adultos_ninguno_analfabeta,0.0,0,0,3.741369748,3.815111519,2.217844323,7.554108183067449,EXCLUSION
2023-07,Lista de Reserva,Vulnerabilidad Elevada,2.070141643,1.0,1.0,1.0,1.776038647,1.498900966,2.580217391,2.544987923,sotap,1,low,,,espanol_uno_mas_adultos,adultos_ninguno_analfabeta,,0,0,6.702282231,37.43330939,3.244257006,43.14663643599621,EXCLUSION
2023-11,No Elegible,Vulnerabilidad Moderada,2.070141643,1.0,1.249197356,1.564135978,1.0,1.498900966,1.790108696,1.043888889,sotap,6,average,jefatura_masculina,no,espanol_uno_mas_adultos,adultos_ninguno_analfabeta,,0,0,14.04842721,10.52243148,2.711843209,24.684328758587128,EXCLUSION
2023-09,Elegible,Vulnerabilidad Elevada,2.070141643,1.0,1.0,1.0,1.776038647,2.117608696,2.580217391,2.544987923,sotap,1,low,,,espanol_uno_mas_adultos,adultos_ninguno_analfabeta,,0,0,6.702282231,44.04383881,3.428755821,49.5444324087312,INCLUSION
2023-10,No Elegible,Vulnerabilidad Elevada,2.700708215,1.0,3.251728045,1.0,1.776038647,1.498900966,1.790108696,1.0,sotap,2,complete,jefatura_femenina,si,espanol_uno_mas_adultos,adultos_ninguno_analfabeta,,0,0,24.2379543,17.10850297,3.198959675,41.57589014325073,EXCLUSION
2024-05,No Elegible,Vulnerabilidad Baja,1.0,1.0,1.0,1.0,1.0,1.498900966,1.0,1.0,fupal,2,average,jefatura_femenina,si,espanol_uno_mas_adultos,adultos_ninguno_analfabeta,,0,0,0.0,3.815111519,2.10647915,3.692337415207061,EXCLUSION
2024-03,Elegible,Vulnerabilidad Baja,1.0,1.0,1.0,1.0,1.0,2.117608696,1.790108696,1.0,sotap,2,average,jefatura_femenina,si,espanol_uno_mas_adultos,adultos_ninguno_analfabeta,0.0,0,0,0.0,14.16503897,2.395343965,13.709193850906429,INCLUSION
2024-03,Elegible,Vulnerabilidad Elevada,1.0,2.051104816,2.578385269,1.0,1.776038647,2.823478261,2.580217391,1.043888889,sotap,4,average,jefatura_masculina,no,espanol_uno_mas_adultos,adultos_ninguno_analfabeta,-500.0,0,0,17.3510839,32.85812825,3.433535414,49.710179955772645,INCLUSION
2023-08,Lista de Reserva,Vulnerabilidad Elevada,2.700708215,1.0,2.578385269,1.0,1.776038647,2.117608696,2.580217391,1.0,foten,2,average,jefatura_femenina,si,espanol_uno_mas_adultos,adultos_ninguno_analfabeta,0.0,0,0,20.97871872,27.40879931,3.389425269,48.18059160653321,EXCLUSION
2024-02,No Elegible,Vulnerabilidad Baja,2.700708215,1.0,1.0,1.0,1.0,1.0,1.0,1.0,pcr_cdmx,4,low,jefatura_masculina,no,espanol_uno_mas_adultos,adultos_ninguno_analfabeta,0.0,0,0,9.472088355,0.0,2.28194507,9.776909630352256,EXCLUSION
2024-01,Elegible,Vulnerabilidad Baja,1.0,1.0,1.0,1.0,1.776038647,1.0,1.790108696,1.0,sotap,3,average,jefatura_masculina,no,espanol_uno_mas_adultos,adultos_ninguno_analfabeta,,0,0,0.0,12.01413641,2.33531262,11.62750948618979,INCLUSION
2023-09,Elegible,Vulnerabilidad Elevada,1.0,1.0,1.0,1.564135978,1.776038647,1.498900966,2.580217391,1.738466184,sotap,2,low,jefatura_masculina,no,espanol_ningun_adulto,adultos_uno_mas_analfabeta,0.0,0,0,3.975239986,30.77500505,2.977251981,33.887801796475415,INCLUSION
2023-08,Elegible,Vulnerabilidad Moderada,1.0,1.0,1.249197356,1.0,1.776038647,2.823478261,1.790108696,1.043888889,sotap,1,low,,,espanol_uno_mas_adultos,adultos_ninguno_analfabeta,0.0,0,0,1.921713018,26.85846924,2.806817052,27.97769250601982,INCLUSION
2024-04,No Elegible,Vulnerabilidad Moderada,2.700708215,2.051104816,2.578385269,1.0,1.0,1.0,1.0,1.0,fupal,1,low,,,espanol_uno_mas_adultos,adultos_ninguno_analfabeta,0.0,0,0,31.71522481,0.0,2.944031657,32.73585245961061,EXCLUSION
2024-01,Elegible,Vulnerabilidad Moderada,1.0,1.0,1.0,1.0,1.776038647,2.823478261,1.790108696,1.0,sotap,1,low,,,espanol_ningun_adulto,adultos_ninguno_analfabeta,,0,0,0.0,26.18890898,2.730928248,25.34612370011462,INCLUSION
2023-07,No Elegible,Vulnerabilidad Elevada,1.0,1.0,1.249197356,1.564135978,1.776038647,2.823478261,1.790108696,1.043888889,sotap,1,low,,,espanol_uno_mas_adultos,adultos_ninguno_analfabeta,-500.0,0,0,6.124342631,26.85846924,2.931912031,32.31556694259577,EXCLUSION
2024-05,Elegible,Vulnerabilidad Baja,1.0,1.0,2.578385269,1.0,1.776038647,1.0,1.790108696,1.0,sotap,1,low,,,espanol_uno_mas_adultos,adultos_ninguno_analfabeta,0.0,0,0,8.975915299,12.01413641,2.602488661,20.89227871542691,INCLUSION
2024-01,Lista de Reserva,Vulnerabilidad Baja,1.0,1.525552408,1.0,1.564135978,1.0,2.117608696,1.0,1.0,sotap,4,low,jefatura_masculina,no,espanol_uno_mas_adultos,adultos_ninguno_analfabeta,0.0,0,0,8.159313021,7.392265486,2.449186097,15.576262863723835,EXCLUSION
2023-09,No Elegible,Vulnerabilidad Baja,1.0,1.0,1.0,1.0,1.0,2.823478261,1.790108696,1.0,sotap,1,low,,,espanol_uno_mas_adultos,adultos_ninguno_analfabeta,,0,0,0.0,17.8931401,2.49939467,17.3173209584419,EXCLUSION
2024-05,No Elegible,Vulnerabilidad Moderada,1.0,1.525552408,1.0,1.0,1.776038647,2.823478261,1.790108696,1.0,sotap,6,average,jefatura_masculina,no,espanol_ningun_adulto,adultos_ninguno_analfabeta,,0,0,3.741369748,26.18890898,2.842293421,29.20789446797501,EXCLUSION
2023-07,No Elegible,Vulnerabilidad Baja,1.0,1.0,1.0,1.0,1.0,1.498900966,1.0,1.0,sotap,4,average,jefatura_masculina,no,espanol_uno_mas_adultos,adultos_ninguno_analfabeta,,0,0,0.0,3.815111519,2.10647915,3.692337415207061,EXCLUSION
2024-05,No Elegible,Vulnerabilidad Baja,1.0,1.0,1.0,1.0,1.776038647,1.0,1.790108696,1.0,pcr_cdmx,1,low,,,espanol_uno_mas_adultos,adultos_ninguno_analfabeta,0.0,0,0,0.0,12.01413641,2.33531262,11.62750948618979,EXCLUSION
2023-10,Elegible,Vulnerabilidad Elevada,2.700708215,1.0,2.578385269,1.0,1.776038647,2.117608696,1.790108696,1.0,foten,5,high,jefatura_masculina,no,espanol_uno_mas_adultos,adultos_ninguno_analfabeta,,0,0,20.97871872,21.88512181,3.235260316,42.83467157216072,INCLUSION
2023-07,No Elegible,Vulnerabilidad Baja,1.0,1.0,1.0,1.564135978,1.0,1.0,2.580217391,1.0,sotap,1,low,,,espanol_ningun_adulto,adultos_ninguno_analfabeta,,0,0,3.975239986,9.580889352,2.385727611,13.375733935752754,EXCLUSION
2023-12,No Elegible,Vulnerabilidad Baja,1.0,1.0,2.578385269,1.0,1.0,1.498900966,1.790108696,1.0,fusal,1,low,,,espanol_uno_mas_adultos,adultos_ninguno_analfabeta,,0,0,8.975915299,10.02735341,2.547037866,18.969432379149907,EXCLUSION
2023-07,Lista de Reserva,Vulnerabilidad Baja,1.0,1.0,2.578385269,1.0,1.776038647,2.117608696,1.0,1.0,sotap,1,low,,,espanol_ningun_adulto,adultos_ninguno_analfabeta,,0,0,8.975915299,14.06650994,2.659770077,22.87860481285798,EXCLUSION
2024-06,No Elegible,Vulnerabilidad Baja,1.0,1.0,1.0,1.0,1.0,2.117608696,1.790108696,1.0,sotap,1,low,,,espanol_uno_mas_adultos,adultos_ninguno_analfabeta,500.0,0,0,0.0,14.16503897,2.395343965,13.709193850906429,EXCLUSION
2024-05,No Elegible,Vulnerabilidad Elevada,2.070141643,1.0,1.0,1.0,1.776038647,2.117608696,2.580217391,1.043888889,sotap,5,low,jefatura_masculina,no,espanol_uno_mas_adultos,adultos_ninguno_analfabeta,0.0,0,0,6.702282231,28.09152966,2.983529432,34.10548451948735,EXCLUSION
2024-04,No Elegible,Vulnerabilidad Baja,1.0,1.0,1.0,1.0,1.776038647,2.117608696,1.790108696,1.043888889,sotap,1,low,,,espanol_uno_mas_adultos,adultos_ninguno_analfabeta,0.0,0,0,0.0,22.50821784,2.628200749,21.78388088169096,EXCLUSION
2024-04,No Elegible,Vulnerabilidad Elevada,2.700708215,1.0,1.249197356,1.0,1.776038647,2.823478261,1.790108696,1.043888889,foten,4,average,jefatura_femenina,no,espanol_uno_mas_adultos,adultos_ninguno_analfabeta,,0,0,11.93561888,26.85846924,3.104889798,38.31385587256485,EXCLUSION
2023-08,Elegible,Vulnerabilidad Baja,1.0,1.0,1.0,1.0,1.0,2.117608696,1.790108696,1.0,sotap,1,low,,,espanol_uno_mas_adultos,adultos_ninguno_analfabeta,0.0,0,0,0.0,14.16503897,2.395343965,13.709193850906429,INCLUSION
2024-01,No Elegible,Vulnerabilidad Baja,1.0,1.0,1.0,1.0,1.776038647,1.0,1.790108696,1.0,sotap,2,low,jefatura_masculina,no,espanol_uno_mas_adultos,adultos_ninguno_analfabeta,0.0,0,0,0.0,12.01413641,2.33531262,11.62750948618979,EXCLUSION
2023-08,No Elegible por Intenciones,Vulnerabilidad Baja,1.0,1.0,2.578385269,1.0,1.0,1.498900966,1.790108696,1.043888889,fomon,1,low,,,espanol_uno_mas_adultos,adultos_ninguno_analfabeta,,0,0,8.975915299,10.52243148,2.560855415,19.44857834177924,EXCLUSION
2023-06,No Elegible,Vulnerabilidad Baja,1.0,1.0,1.0,1.0,1.776038647,1.0,1.790108696,1.0,sotap,1,low,,,espanol_uno_mas_adultos,adultos_ninguno_analfabeta,0.0,0,0,0.0,12.01413641,2.33531262,11.62750948618979,EXCLUSION
2024-05,Lista de Reserva,Vulnerabilidad Baja,1.0,1.0,1.0,1.0,1.776038647,1.0,2.580217391,1.0,sotap,1,low,,,espanol_uno_mas_adultos,adultos_ninguno_analfabeta,,0,0,0.0,16.59309681,2.46311067,16.059114361557388,EXCLUSION
2024-04,Elegible,Vulnerabilidad Baja,1.0,1.0,1.0,1.0,1.0,1.498900966,1.790108696,1.0,sotap,1,low,,,espanol_uno_mas_adultos,adultos_ninguno_analfabeta,0.0,-500,0,0.0,10.02735341,2.279861825,9.70466314991279,INCLUSION
2024-06,No Elegible,Vulnerabilidad Moderada,1.0,1.525552408,1.0,1.0,1.776038647,2.117608696,2.580217391,1.0,fupal,1,low,,,espanol_uno_mas_adultos,adultos_ninguno_analfabeta,,0,0,3.741369748,27.40879931,2.876340364,30.38852750726528,EXCLUSION
2024-05,No Elegible,Vulnerabilidad Baja,1.0,1.0,1.0,1.0,1.776038647,1.498900966,1.790108696,1.0,sotap,1,low,,,espanol_uno_mas_adultos,adultos_ninguno_analfabeta,0.0,-500,0,0.0,17.10850297,2.477495573,16.55793423592243,EXCLUSION
2024-05,No Elegible,Vulnerabilidad Moderada,1.0,1.525552408,1.249197356,1.0,1.776038647,2.117608696,1.790108696,1.043888889,sotap,1,low,,,espanol_uno_mas_adultos,adultos_ninguno_analfabeta,,0,0,5.877094669,22.50821784,2.803137659,27.85010633423405,EXCLUSION
2024-01,Lista de Reserva,Vulnerabilidad Elevada,1.0,1.0,3.251728045,1.0,1.776038647,2.823478261,2.580217391,1.0,foten,3,average,jefatura_masculina,no,espanol_uno_mas_adultos,adultos_ninguno_analfabeta,0.0,0,0,11.51832969,32.12448674,3.23944252,42.97968968997395,EXCLUSION
2023-12,Elegible,Vulnerabilidad Elevada,2.070141643,1.0,1.0,1.0,1.776038647,2.117608696,2.580217391,1.043888889,sotap,2,complete,jefatura_femenina,si,espanol_uno_mas_adultos,adultos_ninguno_analfabeta,,0,0,6.702282231,28.09152966,2.983529432,34.10548451948735,INCLUSION
2024-03,Lista de Reserva,Vulnerabilidad Elevada,1.0,1.0,2.578385269,1.0,1.776038647,2.823478261,1.790108696,1.043888889,sotap,3,average,jefatura_masculina,no,espanol_uno_mas_adultos,adultos_ninguno_analfabeta,0.0,0,0,8.975915299,26.85846924,3.016791609,35.25890607062468,EXCLUSION
2023-06,No Elegible,Vulnerabilidad Baja,1.0,1.525552408,1.0,1.0,1.0,1.0,1.790108696,1.0,futij,4,average,jefatura_masculina,no,espanol_uno_mas_adultos,adultos_ninguno_analfabeta,0.0,0,0,3.741369748,5.614422911,2.268062815,9.295515935161497,EXCLUSION
2023-08,No Elegible,Vulnerabilidad Moderada,1.0,1.525552408,1.0,1.0,1.776038647,2.117608696,2.580217391,1.043888889,sotap,1,low,,,espanol_uno_mas_adultos,adultos_ninguno_analfabeta,,0,0,3.741369748,28.09152966,2.895395259,31.049286911871928,EXCLUSION
2023-08,No Elegible,Vulnerabilidad Baja,1.0,1.0,2.578385269,1.0,1.0,1.0,1.790108696,1.0,fupal,1,low,,,espanol_uno_mas_adultos,adultos_ninguno_analfabeta,0.0,0,0,8.975915299,5.614422911,2.423873683,14.69851439653823,EXCLUSION
2023-07,Lista de Reserva,Vulnerabilidad Baja,1.0,1.0,1.0,1.0,1.776038647,1.498900966,1.790108696,1.0,sotap,4,average,jefatura_femenina,no,espanol_uno_mas_adultos,adultos_ninguno_analfabeta,,0,0,0.0,17.10850297,2.477495573,16.55793423592243,EXCLUSION
2024-02,Elegible por Proceso Acelerado,Vulnerabilidad Baja,1.0,1.0,1.0,1.0,1.776038647,2.117608696,1.790108696,1.0,fomon,1,low,,,espanol_uno_mas_adultos,adultos_ninguno_analfabeta,,0,0,0.0,21.88512181,2.610810239,21.18083670503239,INCLUSION
2023-08,Lista de Reserva,Vulnerabilidad Moderada,1.0,1.0,1.0,1.0,1.776038647,2.117608696,2.580217391,1.043888889,sotap,3,low,jefatura_masculina,no,espanol_uno_mas_adultos,adultos_ninguno_analfabeta,,0,0,0.0,28.09152966,2.784030087,27.18751614401154,EXCLUSION
2024-05,Lista de Reserva,Vulnerabilidad Baja,1.0,1.0,1.0,1.0,1.776038647,2.117608696,1.790108696,1.0,foten,1,low,,,espanol_ningun_adulto,adultos_uno_mas_analfabeta,,0,0,0.0,21.88512181,2.610810239,21.18083670503239,EXCLUSION
2023-12,Elegible,Vulnerabilidad Elevada,2.070141643,1.0,3.251728045,1.0,1.776038647,2.117608696,2.580217391,1.043888889,sotap,6,average,jefatura_masculina,no,espanol_uno_mas_adultos,adultos_ninguno_analfabeta,,0,0,20.51851115,28.09152966,3.39478168,48.36633350132969,INCLUSION
2024-05,Lista de Reserva,Vulnerabilidad Baja,1.0,1.0,1.0,1.0,1.776038647,1.0,1.790108696,1.0,sotap,1,low,,,espanol_uno_mas_adultos,adultos_ninguno_analfabeta,,0,0,0.0,12.01413641,2.33531262,11.62750948618979,EXCLUSION
2023-07,No Elegible,Vulnerabilidad Moderada,1.0,1.0,1.0,1.0,1.776038647,2.117608696,2.580217391,1.0,sotap,2,low,jefatura_masculina,no,espanol_uno_mas_adultos,adultos_ninguno_analfabeta,-500.0,0,0,0.0,27.40879931,2.764975192,26.526756739404888,EXCLUSION
2023-08,Elegible,Vulnerabilidad Baja,1.0,1.0,1.0,1.0,1.0,2.117608696,1.790108696,1.0,sotap,1,low,,,espanol_uno_mas_adultos,adultos_ninguno_analfabeta,,0,0,0.0,14.16503897,2.395343965,13.709193850906429,INCLUSION
2024-02,Elegible,Vulnerabilidad Baja,1.0,1.0,2.578385269,1.0,1.0,1.498900966,1.0,1.0,pcr_cdmx,1,low,,,espanol_uno_mas_adultos,adultos_ninguno_analfabeta,,0,0,8.975915299,3.815111519,2.373655191,12.95710664444418,INCLUSION
2024-01,Elegible,Vulnerabilidad Moderada,1.0,1.525552408,2.578385269,1.0,1.776038647,1.0,1.790108696,1.0,pcr_cdmx,2,average,jefatura_femenina,no,espanol_ningun_adulto,adultos_ninguno_analfabeta,,0,0,13.7168894,12.01413641,2.743607939,25.785822103971192,INCLUSION
2023-06,No Elegible,Vulnerabilidad Elevada,1.0,2.051104816,1.0,1.0,1.776038647,2.823478261,1.790108696,1.0,sotap,1,low,,,espanol_ningun_adulto,adultos_uno_mas_analfabeta,,0,0,6.609317356,26.18890898,2.927660413,32.16813549794806,EXCLUSION
2024-07,Lista de Reserva,Vulnerabilidad Baja,1.0,1.0,1.0,1.0,1.0,1.0,1.790108696,1.0,foten,1,low,,,espanol_uno_mas_adultos,adultos_ninguno_analfabeta,,0,0,0.0,5.614422911,2.156697643,5.433745167301109,EXCLUSION
2023-11,No Elegible,Vulnerabilidad Elevada,2.700708215,1.0,2.578385269,1.0,1.776038647,2.823478261,1.790108696,1.0,sotap,1,low,,,espanol_uno_mas_adultos,adultos_uno_mas_analfabeta,0.0,0,0,20.97871872,26.18890898,3.355378326,46.99995856724294,EXCLUSION
2024-05,No Elegible,Vulnerabilidad Severa,2.070141643,1.0,2.578385269,1.0,1.776038647,2.823478261,1.790108696,2.544987923,sotap,5,low,jefatura_masculina,no,espanol_uno_mas_adultos,adultos_uno_mas_analfabeta,0.0,0,0,17.46888676,42.50305317,3.706230227,59.166315420759794,EXCLUSION
2024-03,No Elegible,Vulnerabilidad Elevada,2.070141643,1.0,2.578385269,1.0,1.776038647,2.117608696,1.790108696,1.043888889,foten,1,low,,,espanol_uno_mas_adultos,adultos_ninguno_analfabeta,,0,0,17.46888676,22.50821784,3.148177581,39.81493388651453,EXCLUSION
2024-02,Elegible,Vulnerabilidad Moderada,2.700708215,1.0,3.251728045,1.0,1.0,1.0,1.790108696,1.0,fupal,4,average,jefatura_femenina,no,espanol_uno_mas_adultos,adultos_ninguno_analfabeta,,0,0,24.2379543,5.614422911,2.878161744,30.45170107462941,INCLUSION
2023-08,No Elegible por Intenciones,Vulnerabilidad Moderada,1.0,1.0,1.0,1.0,1.776038647,2.823478261,2.580217391,1.0,sotap,1,low,,,espanol_uno_mas_adultos,adultos_ninguno_analfabeta,,0,0,0.0,32.12448674,2.896589272,31.09068863222006,EXCLUSION
2023-08,Elegible,Vulnerabilidad Elevada,1.0,1.0,1.0,1.0,1.776038647,2.823478261,2.580217391,1.738466184,sotap,4,average,jefatura_masculina,no,espanol_uno_mas_adultos,adultos_ninguno_analfabeta,,0,0,0.0,42.19960637,3.177784244,40.84158083740703,INCLUSION
2024-04,No Elegible,Vulnerabilidad Elevada,1.0,1.0,2.578385269,1.0,1.776038647,2.823478261,2.580217391,1.0,sotap,3,complete,jefatura_femenina,no,espanol_uno_mas_adultos,adultos_ninguno_analfabeta,0.0,0,0,8.975915299,32.12448674,3.163765312,40.35545786145718,EXCLUSION
2024-04,No Elegible,Vulnerabilidad Moderada,1.0,1.0,2.578385269,1.0,1.776038647,1.498900966,1.790108696,1.043888889,sotap,5,high,jefatura_masculina,no,espanol_uno_mas_adultos,adultos_ninguno_analfabeta,,-500,0,8.975915299,17.68003002,2.760622842,26.375838203163497,EXCLUSION
2024-06,No Elegible,Vulnerabilidad Baja,2.070141643,1.0,1.0,1.0,1.776038647,1.0,2.580217391,1.043888889,fupal,1,low,,,espanol_uno_mas_adultos,adultos_ninguno_analfabeta,,0,0,6.702282231,17.15905947,2.678405943,23.524832152671745,EXCLUSION
2023-12,No Elegible,Vulnerabilidad Baja,1.0,1.0,1.0,1.0,1.776038647,1.498900966,1.790108696,1.0,sotap,2,average,jefatura_femenina,si,espanol_ningun_adulto,adultos_ninguno_analfabeta,,-500,0,0.0,17.10850297,2.477495573,16.55793423592243,EXCLUSION
2023-07,No Elegible,Vulnerabilidad Elevada,2.700708215,2.051104816,2.578385269,1.0,1.0,1.0,1.0,1.0,sotap,2,low,jefatura_masculina,no,espanol_uno_mas_adultos,adultos_ninguno_analfabeta,-500.0,0,0,31.71522481,0.0,2.944031657,32.73585245961061,EXCLUSION
2023-12,No Elegible,Vulnerabilidad Baja,1.0,1.0,1.0,1.0,1.0,1.0,1.0,1.0,sotap,4,average,jefatura_masculina,no,espanol_ningun_adulto,adultos_ninguno_analfabeta,,0,0,0.0,0.0,2.0,0.0,EXCLUSION
2024-01,No Elegible,Vulnerabilidad Elevada,1.0,1.0,3.251728045,1.0,1.776038647,2.117608696,1.790108696,1.043888889,fupal,5,low,jefatura_femenina,no,espanol_uno_mas_adultos,adultos_ninguno_analfabeta,0.0,0,0,11.51832969,22.50821784,2.971053998,33.67288193944485,EXCLUSION
2024-04,No Elegible,Vulnerabilidad Baja,1.0,1.0,1.0,1.0,1.0,1.498900966,1.790108696,1.0,sotap,3,average,jefatura_masculina,no,espanol_uno_mas_adultos,adultos_ninguno_analfabeta,0.0,0,0,0.0,10.02735341,2.279861825,9.70466314991279,EXCLUSION
2024-04,No Elegible por Intenciones,Vulnerabilidad Baja,1.0,1.525552408,1.249197356,1.0,1.776038647,1.498900966,1.790108696,1.0,pcr_cdmx,2,average,jefatura_femenina,si,espanol_uno_mas_adultos,adultos_ninguno_analfabeta,0.0,0,0,5.877094669,17.10850297,2.652432483,22.62415968846552,EXCLUSION
2023-08,Lista de Reserva,Vulnerabilidad Severa,2.700708215,2.051104816,3.251728045,1.0,1.776038647,1.0,2.580217391,1.0,sotap,2,average,jefatura_femenina,si,espanol_uno_mas_adultos,adultos_uno_mas_analfabeta,,0,0,35.61565687,16.59309681,3.52324213,52.82091868529086,EXCLUSION
2024-05,Lista de Reserva,Vulnerabilidad Moderada,1.0,1.0,1.0,1.0,1.776038647,2.823478261,1.790108696,1.0,foten,4,average,jefatura_masculina,no,espanol_ningun_adulto,adultos_uno_mas_analfabeta,,0,0,0.0,26.18890898,2.730928248,25.34612370011462,EXCLUSION
2024-03,No Elegible,Vulnerabilidad Baja,1.0,1.525552408,1.0,1.0,1.0,1.0,1.0,1.0,sotap,2,average,jefatura_femenina,si,espanol_uno_mas_adultos,adultos_ninguno_analfabeta,0.0,0,0,3.741369748,0.0,2.111365173,3.861770767860388,EXCLUSION
2023-10,No Elegible,Vulnerabilidad Baja,1.0,1.0,2.578385269,1.0,1.0,2.117608696,1.790108696,1.0,sotap,1,low,,,espanol_uno_mas_adultos,adultos_ninguno_analfabeta,0.0,0,0,8.975915299,14.16503897,2.662520006,22.973963080143548,EXCLUSION
2024-06,Lista de Reserva,Vulnerabilidad Baja,1.0,1.0,1.0,1.0,1.0,1.498900966,1.0,1.0,sotap,1,low,,,espanol_uno_mas_adultos,adultos_ninguno_analfabeta,,0,0,0.0,3.815111519,2.10647915,3.692337415207061,EXCLUSION
2023-10,Lista de Reserva,Vulnerabilidad Moderada,1.0,1.525552408,1.0,1.0,1.776038647,2.117608696,1.790108696,1.0,sotap,1,low,,,espanol_uno_mas_adultos,adultos_ninguno_analfabeta,,0,0,3.741369748,21.88512181,2.722175411,25.04260747289278,EXCLUSION
2024-02,Lista de Reserva,Vulnerabilidad Moderada,1.0,1.0,1.0,1.0,1.776038647,2.823478261,2.580217391,1.0,fupal,1,low,,,espanol_uno_mas_adultos,adultos_ninguno_analfabeta,0.0,0,0,0.0,32.12448674,2.896589272,31.09068863222006,EXCLUSION
2024-03,Elegible,Vulnerabilidad Moderada,2.700708215,1.0,3.251728045,1.0,1.0,1.0,1.790108696,1.0,sotap,4,average,jefatura_masculina,no,espanol_ningun_adulto,adultos_ninguno_analfabeta,,0,0,24.2379543,5.614422911,2.878161744,30.45170107462941,INCLUSION
2023-10,No Elegible por Duplicidad,Vulnerabilidad Baja,1.0,1.0,2.578385269,1.0,1.0,1.0,1.790108696,1.0,sotap,4,average,jefatura_femenina,si,espanol_uno_mas_adultos,adultos_ninguno_analfabeta,0.0,0,0,8.975915299,5.614422911,2.423873683,14.69851439653823,EXCLUSION
2023-09,No Elegible,Vulnerabilidad Elevada,2.070141643,1.0,2.578385269,1.0,1.776038647,2.823478261,1.790108696,1.043888889,foten,4,average,jefatura_masculina,no,espanol_uno_mas_adultos,adultos_uno_mas_analfabeta,,0,0,17.46888676,26.85846924,3.2695924,44.02518984621112,EXCLUSION
2023-07,No Elegible por Duplicidad,Vulnerabilidad Baja,1.0,1.525552408,1.0,1.0,1.776038647,1.0,2.580217391,1.0,pcr_cdmx,3,low,jefatura_femenina,no,espanol_uno_mas_adultos,adultos_ninguno_analfabeta,0.0,0,0,3.741369748,16.59309681,2.574475843,19.920885129417776,EXCLUSION
2023-12,No Elegible,Vulnerabilidad Elevada,2.070141643,1.0,2.578385269,1.0,1.776038647,2.117608696,1.790108696,1.043888889,foten,5,high,jefatura_masculina,no,espanol_uno_mas_adultos,adultos_ninguno_analfabeta,,-500,0,17.46888676,22.50821784,3.148177581,39.81493388651453,EXCLUSION
2023-08,Elegible,Vulnerabilidad Elevada,1.0,1.0,3.251728045,1.0,1.776038647,2.117608696,2.580217391,1.043888889,fupal,3,low,jefatura_masculina,no,espanol_uno_mas_adultos,adultos_ninguno_analfabeta,,0,-500,11.51832969,28.09152966,3.126883335,39.07651720176543,INCLUSION
2023-10,No Elegible,Vulnerabilidad Baja,1.0,1.0,1.0,1.0,1.776038647,1.498900966,1.790108696,1.0,sotap,1,low,,,espanol_uno_mas_adultos,adultos_ninguno_analfabeta,0.0,0,0,0.0,17.10850297,2.477495573,16.55793423592243,EXCLUSION
2023-06,No Elegible por Intenciones,Vulnerabilidad Elevada,1.0,1.0,2.578385269,1.0,1.776038647,2.823478261,1.790108696,1.043888889,fupal,4,average,jefatura_femenina,no,espanol_uno_mas_adultos,adultos_ninguno_analfabeta,,0,0,8.975915299,26.85846924,3.016791609,35.25890607062468,EXCLUSION
2023-06,No Elegible,Vulnerabilidad Baja,1.0,1.0,1.0,1.0,1.0,1.0,1.790108696,1.0,sotap,4,low,jefatura_femenina,no,espanol_uno_mas_adultos,adultos_ninguno_analfabeta,0.0,0,0,0.0,5.614422911,2.156697643,5.433745167301109,EXCLUSION
2024-03,No Elegible,Vulnerabilidad Elevada,2.700708215,1.0,1.249197356,1.0,1.776038647,2.823478261,2.580217391,1.0,pcr_cdmx,2,low,jefatura_masculina,no,espanol_uno_mas_adultos,adultos_ninguno_analfabeta,,0,0,11.93561888,32.12448674,3.251863502,43.41040766339734,EXCLUSION
2024-06,No Elegible,Vulnerabilidad Baja,2.070141643,1.0,1.0,1.0,1.0,1.0,1.790108696,1.043888889,fupal,3,low,jefatura_masculina,si,espanol_uno_mas_adultos,adultos_ninguno_analfabeta,,0,0,6.702282231,6.061858428,2.368684842,12.78475013740434,EXCLUSION
2023-11,Elegible,Vulnerabilidad Elevada,1.0,1.0,3.251728045,1.0,1.776038647,2.823478261,2.580217391,1.0,sotap,2,average,jefatura_femenina,si,espanol_uno_mas_adultos,adultos_ninguno_analfabeta,,0,0,11.51832969,32.12448674,3.23944252,42.97968968997395,INCLUSION
2024-04,No Elegible,Vulnerabilidad Elevada,2.070141643,1.525552408,1.0,1.0,1.776038647,1.498900966,1.790108696,2.544987923,fupal,4,average,jefatura_femenina,no,espanol_uno_mas_adultos,adultos_uno_mas_analfabeta,,0,0,11.1900528,31.0340229,3.199236398,41.5854768982119,EXCLUSION
2023-10,No Elegible,Vulnerabilidad Baja,1.0,1.525552408,1.0,1.0,1.776038647,1.498900966,1.790108696,1.0,sotap,4,average,jefatura_masculina,no,espanol_ningun_adulto,adultos_ninguno_analfabeta,,0,0,3.741369748,17.10850297,2.588860746,20.41970500378282,EXCLUSION
2023-07,Lista de Reserva,Vulnerabilidad Moderada,1.0,1.0,1.0,1.0,1.776038647,2.823478261,1.790108696,1.043888889,fupal,1,low,,,espanol_uno_mas_adultos,adultos_ninguno_analfabeta,,0,0,0.0,26.85846924,2.749615568,25.99413684138756,EXCLUSION
2023-09,Lista de Reserva,Vulnerabilidad Elevada,1.0,1.0,2.578385269,1.0,1.776038647,2.823478261,2.580217391,1.043888889,sotap,3,average,jefatura_femenina,si,espanol_uno_mas_adultos,adultos_ninguno_analfabeta,,0,0,8.975915299,32.85812825,3.184241129,41.06549005402387,EXCLUSION
2024-05,Elegible,Vulnerabilidad Baja,1.0,1.0,1.0,1.0,1.0,1.498900966,1.0,1.0,sotap,1,low,,,espanol_uno_mas_adultos,adultos_ninguno_analfabeta,0.0,0,0,0.0,3.815111519,2.10647915,3.692337415207061,INCLUSION
2023-09,Lista de Reserva,Vulnerabilidad Baja,1.0,1.0,1.0,1.0,1.0,1.0,1.0,1.0,pcr_cdmx,1,low,,,espanol_uno_mas_adultos,adultos_ninguno_analfabeta,,0,0,0.0,0.0,2.0,0.0,EXCLUSION
2024-04,Elegible,Vulnerabilidad Elevada,1.0,1.0,1.0,1.0,1.776038647,2.823478261,2.580217391,1.738466184,sotap,2,average,jefatura_femenina,si,espanol_uno_mas_adultos,adultos_ninguno_analfabeta,,0,0,0.0,42.19960637,3.177784244,40.84158083740703,INCLUSION
2024-02,Lista de Reserva,Vulnerabilidad Baja,1.0,1.0,2.578385269,1.0,1.0,1.0,1.790108696,1.0,sotap,3,low,jefatura_masculina,no,espanol_ningun_adulto,adultos_ninguno_analfabeta,,0,0,8.975915299,5.614422911,2.423873683,14.69851439653823,EXCLUSION
2024-05,Elegible,Vulnerabilidad Severa,2.070141643,1.0,3.251728045,1.0,1.776038647,2.823478261,2.580217391,1.043888889,sotap,3,complete,jefatura_femenina,si,espanol_uno_mas_adultos,adultos_ninguno_analfabeta,0.0,0,0,20.51851115,32.85812825,3.527816682,52.9795381821049,INCLUSION
2023-08,Lista de Reserva,Vulnerabilidad Elevada,1.0,1.0,1.0,1.0,1.776038647,2.823478261,2.580217391,1.043888889,sotap,2,average,jefatura_femenina,si,espanol_uno_mas_adultos,adultos_ninguno_analfabeta,,0,0,0.0,32.85812825,2.917065088,31.80072082478675,EXCLUSION
2023-07,No Elegible,Vulnerabilidad Baja,1.0,2.051104816,1.0,1.0,1.0,2.117608696,1.0,1.0,sotap,1,low,,,espanol_uno_mas_adultos,adultos_ninguno_analfabeta,0.0,0,0,6.609317356,7.392265486,2.403049108,13.97638678822847,EXCLUSION
2024-04,No Elegible,Vulnerabilidad Baja,1.0,1.0,1.0,1.0,1.776038647,1.498900966,1.790108696,1.0,pcr_cdmx,1,low,,,espanol_uno_mas_adultos,adultos_ninguno_analfabeta,,0,0,0.0,17.10850297,2.477495573,16.55793423592243,EXCLUSION
2023-09,Lista de Reserva,Vulnerabilidad Baja,2.070141643,1.0,1.0,1.0,1.0,1.0,1.0,1.043888889,sotap,3,low,jefatura_masculina,no,espanol_uno_mas_adultos,adultos_ninguno_analfabeta,0.0,0,0,6.702282231,0.386821499,2.210295472,7.2923415718164915,EXCLUSION
2023-11,No Elegible,Vulnerabilidad Baja,1.0,1.0,1.0,1.0,1.776038647,1.498900966,1.790108696,1.0,sotap,1,low,,,espanol_uno_mas_adultos,adultos_ninguno_analfabeta,-500.0,0,0,0.0,17.10850297,2.477495573,16.55793423592243,EXCLUSION
2023-07,No Elegible,Vulnerabilidad Moderada,1.0,1.0,1.0,1.0,1.776038647,2.823478261,1.790108696,1.0,fusal,7,average,jefatura_masculina,no,espanol_uno_mas_adultos,adultos_ninguno_analfabeta,0.0,0,0,0.0,26.18890898,2.730928248,25.34612370011462,EXCLUSION
2023-09,Lista de Reserva,Vulnerabilidad Elevada,1.0,1.0,3.251728045,1.0,1.776038647,2.117608696,2.580217391,1.043888889,sotap,1,low,,,espanol_uno_mas_adultos,adultos_ninguno_analfabeta,-500.0,0,0,11.51832969,28.09152966,3.126883335,39.07651720176543,EXCLUSION
2023-07,Lista de Reserva,Vulnerabilidad Baja,1.0,1.0,1.0,1.0,1.776038647,1.0,1.790108696,1.0,pcr_cdmx,1,low,,,espanol_uno_mas_adultos,adultos_ninguno_analfabeta,-500.0,0,0,0.0,12.01413641,2.33531262,11.62750948618979,EXCLUSION
2023-09,Lista de Reserva,Vulnerabilidad Elevada,2.700708215,1.0,2.578385269,1.0,1.0,2.117608696,1.790108696,1.0,foten,1,low,,,espanol_uno_mas_adultos,adultos_ninguno_analfabeta,0.0,0,0,20.97871872,14.16503897,3.019794043,35.36302871803475,EXCLUSION
2024-05,No Elegible por Duplicidad,Vulnerabilidad Baja,1.0,1.0,1.0,1.0,1.776038647,2.117608696,1.790108696,1.0,foten,1,low,,,espanol_uno_mas_adultos,adultos_ninguno_analfabeta,0.0,0,0,0.0,21.88512181,2.610810239,21.18083670503239,EXCLUSION
2024-02,Elegible,Vulnerabilidad Baja,1.0,1.0,1.0,1.0,1.776038647,1.498900966,1.790108696,1.0,sotap,5,average,jefatura_masculina,no,espanol_ningun_adulto,adultos_ninguno_analfabeta,,0,0,0.0,17.10850297,2.477495573,16.55793423592243,INCLUSION
2023-12,Elegible,Vulnerabilidad Elevada,2.700708215,1.0,1.0,1.0,1.776038647,2.823478261,2.580217391,1.0,foten,3,average,jefatura_femenina,si,espanol_uno_mas_adultos,adultos_ninguno_analfabeta,,0,0,9.472088355,32.12448674,3.178534341,40.86759826257232,INCLUSION
2023-06,Lista de Reserva,Vulnerabilidad Baja,2.070141643,1.0,1.0,1.0,1.0,1.0,1.0,1.043888889,fupal,1,low,,,espanol_uno_mas_adultos,adultos_ninguno_analfabeta,,0,0,6.702282231,0.386821499,2.210295472,7.2923415718164915,EXCLUSION
2024-04,No Elegible,Vulnerabilidad Elevada,2.070141643,1.0,2.578385269,1.0,1.776038647,2.823478261,2.580217391,1.043888889,sotap,2,average,jefatura_femenina,si,espanol_uno_mas_adultos,adultos_ninguno_analfabeta,,0,0,17.46888676,32.85812825,3.43704192,49.83177382961031,EXCLUSION
2024-02,No Elegible,Vulnerabilidad Baja,1.0,1.0,2.578385269,1.0,1.0,1.0,1.0,1.043888889,sotap,3,low,jefatura_masculina,no,espanol_ningun_adulto,adultos_uno_mas_analfabeta,,0,0,8.975915299,0.386821499,2.277972167,9.6391424255778,EXCLUSION
2023-09,No Elegible,Vulnerabilidad Baja,1.0,1.0,2.578385269,1.0,1.0,1.0,1.790108696,1.0,sotap,2,average,jefatura_masculina,si,espanol_uno_mas_adultos,adultos_ninguno_analfabeta,-500.0,0,0,8.975915299,5.614422911,2.423873683,14.69851439653823,EXCLUSION
2024-03,No Elegible,Vulnerabilidad Elevada,2.070141643,1.0,2.578385269,1.0,1.776038647,1.498900966,1.790108696,1.043888889,sotap,2,average,jefatura_femenina,si,espanol_uno_mas_adultos,adultos_ninguno_analfabeta,0.0,0,0,17.46888676,17.68003002,3.013423633,35.14212197874994,EXCLUSION
2024-05,No Elegible,Vulnerabilidad Elevada,2.700708215,2.051104816,1.249197356,1.0,1.776038647,1.0,1.790108696,1.0,sotap,1,low,,,espanol_uno_mas_adultos,adultos_ninguno_analfabeta,0.0,0,0,20.89305637,12.01413641,2.957212882,33.19292530323276,EXCLUSION
2023-06,Lista de Reserva,Vulnerabilidad Moderada,1.0,1.0,1.0,1.0,1.776038647,2.823478261,2.580217391,1.0,sotap,1,low,,,espanol_ningun_adulto,adultos_ninguno_analfabeta,-500.0,0,0,0.0,32.12448674,2.896589272,31.09068863222006,EXCLUSION
2024-03,No Elegible,Vulnerabilidad Elevada,2.070141643,1.0,1.0,1.0,1.776038647,2.823478261,1.790108696,1.043888889,sotap,5,high,jefatura_masculina,no,espanol_uno_mas_adultos,adultos_ninguno_analfabeta,,0,0,6.702282231,26.85846924,2.949114914,32.912105216863374,EXCLUSION
2024-06,Lista de Reserva,Vulnerabilidad Moderada,1.0,2.051104816,1.0,1.0,1.776038647,1.498900966,2.580217391,1.0,foten,1,low,,,espanol_uno_mas_adultos,adultos_ninguno_analfabeta,,0,0,6.609317356,22.17502718,2.815633615,28.283424428153857,EXCLUSION
2024-05,Lista de Reserva,Vulnerabilidad Baja,1.0,2.051104816,1.0,1.0,1.776038647,1.0,2.580217391,1.043888889,futij,1,low,,,espanol_uno_mas_adultos,adultos_ninguno_analfabeta,0.0,0,0,6.609317356,17.15905947,2.675638761,23.42887557502937,EXCLUSION
2024-06,Lista de Reserva,Vulnerabilidad Severa,2.700708215,1.0,3.251728045,1.0,1.776038647,2.823478261,2.580217391,1.0,sotap,3,complete,jefatura_femenina,si,espanol_uno_mas_adultos,adultos_ninguno_analfabeta,0.0,0,0,24.2379543,32.12448674,3.618053373,56.108644539548365,EXCLUSION
2023-07,No Elegible por Intenciones,Vulnerabilidad Elevada,1.0,2.051104816,1.0,1.0,1.776038647,2.117608696,2.580217391,1.0,sotap,4,average,jefatura_femenina,si,espanol_uno_mas_adultos,adultos_uno_mas_analfabeta,0.0,0,0,6.609317356,27.40879931,2.961707356,33.34876853723833,EXCLUSION
2023-06,No Elegible,Vulnerabilidad Elevada,2.070141643,1.0,2.578385269,1.564135978,1.776038647,1.498900966,2.580217391,1.043888889,foten,3,average,jefatura_masculina,no,espanol_ningun_adulto,adultos_ninguno_analfabeta,,0,0,23.51115944,22.80125306,3.336209726,46.33525799721478,EXCLUSION
2024-04,Lista de Reserva,Vulnerabilidad Baja,1.0,1.0,1.0,1.0,1.0,1.498900966,1.790108696,1.0,sotap,3,low,jefatura_masculina,no,espanol_uno_mas_adultos,adultos_ninguno_analfabeta,0.0,0,0,0.0,10.02735341,2.279861825,9.70466314991279,EXCLUSION
2024-04,No Elegible por Intenciones,Vulnerabilidad Severa,2.700708215,1.0,2.578385269,1.0,1.776038647,2.823478261,2.580217391,1.0,,5,average,jefatura_masculina,no,espanol_uno_mas_adultos,adultos_ninguno_analfabeta,,0,0,20.97871872,32.12448674,3.521039349,52.74452349934838,EXCLUSION
2024-04,Lista de Reserva,Vulnerabilidad Severa,2.070141643,1.0,3.251728045,1.0,1.776038647,2.823478261,2.580217391,1.043888889,sotap,5,high,jefatura_masculina,no,espanol_uno_mas_adultos,adultos_uno_mas_analfabeta,-500.0,0,0,20.51851115,32.85812825,3.527816682,52.9795381821049,EXCLUSION
2023-07,No Elegible,Vulnerabilidad Moderada,1.0,1.0,1.0,1.0,1.776038647,2.823478261,1.790108696,1.0,foten,1,low,,,espanol_uno_mas_adultos,adultos_ninguno_analfabeta,,0,0,0.0,26.18890898,2.730928248,25.34612370011462,EXCLUSION
2024-05,No Elegible,Vulnerabilidad Elevada,2.700708215,1.0,3.251728045,1.0,1.776038647,1.0,2.580217391,1.0,sotap,3,average,jefatura_femenina,no,espanol_uno_mas_adultos,adultos_uno_mas_analfabeta,-500.0,0,0,24.2379543,16.59309681,3.184574771,41.07707026888569,EXCLUSION
2023-11,Elegible,Vulnerabilidad Elevada,1.0,1.0,1.0,1.0,1.776038647,2.823478261,2.580217391,1.043888889,sotap,1,low,,,espanol_ningun_adulto,adultos_uno_mas_analfabeta,0.0,0,0,0.0,32.85812825,2.917065088,31.80072082478675,INCLUSION
2023-08,Elegible,Vulnerabilidad Elevada,1.0,1.0,3.251728045,1.0,1.776038647,2.823478261,2.580217391,1.043888889,foten,3,average,jefatura_femenina,no,espanol_uno_mas_adultos,adultos_ninguno_analfabeta,,0,0,11.51832969,32.85812825,3.259918337,43.68972188254064,INCLUSION
2023-08,Elegible,Vulnerabilidad Elevada,2.070141643,1.0,1.0,1.0,1.776038647,2.117608696,2.580217391,1.043888889,,4,average,jefatura_masculina,no,espanol_uno_mas_adultos,adultos_ninguno_analfabeta,,0,0,6.702282231,28.09152966,2.983529432,34.10548451948735,INCLUSION
2023-10,Lista de Reserva,Vulnerabilidad Moderada,1.0,1.0,1.0,1.0,1.776038647,2.823478261,2.580217391,1.0,sotap,3,low,jefatura_masculina,no,espanol_uno_mas_adultos,adultos_ninguno_analfabeta,0.0,0,0,0.0,32.12448674,2.896589272,31.09068863222006,EXCLUSION
2024-01,Elegible,Vulnerabilidad Moderada,1.0,1.0,1.0,1.0,1.776038647,2.823478261,2.580217391,1.0,sotap,2,low,jefatura_masculina,no,espanol_uno_mas_adultos,adultos_ninguno_analfabeta,0.0,0,0,0.0,32.12448674,2.896589272,31.09068863222006,INCLUSION
2024-03,Elegible,Vulnerabilidad Baja,1.0,1.0,1.0,1.0,1.0,1.498900966,1.790108696,1.0,pcr_cdmx,1,low,,,espanol_uno_mas_adultos,adultos_ninguno_analfabeta,,0,0,0.0,10.02735341,2.279861825,9.70466314991279,INCLUSION
2023-09,Elegible,Vulnerabilidad Severa,2.700708215,1.0,2.578385269,1.0,1.776038647,2.823478261,2.580217391,1.0,sotap,5,high,jefatura_masculina,no,espanol_uno_mas_adultos,adultos_ninguno_analfabeta,0.0,0,0,20.97871872,32.12448674,3.521039349,52.74452349934838,INCLUSION
2023-07,No Elegible,Vulnerabilidad Severa,2.700708215,2.051104816,3.251728045,1.0,1.776038647,2.823478261,1.790108696,1.0,fupal,1,low,,,espanol_uno_mas_adultos,adultos_uno_mas_analfabeta,,0,0,35.61565687,26.18890898,3.791059708,62.10792802384809,EXCLUSION
2023-09,No Elegible,Vulnerabilidad Elevada,1.0,1.0,3.251728045,1.0,1.776038647,2.823478261,2.580217391,1.0,fupal,1,low,,,espanol_uno_mas_adultos,adultos_ninguno_analfabeta,,0,0,11.51832969,32.12448674,3.23944252,42.97968968997395,EXCLUSION
2023-11,Lista de Reserva,Vulnerabilidad Elevada,1.0,1.0,2.578385269,1.0,1.776038647,2.823478261,1.790108696,1.043888889,sotap,2,average,jefatura_femenina,si,espanol_uno_mas_adultos,adultos_uno_mas_analfabeta,,0,0,8.975915299,26.85846924,3.016791609,35.25890607062468,EXCLUSION
2023-08,Elegible,Vulnerabilidad Moderada,1.0,1.0,2.578385269,1.0,1.776038647,1.498900966,1.790108696,1.0,sotap,1,low,,,espanol_ningun_adulto,adultos_uno_mas_analfabeta,,0,0,8.975915299,17.10850297,2.744671614,25.82270346515955,INCLUSION
2023-12,Elegible,Vulnerabilidad Elevada,1.0,1.525552408,2.578385269,1.0,1.776038647,2.823478261,1.0,1.0,sotap,2,complete,jefatura_femenina,si,espanol_uno_mas_adultos,adultos_ninguno_analfabeta,0.0,0,0,13.7168894,17.78726377,2.904734997,31.37316445239903,INCLUSION
2024-02,Elegible,Vulnerabilidad Baja,2.070141643,1.0,1.249197356,1.0,1.0,1.0,1.790108696,1.043888889,fupal,3,low,jefatura_masculina,no,espanol_ningun_adulto,adultos_ninguno_analfabeta,,0,0,9.00737574,6.061858428,2.437297985,15.164023860617473,INCLUSION
2024-03,No Elegible por Duplicidad,Vulnerabilidad Baja,2.700708215,1.0,1.0,1.0,1.0,1.0,1.0,1.0,fomon,1,low,,,espanol_uno_mas_adultos,adultos_ninguno_analfabeta,,0,0,9.472088355,0.0,2.28194507,9.776909630352256,EXCLUSION
2023-12,Elegible,Vulnerabilidad Elevada,2.070141643,1.0,1.0,1.0,1.776038647,2.823478261,2.580217391,1.043888889,sotap,3,low,jefatura_femenina,si,espanol_uno_mas_adultos,adultos_uno_mas_analfabeta,0.0,0,0,6.702282231,32.85812825,3.116564434,38.71868920026256,INCLUSION
2023-08,No Elegible,Vulnerabilidad Elevada,2.700708215,1.0,1.0,1.0,1.776038647,2.823478261,2.580217391,1.0,sotap,1,low,,,espanol_uno_mas_adultos,adultos_uno_mas_analfabeta,,0,0,9.472088355,32.12448674,3.178534341,40.86759826257232,EXCLUSION
2024-04,No Elegible,Vulnerabilidad Moderada,1.0,1.0,3.251728045,1.0,1.776038647,1.0,2.580217391,1.0,,3,average,jefatura_masculina,si,espanol_uno_mas_adultos,adultos_uno_mas_analfabeta,0.0,-500,0,11.51832969,16.59309681,2.805963919,27.94811541931128,EXCLUSION
2024-04,No Elegible,Vulnerabilidad Baja,1.0,1.0,2.578385269,1.0,1.0,1.498900966,1.0,1.043888889,sotap,4,low,jefatura_masculina,no,espanol_uno_mas_adultos,adultos_ninguno_analfabeta,0.0,0,0,8.975915299,4.243121443,2.385600879,13.371342781079935,EXCLUSION
2024-03,Elegible,Vulnerabilidad Baja,1.0,1.0,1.0,1.0,1.0,1.0,1.790108696,1.0,pcr_cdmx,2,average,jefatura_masculina,si,espanol_uno_mas_adultos,adultos_ninguno_analfabeta,,0,0,0.0,5.614422911,2.156697643,5.433745167301109,INCLUSION
2023-08,Elegible,Vulnerabilidad Baja,1.0,1.0,1.0,1.0,1.776038647,1.498900966,2.580217391,1.0,fusal,2,average,jefatura_femenina,si,espanol_uno_mas_adultos,adultos_ninguno_analfabeta,-500.0,0,0,0.0,22.17502718,2.618901451,21.46141263032042,INCLUSION
2023-07,No Elegible,Vulnerabilidad Baja,1.0,1.0,1.0,1.0,1.776038647,1.498900966,2.580217391,1.043888889,sotap,2,low,jefatura_masculina,no,espanol_uno_mas_adultos,adultos_ninguno_analfabeta,0.0,0,0,0.0,22.80125306,2.636379315,22.06748593527614,EXCLUSION
2024-06,No Elegible,Vulnerabilidad Elevada,2.070141643,1.0,1.0,1.0,1.776038647,2.823478261,2.580217391,1.043888889,pcr_cdmx,4,average,jefatura_masculina,no,espanol_ningun_adulto,adultos_ninguno_analfabeta,,0,0,6.702282231,32.85812825,3.116564434,38.71868920026256,EXCLUSION
2023-06,Lista de Reserva,Vulnerabilidad Baja,1.0,1.0,1.0,1.0,1.0,2.117608696,1.0,1.0,fupal,1,low,,,espanol_uno_mas_adultos,adultos_ninguno_analfabeta,0.0,0,0,0.0,7.392265486,2.206316944,7.154374990395034,EXCLUSION
2023-09,Elegible,Vulnerabilidad Elevada,2.070141643,2.051104816,1.0,1.0,1.776038647,2.823478261,1.790108696,1.043888889,foten,1,low,,,espanol_uno_mas_adultos,adultos_ninguno_analfabeta,0.0,0,0,14.63015408,26.85846924,3.185095016,41.09510390983604,INCLUSION
2024-06,Lista de Reserva,Vulnerabilidad Baja,1.0,1.0,1.0,1.0,1.0,1.0,1.0,1.043888889,sotap,1,low,,,espanol_uno_mas_adultos,adultos_uno_mas_analfabeta,0.0,0,0,0.0,0.386821499,2.010796126,0.374373196340681,EXCLUSION
2024-05,No Elegible,Vulnerabilidad Elevada,1.0,1.0,3.251728045,1.0,1.776038647,2.117608696,2.580217391,1.043888889,sotap,2,low,jefatura_masculina,no,espanol_uno_mas_adultos,adultos_uno_mas_analfabeta,,0,0,11.51832969,28.09152966,3.126883335,39.07651720176543,EXCLUSION
2023-08,No Elegible,Vulnerabilidad Moderada,1.0,1.0,1.0,1.564135978,1.776038647,2.823478261,2.580217391,1.0,sotap,3,average,jefatura_masculina,no,espanol_ningun_adulto,adultos_ninguno_analfabeta,,0,0,3.975239986,32.12448674,3.014915798,35.19385581620953,EXCLUSION
2024-04,No Elegible,Vulnerabilidad Elevada,1.0,1.525552408,3.251728045,1.0,1.776038647,2.823478261,2.580217391,1.043888889,sotap,3,average,jefatura_masculina,no,espanol_ningun_adulto,adultos_ninguno_analfabeta,,0,0,16.54244021,32.85812825,3.409465421,48.87551330318476,EXCLUSION
2024-04,No Elegible,Vulnerabilidad Elevada,1.0,1.0,2.578385269,1.0,1.776038647,2.823478261,1.790108696,1.0,fupal,4,average,jefatura_masculina,no,espanol_uno_mas_adultos,adultos_ninguno_analfabeta,-500.0,0,0,8.975915299,26.18890898,2.998104289,34.61089292935174,EXCLUSION
2024-03,No Elegible,Vulnerabilidad Moderada,1.0,1.525552408,1.0,1.0,1.776038647,2.823478261,1.790108696,1.0,sotap,6,high,jefatura_femenina,si,espanol_uno_mas_adultos,adultos_ninguno_analfabeta,,0,0,3.741369748,26.18890898,2.842293421,29.20789446797501,EXCLUSION
2023-11,No Elegible,Vulnerabilidad Moderada,1.0,1.0,1.0,1.0,1.776038647,2.823478261,1.790108696,1.0,sotap,1,low,,,espanol_uno_mas_adultos,adultos_uno_mas_analfabeta,0.0,0,0,0.0,26.18890898,2.730928248,25.34612370011462,EXCLUSION
2024-07,Elegible,Vulnerabilidad Elevada,2.070141643,1.0,1.0,1.0,1.776038647,2.823478261,1.790108696,1.0,fupal,1,low,,,espanol_uno_mas_adultos,adultos_ninguno_analfabeta,0.0,0,0,6.702282231,26.18890898,2.930427594,32.26409207559043,INCLUSION
2024-05,Lista de Reserva,Vulnerabilidad Elevada,2.070141643,1.0,2.578385269,1.0,1.776038647,1.498900966,1.790108696,1.043888889,sotap,2,average,jefatura_masculina,si,espanol_uno_mas_adultos,adultos_ninguno_analfabeta,0.0,0,0,17.46888676,17.68003002,3.013423633,35.14212197874994,EXCLUSION
2024-07,No Elegible,Vulnerabilidad Elevada,2.070141643,1.0,1.0,1.564135978,1.776038647,1.498900966,2.580217391,2.544987923,fupal,1,low,,,espanol_uno_mas_adultos,adultos_uno_mas_analfabeta,,0,0,11.47057999,37.43330939,3.386189597,48.0683827851786,EXCLUSION
2023-09,No Elegible,Vulnerabilidad Moderada,1.0,1.0,1.0,1.0,1.776038647,2.823478261,2.580217391,1.0,sotap,5,average,jefatura_masculina,no,espanol_ningun_adulto,adultos_ninguno_analfabeta,0.0,0,0,0.0,32.12448674,2.896589272,31.09068863222006,EXCLUSION
2024-03,Elegible,Vulnerabilidad Elevada,1.0,2.051104816,3.251728045,1.0,1.776038647,1.0,1.790108696,1.0,sotap,2,average,jefatura_femenina,si,espanol_uno_mas_adultos,adultos_uno_mas_analfabeta,,0,0,20.39367297,12.01413641,2.942348294,32.67747124603736,INCLUSION
2023-06,No Elegible,Vulnerabilidad Baja,2.070141643,1.0,1.0,1.0,1.776038647,1.0,2.580217391,1.0,futij,2,average,jefatura_femenina,si,espanol_uno_mas_adultos,adultos_ninguno_analfabeta,0.0,0,0,6.702282231,16.59309681,2.662610016,22.9770827370332,EXCLUSION
2024-01,Lista de Reserva,Vulnerabilidad Elevada,1.0,1.525552408,2.578385269,1.0,1.776038647,2.823478261,1.790108696,1.0,sotap,6,average,jefatura_femenina,no,espanol_uno_mas_adultos,adultos_ninguno_analfabeta,0.0,0,0,13.7168894,26.18890898,3.139223567,39.50443631789602,EXCLUSION
2023-08,No Elegible,Vulnerabilidad Elevada,1.0,2.051104816,1.0,1.0,1.776038647,2.823478261,1.790108696,1.0,sotap,4,average,jefatura_masculina,no,espanol_uno_mas_adultos,adultos_ninguno_analfabeta,,0,0,6.609317356,26.18890898,2.927660413,32.16813549794806,EXCLUSION
2023-07,Lista de Reserva,Vulnerabilidad Baja,1.0,1.0,1.0,1.564135978,1.0,2.117608696,1.0,1.0,pcr_cdmx,1,low,,,espanol_ningun_adulto,adultos_uno_mas_analfabeta,0.0,0,0,3.975239986,7.392265486,2.32464347,11.2575421743845,EXCLUSION
2024-01,No Elegible,Vulnerabilidad Elevada,1.0,1.525552408,1.0,1.0,1.776038647,2.823478261,2.580217391,1.0,foten,3,average,jefatura_femenina,no,espanol_uno_mas_adultos,adultos_ninguno_analfabeta,,0,0,3.741369748,32.12448674,3.007954444,34.95245940008045,EXCLUSION
2023-11,Elegible,Vulnerabilidad Elevada,1.0,1.0,2.578385269,1.0,1.776038647,2.823478261,2.580217391,1.043888889,futij,9,average,jefatura_femenina,no,espanol_uno_mas_adultos,adultos_ninguno_analfabeta,0.0,0,0,8.975915299,32.85812825,3.184241129,41.06549005402387,INCLUSION
2023-08,No Elegible,Vulnerabilidad Baja,1.0,1.0,1.0,1.0,1.776038647,1.498900966,1.0,1.043888889,sotap,1,low,,,espanol_uno_mas_adultos,adultos_ninguno_analfabeta,,-500,0,0.0,10.43108127,2.291129805,10.09539864365013,EXCLUSION
2024-01,No Elegible,Vulnerabilidad Elevada,2.070141643,1.0,1.0,1.0,1.776038647,1.0,2.580217391,2.544987923,sotap,5,average,jefatura_masculina,no,espanol_uno_mas_adultos,adultos_uno_mas_analfabeta,,0,0,6.702282231,30.38303782,3.047485057,36.32324965539039,EXCLUSION
2023-08,Elegible,Vulnerabilidad Moderada,1.0,1.0,1.0,1.0,1.776038647,2.823478261,2.580217391,1.0,pcr_cdmx,2,average,jefatura_femenina,no,espanol_ningun_adulto,adultos_ninguno_analfabeta,,0,0,0.0,32.12448674,2.896589272,31.09068863222006,INCLUSION
2024-06,No Elegible,Vulnerabilidad Moderada,1.0,1.0,1.0,1.0,1.776038647,2.823478261,1.790108696,1.0,futij,1,low,,,espanol_ningun_adulto,adultos_ninguno_analfabeta,,0,0,0.0,26.18890898,2.730928248,25.34612370011462,EXCLUSION
2024-05,No Elegible,Vulnerabilidad Elevada,1.0,1.0,2.578385269,1.0,1.776038647,2.823478261,2.580217391,1.0,sotap,11,high,jefatura_femenina,no,espanol_uno_mas_adultos,adultos_ninguno_analfabeta,,0,0,8.975915299,32.12448674,3.163765312,40.35545786145718,EXCLUSION
2023-11,Elegible,Vulnerabilidad Elevada,1.0,1.0,2.578385269,1.0,1.776038647,2.823478261,2.580217391,1.0,sotap,1,low,,,espanol_ningun_adulto,adultos_ninguno_analfabeta,0.0,0,0,8.975915299,32.12448674,3.163765312,40.35545786145718,INCLUSION
2024-03,No Elegible,Vulnerabilidad Elevada,1.0,1.0,2.578385269,1.0,1.776038647,2.823478261,2.580217391,1.0,foten,1,low,,,espanol_uno_mas_adultos,adultos_ninguno_analfabeta,,0,0,8.975915299,32.12448674,3.163765312,40.35545786145718,EXCLUSION
2024-04,No Elegible,Vulnerabilidad Baja,1.0,1.0,1.0,1.0,1.0,1.0,1.790108696,1.0,sotap,1,low,,,espanol_uno_mas_adultos,adultos_ninguno_analfabeta,,0,0,0.0,5.614422911,2.156697643,5.433745167301109,EXCLUSION
2024-03,Elegible,Vulnerabilidad Baja,1.0,2.051104816,1.0,1.0,1.776038647,2.117608696,1.0,1.0,sotap,3,average,jefatura_femenina,no,espanol_uno_mas_adultos,adultos_ninguno_analfabeta,,0,0,6.609317356,14.06650994,2.5893262,20.43584738145429,INCLUSION
2024-05,No Elegible,Vulnerabilidad Elevada,2.700708215,1.0,1.249197356,1.0,1.776038647,2.823478261,2.580217391,1.043888889,foten,4,average,jefatura_femenina,si,espanol_uno_mas_adultos,adultos_ninguno_analfabeta,,0,0,11.93561888,32.85812825,3.272339318,44.12043985596403,EXCLUSION
2024-04,No Elegible,Vulnerabilidad Elevada,1.0,1.525552408,2.578385269,1.0,1.776038647,2.823478261,1.790108696,1.0,foten,3,average,jefatura_masculina,no,espanol_uno_mas_adultos,adultos_ninguno_analfabeta,0.0,0,0,13.7168894,26.18890898,3.139223567,39.50443631789602,EXCLUSION
2023-08,No Elegible,Vulnerabilidad Moderada,1.0,1.0,1.0,1.0,1.776038647,2.823478261,1.790108696,1.0,,5,average,jefatura_masculina,no,espanol_ningun_adulto,adultos_ninguno_analfabeta,0.0,0,0,0.0,26.18890898,2.730928248,25.34612370011462,EXCLUSION
2024-02,Elegible,Vulnerabilidad Severa,2.700708215,1.0,2.578385269,1.0,1.776038647,2.823478261,2.580217391,1.0,sotap,1,low,,,espanol_ningun_adulto,adultos_ninguno_analfabeta,0.0,0,0,20.97871872,32.12448674,3.521039349,52.74452349934838,INCLUSION
2024-01,Lista de Reserva,Vulnerabilidad Baja,1.0,1.0,3.251728045,1.0,1.0,1.498900966,1.0,1.043888889,sotap,3,low,jefatura_femenina,no,espanol_uno_mas_adultos,adultos_ninguno_analfabeta,0.0,-500,0,11.51832969,4.243121443,2.461278087,15.995574609596703,EXCLUSION
2023-12,Elegible,Vulnerabilidad Moderada,1.0,2.051104816,1.0,1.0,1.776038647,2.117608696,1.790108696,1.0,sotap,3,low,jefatura_masculina,no,espanol_uno_mas_adultos,adultos_ninguno_analfabeta,0.0,0,0,6.609317356,21.88512181,2.807542403,28.002848502865827,INCLUSION
2024-01,No Elegible,Vulnerabilidad Elevada,2.700708215,1.0,2.578385269,1.0,1.776038647,2.823478261,1.790108696,1.0,sotap,4,average,jefatura_masculina,no,espanol_uno_mas_adultos,adultos_ninguno_analfabeta,,0,0,20.97871872,26.18890898,3.355378326,46.99995856724294,EXCLUSION
2024-06,Lista de Reserva,Vulnerabilidad Moderada,1.0,1.0,1.0,1.0,1.776038647,2.823478261,2.580217391,1.0,sotap,6,average,jefatura_masculina,no,espanol_uno_mas_adultos,adultos_ninguno_analfabeta,,0,0,0.0,32.12448674,2.896589272,31.09068863222006,EXCLUSION
2024-03,No Elegible,Vulnerabilidad Baja,1.0,1.0,1.0,1.0,1.0,1.0,1.790108696,1.043888889,sotap,1,low,,,espanol_uno_mas_adultos,adultos_ninguno_analfabeta,,0,0,0.0,6.061858428,2.169185496,5.866781761928531,EXCLUSION
2024-01,No Elegible,Vulnerabilidad Moderada,2.700708215,1.525552408,1.249197356,1.0,1.776038647,1.0,1.790108696,1.0,foten,1,low,,,espanol_uno_mas_adultos,adultos_ninguno_analfabeta,,0,0,17.00620089,12.01413641,2.841517198,29.18098692703088,EXCLUSION
2023-09,No Elegible,Vulnerabilidad Severa,2.700708215,2.051104816,3.251728045,1.0,1.776038647,2.823478261,1.790108696,1.0,sotap,4,complete,jefatura_femenina,si,espanol_uno_mas_adultos,adultos_ninguno_analfabeta,0.0,0,0,35.61565687,26.18890898,3.791059708,62.10792802384809,EXCLUSION
2023-11,No Elegible,Vulnerabilidad Elevada,2.700708215,1.0,3.251728045,1.0,1.776038647,1.0,1.790108696,1.0,foten,1,low,,,espanol_uno_mas_adultos,adultos_uno_mas_analfabeta,,0,0,24.2379543,12.01413641,3.056776721,36.645465393518094,EXCLUSION
2023-10,No Elegible,Vulnerabilidad Elevada,1.0,1.0,2.578385269,1.0,1.776038647,1.498900966,2.580217391,1.043888889,sotap,4,average,jefatura_masculina,no,espanol_uno_mas_adultos,adultos_ninguno_analfabeta,-500.0,0,0,8.975915299,22.80125306,2.903555356,31.332255164513256,EXCLUSION
2024-04,Lista de Reserva,Vulnerabilidad Baja,1.0,1.0,1.0,1.0,1.776038647,1.498900966,1.0,1.0,sotap,1,low,,,espanol_ningun_adulto,adultos_ninguno_analfabeta,,0,0,0.0,9.93697889,2.277339487,9.61719697234091,EXCLUSION
2023-09,No Elegible,Vulnerabilidad Elevada,1.0,1.525552408,2.578385269,1.0,1.776038647,2.117608696,2.580217391,1.043888889,foten,1,low,,,espanol_uno_mas_adultos,adultos_ninguno_analfabeta,0.0,0,0,13.7168894,28.09152966,3.192325406,41.34582876179294,EXCLUSION
2024-05,Lista de Reserva,Vulnerabilidad Baja,1.0,1.0,1.0,1.0,1.0,2.117608696,1.0,1.0,sotap,1,low,,,espanol_uno_mas_adultos,adultos_ninguno_analfabeta,0.0,0,0,0.0,7.392265486,2.206316944,7.154374990395034,EXCLUSION
2024-05,No Elegible,Vulnerabilidad Baja,2.070141643,1.0,1.0,1.0,1.0,2.117608696,1.0,1.043888889,fupal,3,low,jefatura_femenina,no,espanol_uno_mas_adultos,adultos_ninguno_analfabeta,,0,0,6.702282231,7.858894815,2.418839839,14.523956096434295,EXCLUSION
2024-03,No Elegible,Vulnerabilidad Moderada,1.0,1.0,2.578385269,1.0,1.0,2.117608696,2.580217391,1.043888889,fupal,1,low,,,espanol_uno_mas_adultos,adultos_ninguno_analfabeta,,0,0,8.975915299,19.54126117,2.812569505,28.177173073525346,EXCLUSION
2024-05,Lista de Reserva,Vulnerabilidad Baja,2.070141643,1.0,1.0,1.0,1.776038647,1.498900966,1.790108696,1.043888889,sotap,3,average,jefatura_femenina,si,espanol_uno_mas_adultos,adultos_ninguno_analfabeta,,0,0,6.702282231,17.68003002,2.692946147,24.029037349402188,EXCLUSION
2023-12,No Elegible por Duplicidad,Vulnerabilidad Severa,2.700708215,2.051104816,2.578385269,1.564135978,1.0,2.117608696,1.0,2.544987923,sotap,2,complete,jefatura_femenina,si,espanol_uno_mas_adultos,adultos_ninguno_analfabeta,0.0,0,0,39.44321718,18.76190405,3.697703903,58.87066656783652,EXCLUSION
2024-02,Lista de Reserva,Vulnerabilidad Moderada,1.0,1.525552408,1.0,1.0,1.776038647,2.823478261,1.790108696,1.0,sotap,1,low,,,espanol_uno_mas_adultos,adultos_ninguno_analfabeta,0.0,0,0,3.741369748,26.18890898,2.842293421,29.20789446797501,EXCLUSION
2024-06,Lista de Reserva,Vulnerabilidad Baja,1.0,1.0,1.0,1.0,1.0,1.0,1.790108696,1.0,pcr_cdmx,1,low,,,espanol_ningun_adulto,adultos_uno_mas_analfabeta,,0,0,0.0,5.614422911,2.156697643,5.433745167301109,EXCLUSION
2023-07,Lista de Reserva,Vulnerabilidad Baja,1.0,1.0,2.578385269,1.0,1.776038647,1.498900966,1.0,1.0,sotap,4,average,jefatura_femenina,si,espanol_uno_mas_adultos,adultos_ninguno_analfabeta,0.0,0,0,8.975915299,9.93697889,2.544515527,18.88196620157803,EXCLUSION
2023-07,No Elegible,Vulnerabilidad Elevada,1.0,1.0,3.251728045,1.0,1.776038647,2.823478261,2.580217391,1.0,sotap,5,average,jefatura_femenina,si,espanol_uno_mas_adultos,adultos_ninguno_analfabeta,0.0,0,0,11.51832969,32.12448674,3.23944252,42.97968968997395,EXCLUSION
2023-09,No Elegible,Vulnerabilidad Baja,1.0,1.0,2.578385269,1.0,1.0,1.0,1.0,1.043888889,fusal,2,low,jefatura_masculina,no,espanol_uno_mas_adultos,adultos_ninguno_analfabeta,0.0,0,0,8.975915299,0.386821499,2.277972167,9.6391424255778,EXCLUSION
2023-08,No Elegible,Vulnerabilidad Baja,1.0,1.0,1.0,1.0,1.776038647,2.117608696,1.0,1.043888889,foten,2,average,jefatura_femenina,si,espanol_uno_mas_adultos,adultos_ninguno_analfabeta,,0,0,0.0,14.60519526,2.407628657,14.13518547133794,EXCLUSION
2023-10,Elegible,Vulnerabilidad Moderada,2.070141643,1.0,1.0,1.0,1.776038647,2.117608696,1.790108696,1.0,sotap,3,average,jefatura_masculina,no,espanol_uno_mas_adultos,adultos_ninguno_analfabeta,,0,0,6.702282231,21.88512181,2.810309585,28.0988050805082,INCLUSION
2024-06,No Elegible,Vulnerabilidad Moderada,1.0,1.525552408,1.0,1.0,1.776038647,2.117608696,1.790108696,1.0,sotap,1,low,,,espanol_ningun_adulto,adultos_uno_mas_analfabeta,,0,0,3.741369748,21.88512181,2.722175411,25.04260747289278,EXCLUSION
2023-07,No Elegible,Vulnerabilidad Baja,1.0,1.0,1.0,1.0,1.776038647,1.0,2.580217391,1.0,foten,3,average,jefatura_masculina,no,espanol_uno_mas_adultos,adultos_ninguno_analfabeta,,-500,0,0.0,16.59309681,2.46311067,16.059114361557388,EXCLUSION
2023-10,No Elegible,Vulnerabilidad Baja,1.0,1.0,1.0,1.0,1.0,2.117608696,2.580217391,1.0,foten,1,low,,,espanol_uno_mas_adultos,adultos_ninguno_analfabeta,0.0,0,0,0.0,18.94985465,2.528887403,18.340029377508348,EXCLUSION
2024-01,No Elegible,Vulnerabilidad Elevada,1.0,2.051104816,1.0,1.0,1.776038647,2.117608696,2.580217391,1.0,sotap,3,average,jefatura_masculina,no,espanol_uno_mas_adultos,adultos_ninguno_analfabeta,0.0,0,0,6.609317356,27.40879931,2.961707356,33.34876853723833,EXCLUSION
2024-02,Elegible,Vulnerabilidad Baja,1.0,1.0,1.0,1.0,1.776038647,2.117608696,1.790108696,1.0,sotap,1,low,,,espanol_ningun_adulto,adultos_ninguno_analfabeta,,0,0,0.0,21.88512181,2.610810239,21.18083670503239,INCLUSION
2024-04,Lista de Reserva,Vulnerabilidad Elevada,2.070141643,1.0,2.578385269,1.0,1.776038647,2.823478261,2.580217391,1.043888889,sotap,1,low,,,espanol_uno_mas_adultos,adultos_uno_mas_analfabeta,,0,0,17.46888676,32.85812825,3.43704192,49.83177382961031,EXCLUSION
